section	offset	size	unit	scope	name	demangled
.text	0x00000000	0xB0	Tools/db_light.cpp	local	SetToolLight__Fi	SetToolLight
.text	0x000000B0	0x224	Tools/db_light.cpp	global	__10cLightTool	cLightTool::cLightTool
.text	0x000002D4	0x70	Tools/db_light.cpp	global	_._10cLightTool	cLightTool::~cLightTool
.text	0x00000344	0x7A4	Tools/db_light.cpp	global	move__10cLightTool	cLightTool::move
.text	0x00000AE8	0xC	Tools/db_light.cpp	global	dblCk__10cLightToolUl	cLightTool::dblCk
.text	0x00000AF4	0x78	Tools/db_light.cpp	global	editEnable__10cLightTool	cLightTool::editEnable
.text	0x00000B6C	0x158	Tools/db_light.cpp	global	updateLit__10cLightTool	cLightTool::updateLit
.text	0x00000CC4	0x158	Tools/db_light.cpp	local	menu__Fv	menu
.text	0x00000E1C	0x40	Tools/db_light.cpp	local	edit__Fv	edit
.text	0x00000E5C	0x188	Tools/db_light.cpp	local	edit_menu__Fv	edit_menu
.text	0x00000FE4	0x2DC	Tools/db_light.cpp	local	edit_cutsel__Fv	edit_cutsel
.text	0x000012C0	0x364	Tools/db_light.cpp	local	edit_cutsel_main__Fv	edit_cutsel_main
.text	0x00001624	0x2F0	Tools/db_light.cpp	local	edit_cutsel_sub__Fv	edit_cutsel_sub
.text	0x00001914	0x8C	Tools/db_light.cpp	global	lightCopyCut__Fi	lightCopyCut
.text	0x000019A0	0x94	Tools/db_light.cpp	global	lightPasteCut__Fi	lightPasteCut
.text	0x00001A34	0x84	Tools/db_light.cpp	global	lightPasteAmbient__Fi	lightPasteAmbient
.text	0x00001AB8	0xA8	Tools/db_light.cpp	global	lightPasteFog__Fi	lightPasteFog
.text	0x00001B60	0xA8	Tools/db_light.cpp	global	lightPasteMFog__Fi	lightPasteMFog
.text	0x00001C08	0x8	Tools/db_light.cpp	global	lightPasteShadow__Fi	lightPasteShadow
.text	0x00001C10	0x8C	Tools/db_light.cpp	global	lightPasteFocus__Fi	lightPasteFocus
.text	0x00001C9C	0x84	Tools/db_light.cpp	global	lightPasteBlur__Fi	lightPasteBlur
.text	0x00001D20	0xA8	Tools/db_light.cpp	global	lightPasteTune__Fi	lightPasteTune
.text	0x00001DC8	0xE8	Tools/db_light.cpp	global	lightPasteScale__Fi	lightPasteScale
.text	0x00001EB0	0x100	Tools/db_light.cpp	global	lightPasteCutAll__Fi	lightPasteCutAll
.text	0x00001FB0	0xE0	Tools/db_light.cpp	global	lightPasteCutAll2__Fi	lightPasteCutAll2
.text	0x00002090	0x58	Tools/db_light.cpp	global	copyCut__FP9cLightEnv	copyCut
.text	0x000020E8	0x44	Tools/db_light.cpp	local	edit_light__Fv	edit_light
.text	0x0000212C	0x334	Tools/db_light.cpp	local	edit_light_select__Fv	edit_light_select
.text	0x00002460	0x5A4	Tools/db_light.cpp	local	edit_light_select_sub__Fv	edit_light_select_sub
.text	0x00002A04	0x22C	Tools/db_light.cpp	global	lightCopyWork__FP6cLightT0	lightCopyWork
.text	0x00002C30	0x490	Tools/db_light.cpp	global	lightCutWork__Fi	lightCutWork
.text	0x000030C0	0x488	Tools/db_light.cpp	global	lightInsertWork__Fi	lightInsertWork
.text	0x00003548	0x9C	Tools/db_light.cpp	local	edit_light_no__Fv	edit_light_no
.text	0x000035E4	0x178	Tools/db_light.cpp	local	edit_light_id__Fv	edit_light_id
.text	0x0000375C	0xD4	Tools/db_light.cpp	local	edit_light_id_normal__Fv	edit_light_id_normal
.text	0x00003830	0x1F0	Tools/db_light.cpp	local	edit_light_id_flick__Fv	edit_light_id_flick
.text	0x00003A20	0x294	Tools/db_light.cpp	local	edit_light_id_wave__Fv	edit_light_id_wave
.text	0x00003CB4	0x334	Tools/db_light.cpp	local	edit_light_id_round__Fv	edit_light_id_round
.text	0x00003FE8	0x590	Tools/db_light.cpp	local	edit_light_id_shadow__Fv	edit_light_id_shadow
.text	0x00004578	0x3B0	Tools/db_light.cpp	local	edit_light_id_path__Fv	edit_light_id_path
.text	0x00004928	0x278	Tools/db_light.cpp	local	edit_light_id_fade__Fv	edit_light_id_fade
.text	0x00004BA0	0x334	Tools/db_light.cpp	local	edit_light_id_shine__Fv	edit_light_id_shine
.text	0x00004ED4	0x4	Tools/db_light.cpp	local	edit_light_id_spotlock__Fv	edit_light_id_spotlock
.text	0x00004ED8	0x3BC	Tools/db_light.cpp	local	edit_light_eid__Fv	edit_light_eid
.text	0x00005294	0x770	Tools/db_light.cpp	local	edit_light_parent__Fv	edit_light_parent
.text	0x00005A04	0xC0	Tools/db_light.cpp	global	posTranslate__FP6cLightUcUl	posTranslate
.text	0x00005AC4	0x2BC	Tools/db_light.cpp	local	edit_light_pos__Fv	edit_light_pos
.text	0x00005D80	0x390	Tools/db_light.cpp	local	edit_light_radius__Fv	edit_light_radius
.text	0x00006110	0xB0	Tools/db_light.cpp	local	edit_light_color__Fv	edit_light_color
.text	0x000061C0	0x1EC	Tools/db_light.cpp	local	edit_light_intensity__Fv	edit_light_intensity
.text	0x000063AC	0xD4	Tools/db_light.cpp	local	edit_light_type__Fv	edit_light_type
.text	0x00006480	0xC0	Tools/db_light.cpp	global	edit_light_type_shadow__Fv	edit_light_type_shadow
.text	0x00006540	0x154	Tools/db_light.cpp	global	shadow_select_type__Fv	shadow_select_type
.text	0x00006694	0x704	Tools/db_light.cpp	local	edit_light_type_shadow_fit__Fv	edit_light_type_shadow_fit
.text	0x00006D98	0x704	Tools/db_light.cpp	local	edit_light_type_shadow_parallel__Fv	edit_light_type_shadow_parallel
.text	0x0000749C	0x418	Tools/db_light.cpp	local	edit_light_type_shadow_fix__Fv	edit_light_type_shadow_fix
.text	0x000078B4	0x140	Tools/db_light.cpp	local	edit_light_kind__Fv	edit_light_kind
.text	0x000079F4	0x268	Tools/db_light.cpp	local	edit_light_attr__Fv	edit_light_attr
.text	0x00007C5C	0x130	Tools/db_light.cpp	local	edit_light_priority__Fv	edit_light_priority
.text	0x00007D8C	0x174	Tools/db_light.cpp	global	select_type__Fv	select_type
.text	0x00007F00	0x238	Tools/db_light.cpp	local	edit_light_type_constant__Fv	edit_light_type_constant
.text	0x00008138	0x1EC	Tools/db_light.cpp	local	edit_light_type_quad__Fv	edit_light_type_quad
.text	0x00008324	0x4F4	Tools/db_light.cpp	local	edit_light_type_spotlight__Fv	edit_light_type_spotlight
.text	0x00008818	0x714	Tools/db_light.cpp	local	edit_light_type_direct__Fv	edit_light_type_direct
.text	0x00008F2C	0x1EC	Tools/db_light.cpp	local	edit_light_type_localamb__Fv	edit_light_type_localamb
.text	0x00009118	0x40	Tools/db_light.cpp	global	func_attn__FP6cLightf	func_attn
.text	0x00009158	0x554	Tools/db_light.cpp	global	draw_light_graph__FP6cLight	draw_light_graph
.text	0x000096AC	0x534	Tools/db_light.cpp	local	edit_light_type_parallel__Fv	edit_light_type_parallel
.text	0x00009BE0	0x4	Tools/db_light.cpp	local	edit_light_prop_sub__Fv	edit_light_prop_sub
.text	0x00009BE4	0x48C	Tools/db_light.cpp	local	edit_ambient__Fv	edit_ambient
.text	0x0000A070	0x64	Tools/db_light.cpp	local	edit_fog__Fv	edit_fog
.text	0x0000A0D4	0x64	Tools/db_light.cpp	local	edit_mirror_fog__Fv	edit_mirror_fog
.text	0x0000A138	0x424	Tools/db_light.cpp	global	edit_fog_common__FP8LightFog	edit_fog_common
.text	0x0000A55C	0x2FC	Tools/db_light.cpp	local	edit_focus__Fv	edit_focus
.text	0x0000A858	0x2F8	Tools/db_light.cpp	global	draw_tone_curve__Fv	draw_tone_curve
.text	0x0000AB50	0x6C4	Tools/db_light.cpp	local	edit_blur__Fv	edit_blur
.text	0x0000B214	0x40C	Tools/db_light.cpp	local	edit_mipmap__Fv	edit_mipmap
.text	0x0000B620	0x4C0	Tools/db_light.cpp	local	edit_tune__Fv	edit_tune
.text	0x0000BAE0	0x28C	Tools/db_light.cpp	local	edit_scale__Fv	edit_scale
.text	0x0000BD6C	0x198	Tools/db_light.cpp	local	edit_param__Fv	edit_param
.text	0x0000BF04	0x5C8	Tools/db_light.cpp	local	edit_wind__Fv	edit_wind
.text	0x0000C4CC	0x18C	Tools/db_light.cpp	local	path__Fv	path
.text	0x0000C658	0xF20	Tools/db_light.cpp	local	load__Fv	load
.text	0x0000D578	0xE44	Tools/db_light.cpp	local	save__Fv	save
.text	0x0000E3BC	0x898	Tools/db_light.cpp	local	option__Fv	option
.text	0x0000EC54	0x1C8	Tools/db_light.cpp	local	quit__Fv	quit
.text	0x0000EE1C	0x5CC	Tools/db_light.cpp	global	printEditTable__Fv	printEditTable
.text	0x0000F3E8	0x54	Tools/db_light.cpp	global	printCursor__10cLightToolii	cLightTool::printCursor
.text	0x0000F43C	0x1E0	Tools/db_light.cpp	global	DrawTile__FiiiiP7GXColor	DrawTile
.text	0x0000F61C	0x18	Tools/db_light.cpp	global	clearWork__10cLightTool	cLightTool::clearWork
.text	0x0000F634	0x1C	Tools/db_light.cpp	global	clearSubMenu__10cLightTool	cLightTool::clearSubMenu
.text	0x0000F650	0x30	Tools/db_light.cpp	global	__6cDbLit	cDbLit::cDbLit
.text	0x0000F680	0xA0	Tools/db_light.cpp	global	size__6cDbLit	cDbLit::size
.text	0x0000F720	0x10	Tools/db_light.cpp	global	getCut__6cDbLitUs	cDbLit::getCut
.text	0x0000F730	0x8C	Tools/db_light.cpp	global	LitLoadWork__FP6cDbLiti	LitLoadWork
.text	0x0000F7BC	0x134	Tools/db_light.cpp	global	LitSaveWork__FP6cDbLiti	LitSaveWork
.text	0x0000F8F0	0xA8	Tools/db_light.cpp	global	fileLoad__6cDbLitPCc	cDbLit::fileLoad
.text	0x0000F998	0x138	Tools/db_light.cpp	global	init__6cDbLitP4cLit	cDbLit::init
.text	0x0000FAD0	0x58	Tools/db_light.cpp	global	preEventSave__6cDbLit	cDbLit::preEventSave
.text	0x0000FB28	0x90	Tools/db_light.cpp	global	fileSave__6cDbLitPCc	cDbLit::fileSave
.text	0x0000FBB8	0x1B0	Tools/db_light.cpp	global	createLit__6cDbLitP4cLit	cDbLit::createLit
.text	0x0000FD68	0x9A0	Tools/db_light.cpp	global	editColor__FiiP7GXColor	editColor
.text	0x00010708	0x8C	Tools/db_light.cpp	global	strFogType__Fi	strFogType
.text	0x00010794	0x70	Tools/db_light.cpp	global	fogTypeNext__Fi	fogTypeNext
.text	0x00010804	0x70	Tools/db_light.cpp	global	fogTypeBack__Fi	fogTypeBack
.text	0x00010874	0xF0	Tools/db_light.cpp	global	initLightWork__FP6cLight	initLightWork
.text	0x00010964	0x84	Tools/db_light.cpp	global	clear_move_free__Fv	clear_move_free
.text	0x000109E8	0x68	Tools/db_light.cpp	global	clear_type_free__Fv	clear_type_free
.text	0x00010A50	0x8C	Tools/db_light.cpp	global	getCutNo__Fv	getCutNo
.text	0x00010ADC	0x184	Tools/db_light.cpp	global	drawLightInfo_SpotShadow__FP6cLightUl	drawLightInfo_SpotShadow
.text	0x00010C60	0x17C	Tools/db_light.cpp	global	drawLightInfo__FP6cLightUl	drawLightInfo
.text	0x00010DDC	0x518	Tools/db_light.cpp	global	pathSelect__FiiUcUci	pathSelect
.text	0x000112F4	0x428	Tools/db_light.cpp	global	pathEdit__FiiUcUci	pathEdit
.text	0x0001171C	0x2A0	Tools/db_light.cpp	global	drawPath__FiiP14cLightPathDataUcUl	drawPath
.text	0x000119BC	0x21C	Tools/db_light.cpp	global	lightAnalysis__10cLightTool	cLightTool::lightAnalysis
.text	0x00011BD8	0x168	Tools/db_light.cpp	global	__12cLitPathTool	cLitPathTool::cLitPathTool
.text	0x00011D40	0x28	Tools/db_light.cpp	global	_._12cLitPathTool	cLitPathTool::~cLitPathTool
.text	0x00011D68	0xD4	Tools/db_light.cpp	global	expand__12cLitPathToolP16cLightPathHeader	cLitPathTool::expand
.text	0x00011E3C	0xBC	Tools/db_light.cpp	global	createPath__12cLitPathToolP16cLightPathHeader	cLitPathTool::createPath
.text	0x00011EF8	0xBC	Tools/db_light.cpp	global	countActiveWork__t8cManager1Z6cLight	cManager<cLight>::countActiveWork
.text	0x00011FB4	0x158	Tools/db_light.cpp	global	cManager_cLight_create	cManager<cLight>::create
.text	0x0001210C	0x138	Tools/db_light.cpp	global	cManager_cLight_create_1210C	cManager<cLight>::create
.text	0x00012244	0x14	Tools/db_light.cpp	global	init__t9cVarRange1ZUcRCUcT1	cVarRange<unsigned char>::init
.text	0x00012258	0x34	Tools/db_light.cpp	global	limitUpper__t8cVarLoop1ZUci	cVarLoop<unsigned char>::limitUpper
.text	0x0001228C	0x34	Tools/db_light.cpp	global	limitLower__t8cVarLoop1ZUci	cVarLoop<unsigned char>::limitLower
.text	0x000122C0	0x68	Tools/db_light.cpp	global	__t8cVarLoop1ZUcRCUcN21	cVarLoop<unsigned char>::cVarLoop
.text	0x00012328	0x14	Tools/db_light.cpp	global	__eq__t9cVarRange1ZUci	cVarRange<unsigned char>::operator==
.text	0x0001233C	0x50	Tools/db_light.cpp	global	__mm__t9cVarRange1ZUci	cVarRange<unsigned char>::operator--
.text	0x0001238C	0x50	Tools/db_light.cpp	global	__pp__t9cVarRange1ZUci	cVarRange<unsigned char>::operator++
.text	0x000123DC	0x8	Tools/db_light.cpp	global	__opi__t9cVarRange1ZUc	cVarRange<unsigned char>::operator int
.text	0x000123E4	0x80	Tools/db_light.cpp	global	destroyAll__t8cManager1Z6cLight	cManager<cLight>::destroyAll
.text	0x00012464	0x48	Tools/db_light.cpp	global	_._5cUnit	cUnit::~cUnit
.text	0x000124AC	0x4	Tools/db_light.cpp	global	beginEvent__5cUnit	cUnit::beginEvent
.text	0x000124B0	0x4	Tools/db_light.cpp	global	endEvent__5cUnit	cUnit::endEvent
.text	0x000124B4	0x4	Tools/db_light.cpp	global	__dl__5cUnitPvUi	cUnit::operator delete
.text	0x000124B8	0x18	Tools/db_mod.cpp	global	dbModSetViewFlag	dbModSetViewFlag
.text	0x000124D0	0x10	Tools/db_mod.cpp	global	dbModGetViewFlag	dbModGetViewFlag
.text	0x000124E0	0x18	Tools/db_mod.cpp	global	dbModUnsetViewFlag	dbModUnsetViewFlag
.text	0x000124F8	0x168	Tools/db_mod.cpp	global	init_dbEm	init_dbEm
.text	0x00012660	0x4	Tools/db_mod.cpp	global	dbmodFilePath	dbmodFilePath
.text	0x00012664	0x144	Tools/db_mod.cpp	global	dbModelInit	dbModelInit
.text	0x000127A8	0x100	Tools/db_mod.cpp	global	dbModelQuit	dbModelQuit
.text	0x000128A8	0x64	Tools/db_mod.cpp	global	dbmodGetLabel	dbmodGetLabel
.text	0x0001290C	0x344	Tools/db_mod.cpp	global	dbmodGetSet	dbmodGetSet
.text	0x00012C50	0x48	Tools/db_mod.cpp	global	DB_MODEL_FILES_init	DB_MODEL_FILES::init
.text	0x00012C98	0xC8	Tools/db_mod.cpp	global	DB_MODEL_FILES_set	DB_MODEL_FILES::set
.text	0x00012D60	0x15C	Tools/db_mod.cpp	global	DB_MODEL_FILES_read	DB_MODEL_FILES::read
.text	0x00012EBC	0x98	Tools/db_mod.cpp	global	DB_MODEL_FILES_set_12EBC	DB_MODEL_FILES::set
.text	0x00012F54	0x78C	Tools/db_mod.cpp	global	dbmodGetFilenames	dbmodGetFilenames
.text	0x000136E0	0x73C	Tools/db_mod.cpp	global	dbModel	dbModel
.text	0x00013E1C	0x348	Tools/db_mod.cpp	local	dbmod_no	dbmod_no
.text	0x00014164	0x918	Tools/db_mod.cpp	local	dbmod_model	dbmod_model
.text	0x00014A7C	0x648	Tools/db_mod.cpp	global	dbmodDispModelName	dbmodDispModelName
.text	0x000150C4	0x848	Tools/db_mod.cpp	local	dbmod_motion	dbmod_motion
.text	0x0001590C	0x11DC	Tools/db_mod.cpp	local	dbmod_locate	dbmod_locate
.text	0x00016AE8	0x2AC	Tools/db_mod.cpp	local	dbmod_trans	dbmod_trans
.text	0x00016D94	0x1C0	Tools/db_mod.cpp	local	dbmod_loop	dbmod_loop
.text	0x00016F54	0x1B0	Tools/db_mod.cpp	local	dbmod_play	dbmod_play
.text	0x00017104	0x1C0	Tools/db_mod.cpp	local	dbmod_flip	dbmod_flip
.text	0x000172C4	0x5D8	Tools/db_mod.cpp	local	dbmod_blend	dbmod_blend
.text	0x0001789C	0x2C	Tools/db_mod.cpp	local	dbmod_except	dbmod_except
.text	0x000178C8	0x4C4	Tools/db_mod.cpp	local	dbmod_light	dbmod_light
.text	0x00017D8C	0x590	Tools/db_mod.cpp	local	dbmod_option	dbmod_option
.text	0x0001831C	0x2D4	Tools/db_mod.cpp	local	dbmod_scale	dbmod_scale
.text	0x000185F0	0x4E0	Tools/db_mod.cpp	global	drawOrientation	drawOrientation
.text	0x00018AD0	0x638	Tools/db_mod.cpp	local	dbmod_p_info	dbmod_p_info
.text	0x00019108	0x1C	Tools/db_mod.cpp	local	dbmod_null	dbmod_null
.text	0x00019124	0x334	Tools/db_mod.cpp	global	dbmodInfoDisp	dbmodInfoDisp
.text	0x00019458	0x74	Tools/db_mod.cpp	global	dbModMotionSetSeq	dbModMotionSetSeq
.text	0x000194CC	0xA4	Tools/db_mod.cpp	global	dbModPlayMode	dbModPlayMode
.text	0x00019570	0xA54	Tools/db_mod.cpp	global	dbModMotionMove	dbModMotionMove
.text	0x00019FC4	0x38	Tools/db_mod.cpp	global	dbModGetMotFilename	dbModGetMotFilename
.text	0x00019FFC	0x78	Tools/db_mod.cpp	global	mottblInit	mottblInit
.text	0x0001A074	0x64	Tools/db_mod.cpp	global	mottblGetLine	mottblGetLine
.text	0x0001A0D8	0x8C	Tools/db_mod.cpp	global	mottblNextLine	mottblNextLine
.text	0x0001A164	0x180	Tools/db_mod.cpp	global	mottblUnitCount	mottblUnitCount
.text	0x0001A2E4	0x1CC	Tools/db_mod.cpp	global	mottblUnitNum	mottblUnitNum
.text	0x0001A4B0	0x1BC	Tools/db_mod.cpp	global	mottblUnitPtr	mottblUnitPtr
.text	0x0001A66C	0x48	Tools/db_mod.cpp	global	dbmodSkipPath	dbmodSkipPath
.text	0x0001A6B4	0x128	Tools/db_mod.cpp	global	dbmodSetLight	dbmodSetLight
.text	0x0001A7DC	0x130	Tools/db_mod.cpp	global	DB_EM_setLight	DB_EM::setLight
.text	0x0001A90C	0xCC	Tools/db_mod.cpp	global	DB_EM_loadModelSet	DB_EM::loadModelSet
.text	0x0001A9D8	0x1B0	Tools/db_mod.cpp	global	DB_EM_loadModel	DB_EM::loadModel
.text	0x0001AB88	0x9C	Tools/db_mod.cpp	global	model_usage	model_usage
.text	0x0001AC24	0x15C	Tools/db_mod.cpp	global	motion_usage	motion_usage
.text	0x0001AD80	0xDC	Tools/db_mod.cpp	global	blend_usage	blend_usage
.text	0x0001AE5C	0x2F0	Tools/db_mod.cpp	global	position_usage	position_usage
.text	0x0001B14C	0x13C	Tools/db_mod.cpp	global	rotation_usage	rotation_usage
.text	0x0001B288	0xDC	Tools/db_mod.cpp	global	scale_usage	scale_usage
.text	0x0001B364	0x78	Tools/db_mod.cpp	global	DB_EM_loadMotionSet	DB_EM::loadMotionSet
.text	0x0001B3DC	0x23C	Tools/db_mod.cpp	global	DB_EM_loadMotion	DB_EM::loadMotion
.text	0x0001B618	0xE8	Tools/db_mod.cpp	global	DB_EM_IKreport	DB_EM::IKreport
.text	0x0001B700	0x74	Tools/db_mod.cpp	global	dbModelSetCamera	dbModelSetCamera
.text	0x0001B774	0x3B8	Tools/db_mod.cpp	global	fn_Tools_1B774	.
.text	0x0001BB2C	0xBC	Tools/db_mod.cpp	global	cManager_cEm_countActiveWork	cManager<cEm>::countActiveWork
.text	0x0001BBE8	0x158	Tools/db_mod.cpp	global	cManager_cEm_create	cManager<cEm>::create
.text	0x0001BD40	0xC4	Tools/db_mod.cpp	global	__static_initialization_and_destruction_0	__static_initialization_and_destruction_0
.text	0x0001BE04	0x2C	Tools/db_mod.cpp	local	global_constructors_keyed_to_dbModSetViewFlag	global constructors keyed to dbModSetViewFlag
.text	0x0001BE30	0x6C	Tools/db_toolbase.cpp	global	MakeCol	MakeCol
.text	0x0001BE9C	0x15C	Tools/db_toolbase.cpp	global	DbgDrawBox	DbgDrawBox
.text	0x0001BFF8	0x5C	Tools/db_toolbase.cpp	global	DbgDrawBoxFill	DbgDrawBoxFill
.text	0x0001C054	0x1BC	Tools/db_toolbase.cpp	global	cDbgWindow_AddButton	cDbgWindow::AddButton
.text	0x0001C210	0x60	Tools/db_toolbase.cpp	global	cDbgWindow_FindButton	cDbgWindow::FindButton
.text	0x0001C270	0x188	Tools/db_toolbase.cpp	global	cDbgWindow_LocalUpdate	cDbgWindow::LocalUpdate
.text	0x0001C3F8	0x1E4	Tools/db_toolbase.cpp	global	cDbgWindow_LocalDisp	cDbgWindow::LocalDisp
.text	0x0001C5DC	0x50	Tools/db_toolbase.cpp	global	cDbgButton_dt_cDbgButton	cDbgButton::~cDbgButton
.text	0x0001C62C	0x70	Tools/db_toolbase.cpp	global	cDbgWindow_Init	cDbgWindow::Init
.text	0x0001C69C	0xA4	Tools/db_toolbase.cpp	global	cDbgWindow_dt_cDbgWindow	cDbgWindow::~cDbgWindow
.text	0x0001C740	0x18	Tools/db_toolbase.cpp	global	cDbgWindow_GetCx	cDbgWindow::GetCx
.text	0x0001C758	0x18	Tools/db_toolbase.cpp	global	cDbgWindow_GetCy	cDbgWindow::GetCy
.text	0x0001C770	0xC	Tools/db_toolbase.cpp	global	cDbgWindow_SetCurrentTopButton	cDbgWindow::SetCurrentTopButton
.text	0x0001C77C	0xC	Tools/db_toolbase.cpp	global	cDbgWindow_SetCurrentBottomButton	cDbgWindow::SetCurrentBottomButton
.text	0x0001C788	0x70	Tools/db_toolbase.cpp	global	cDbgWindow_ButtonAllUpdate	cDbgWindow::ButtonAllUpdate
.text	0x0001C7F8	0x50	Tools/db_toolbase.cpp	global	cDbgButtonBase_dt_cDbgButtonBase	cDbgButtonBase::~cDbgButtonBase
.text	0x0001C848	0x34	Tools/db_toolbase.cpp	global	cDbgWindowBase_dt_cDbgWindowBase	cDbgWindowBase::~cDbgWindowBase
.text	0x0001C87C	0x8	Tools/db_toolbase.cpp	global	cDbgWindowBase_GetCx	cDbgWindowBase::GetCx
.text	0x0001C884	0x8	Tools/db_toolbase.cpp	global	cDbgWindowBase_GetCy	cDbgWindowBase::GetCy
.text	0x0001C88C	0x4	Tools/db_toolbase.cpp	global	cDbgWindowBase_SetCurrentBottomButton	cDbgWindowBase::SetCurrentBottomButton
.text	0x0001C890	0x2D8	Tools/t_atari.cpp	global	ToolAtari__Fv	ToolAtari
.text	0x0001CB68	0xA0	Tools/t_atari.cpp	global	init	init
.text	0x0001CC08	0x104	Tools/t_atari.cpp	local	menu_1CC08	menu
.text	0x0001CD0C	0x7CC	Tools/t_atari.cpp	local	edit_1CD0C	edit
.text	0x0001D4D8	0x64	Tools/t_atari.cpp	local	wk_edit	wk_edit
.text	0x0001D53C	0x80	Tools/t_atari.cpp	local	plmove	plmove
.text	0x0001D5BC	0x20	Tools/t_atari.cpp	local	plmove00	plmove00
.text	0x0001D5DC	0x294	Tools/t_atari.cpp	local	plmove10	plmove10
.text	0x0001D870	0x194	Tools/t_atari.cpp	local	hitcheck	hitcheck
.text	0x0001DA04	0x4	Tools/t_atari.cpp	local	load_1DA04	load
.text	0x0001DA08	0x4	Tools/t_atari.cpp	local	save_1DA08	save
.text	0x0001DA0C	0x7C	Tools/t_atari.cpp	local	option_1DA0C	option
.text	0x0001DA88	0x4C	Tools/t_atari.cpp	local	quit_1DA88	quit
.text	0x0001DAD4	0x4	Tools/t_atari.cpp	global	draw_pl_pos	draw_pl_pos
.text	0x0001DAD8	0x20	Tools/t_atari.cpp	global	set_at	set_at
.text	0x0001DAF8	0x40	Tools/t_atari.cpp	global	clear_pad	clear_pad
.text	0x0001DB38	0x3B8	Tools/t_atari.cpp	global	fn_Tools_1DB38	.
.text	0x0001DEF0	0x138	Tools/t_atari.cpp	global	__static_initialization_and_destruction_0_1DEF0	__static_initialization_and_destruction_0
.text	0x0001E028	0x8	Tools/t_atari.cpp	global	fn_Tools_1E028	.
.text	0x0001E030	0x20	Tools/t_atari.cpp	global	cSat_dt_cSat	cSat::~cSat
.text	0x0001E050	0x4C	Tools/t_atari.cpp	global	fn_Tools_1E050	.
.text	0x0001E09C	0x2C	Tools/t_atari.cpp	local	global_constructors_keyed_to_ToolAtari	global constructors keyed to ToolAtari
.text	0x0001E0C8	0x2C	Tools/t_atari.cpp	local	global_destructors_keyed_to_ToolAtari	global destructors keyed to ToolAtari
.text	0x0001E0F4	0x5C	Tools/t_cons.cpp	global	ToolCons__Fv	ToolCons
.text	0x0001E150	0x160	Tools/t_cons.cpp	global	toolInit	toolInit
.text	0x0001E2B0	0x19C	Tools/t_cons.cpp	global	ConsMove	ConsMove
.text	0x0001E44C	0x128	Tools/t_cons.cpp	local	soft_menu	soft_menu
.text	0x0001E574	0x80	Tools/t_cons.cpp	local	soft_room	soft_room
.text	0x0001E5F4	0x74	Tools/t_cons.cpp	local	soft_core	soft_core
.text	0x0001E668	0x35C	Tools/t_cons.cpp	global	cons_edit	cons_edit
.text	0x0001E9C4	0x1B4	Tools/t_cons.cpp	local	soft_save	soft_save
.text	0x0001EB78	0x100	Tools/t_cons.cpp	global	save_main	save_main
.text	0x0001EC78	0x194	Tools/t_cons.cpp	local	quit_1EC78	quit
.text	0x0001EE0C	0x50	Tools/t_cons.cpp	global	printCursor	printCursor
.text	0x0001EE5C	0x54	Tools/t_cons.cpp	global	clearWork	clearWork
.text	0x0001EEB0	0xEC	Tools/t_cons.cpp	global	read_main	read_main
.text	0x0001EF9C	0x3B8	Tools/t_cons.cpp	global	fn_Tools_1EF9C	.
.text	0x0001F354	0x188	Tools/t_dr.cpp	local	tDrExit	tDrExit
.text	0x0001F4DC	0xDC	Tools/t_dr.cpp	local	tDrMainMenu	tDrMainMenu
.text	0x0001F5B8	0xA8	Tools/t_dr.cpp	local	tDrArea	tDrArea
.text	0x0001F660	0x200	Tools/t_dr.cpp	local	tDrArea_ListDisp	tDrArea_ListDisp
.text	0x0001F860	0x114	Tools/t_dr.cpp	global	dispAreaList1	dispAreaList1
.text	0x0001F974	0x54	Tools/t_dr.cpp	local	tDrArea_Menu	tDrArea_Menu
.text	0x0001F9C8	0xA0	Tools/t_dr.cpp	local	tDrArea_Menu_filelist	tDrArea_Menu_filelist
.text	0x0001FA68	0x260	Tools/t_dr.cpp	local	tDrArea_Menu_main	tDrArea_Menu_main
.text	0x0001FCC8	0x8C	Tools/t_dr.cpp	local	tDrArea_Create	tDrArea_Create
.text	0x0001FD54	0x34	Tools/t_dr.cpp	local	tDrArea_Delete	tDrArea_Delete
.text	0x0001FD88	0xD4	Tools/t_dr.cpp	local	tDrArea_Move	tDrArea_Move
.text	0x0001FE5C	0x78	Tools/t_dr.cpp	global	tDr_getFilename	tDr_getFilename
.text	0x0001FED4	0x528	Tools/t_dr.cpp	local	tDrDataLoad	tDrDataLoad
.text	0x000203FC	0x340	Tools/t_dr.cpp	local	tDrDataSave	tDrDataSave
.text	0x0002073C	0x260	Tools/t_dr.cpp	global	tDrSaveDataCreate	tDrSaveDataCreate
.text	0x0002099C	0x3B8	Tools/t_dr.cpp	global	fn_Tools_2099C	.
.text	0x00020D54	0xB8	Tools/t_eminfo.cpp	global	ToolEmInfo__Fv	ToolEmInfo
.text	0x00020E0C	0x140	Tools/t_eminfo.cpp	global	eminfoInit	eminfoInit
.text	0x00020F4C	0x70	Tools/t_eminfo.cpp	global	eminfoExit	eminfoExit
.text	0x00020FBC	0x1B0	Tools/t_eminfo.cpp	local	eminfo_r0_menu	eminfo_r0_menu
.text	0x0002116C	0x1CC	Tools/t_eminfo.cpp	local	eminfo_r0_clear	eminfo_r0_clear
.text	0x00021338	0x1BC	Tools/t_eminfo.cpp	local	eminfo_r0_save	eminfo_r0_save
.text	0x000214F4	0x1BC	Tools/t_eminfo.cpp	local	eminfo_r0_load	eminfo_r0_load
.text	0x000216B0	0x1C8	Tools/t_eminfo.cpp	local	eminfo_r0_move	eminfo_r0_move
.text	0x00021878	0x1F0	Tools/t_eminfo.cpp	local	eminfo_r0_catch	eminfo_r0_catch
.text	0x00021A68	0x34	Tools/t_eminfo.cpp	local	Detail00Update	Detail00Update
.text	0x00021A9C	0x260	Tools/t_eminfo.cpp	local	Detail01UpdateSel	Detail01UpdateSel
.text	0x00021CFC	0x300	Tools/t_eminfo.cpp	global	Detail01UpdateWorkType	Detail01UpdateWorkType
.text	0x00021FFC	0x170	Tools/t_eminfo.cpp	global	Detail01UpdatePosX	Detail01UpdatePosX
.text	0x0002216C	0x170	Tools/t_eminfo.cpp	global	Detail01UpdatePosY	Detail01UpdatePosY
.text	0x000222DC	0x170	Tools/t_eminfo.cpp	global	Detail01UpdatePosZ	Detail01UpdatePosZ
.text	0x0002244C	0x17C	Tools/t_eminfo.cpp	global	Detail01UpdateDir	Detail01UpdateDir
.text	0x000225C8	0x154	Tools/t_eminfo.cpp	global	Detail01UpdateWork0	Detail01UpdateWork0
.text	0x0002271C	0x154	Tools/t_eminfo.cpp	global	Detail01UpdateWork1	Detail01UpdateWork1
.text	0x00022870	0x154	Tools/t_eminfo.cpp	global	Detail01UpdateWork2	Detail01UpdateWork2
.text	0x000229C4	0xA4	Tools/t_eminfo.cpp	local	Detail01Update	Detail01Update
.text	0x00022A68	0x90	Tools/t_eminfo.cpp	local	eminfo_r0_detail	eminfo_r0_detail
.text	0x00022AF8	0x140	Tools/t_eminfo.cpp	global	eminfo_menu_disp	eminfo_menu_disp
.text	0x00022C38	0x26C	Tools/t_eminfo.cpp	global	eminfo_detail_disp	eminfo_detail_disp
.text	0x00022EA4	0x118	Tools/t_eminfo.cpp	global	eminfoAddWork	eminfoAddWork
.text	0x00022FBC	0x130	Tools/t_eminfo.cpp	global	eminfoDeleteWork	eminfoDeleteWork
.text	0x000230EC	0xDC	Tools/t_eminfo.cpp	global	eminfoGetNearPoint	eminfoGetNearPoint
.text	0x000231C8	0x8C	Tools/t_eminfo.cpp	global	eminfoCursorToWork	eminfoCursorToWork
.text	0x00023254	0x148	Tools/t_eminfo.cpp	global	eminfoDisp	eminfoDisp
.text	0x0002339C	0x168	Tools/t_eminfo.cpp	global	eminfoDrawDir	eminfoDrawDir
.text	0x00023504	0x1CC	Tools/t_eminfo.cpp	global	eminfoDispNo	eminfoDispNo
.text	0x000236D0	0x100	Tools/t_eminfo.cpp	global	eminfoTargetDisp	eminfoTargetDisp
.text	0x000237D0	0x90	Tools/t_eminfo.cpp	global	eminfoCopyDisp	eminfoCopyDisp
.text	0x00023860	0x134	Tools/t_eminfo.cpp	global	eminfoEm2fRouteDisp	eminfoEm2fRouteDisp
.text	0x00023994	0x4A0	Tools/t_eminfo.cpp	global	eminfoEm39AreaDisp	eminfoEm39AreaDisp
.text	0x00023E34	0x1B8	Tools/t_eminfo.cpp	global	eminfoEm3aRouteDisp	eminfoEm3aRouteDisp
.text	0x00023FEC	0x54	Tools/t_eminfo.cpp	global	eminfoFileSave	eminfoFileSave
.text	0x00024040	0x6C	Tools/t_eminfo.cpp	global	eminfoFileLoad	eminfoFileLoad
.text	0x000240AC	0x48	Tools/t_eminfo.cpp	global	eminfoSetFileName	eminfoSetFileName
.text	0x000240F4	0x198	Tools/t_eminfo.cpp	global	eminfoCameraMove	eminfoCameraMove
.text	0x0002428C	0x18	Tools/t_esp_area.cpp	global	IsWorkAlive	IsWorkAlive
.text	0x000242A4	0x28	Tools/t_esp_area.cpp	global	SetWorkAlive	SetWorkAlive
.text	0x000242CC	0x8	Tools/t_esp_area.cpp	global	GetWorkNo	GetWorkNo
.text	0x000242D4	0x8	Tools/t_esp_area.cpp	global	SetWorkNo	SetWorkNo
.text	0x000242DC	0x60	Tools/t_esp_area.cpp	global	InitWork	InitWork
.text	0x0002433C	0x7C	Tools/t_esp_area.cpp	global	PosExec_callback	PosExec_callback
.text	0x000243B8	0x118	Tools/t_esp_area.cpp	global	PosUpdate_callback	PosUpdate_callback
.text	0x000244D0	0x250	Tools/t_esp_area.cpp	global	AreaNoExec_callback	AreaNoExec_callback
.text	0x00024720	0x100	Tools/t_esp_area.cpp	global	AreaNoUpdate_callback	AreaNoUpdate_callback
.text	0x00024820	0x1A0	Tools/t_esp_area.cpp	global	OptionExec	OptionExec
.text	0x000249C0	0x1C50	Tools/t_esp_area.cpp	global	ToolEspArea__Fv	ToolEspArea
.text	0x00026610	0x10C	Tools/t_esp_area.cpp	global	tEspAreaInit	tEspAreaInit
.text	0x0002671C	0x120	Tools/t_esp_area.cpp	global	tEspAreaExit	tEspAreaExit
.text	0x0002683C	0x3B8	Tools/t_esp_area.cpp	global	fn_Tools_2683C	.
.text	0x00026BF4	0x1A4	Tools/t_esp_area.cpp	global	cDbgEditWindow_ESP_AREA_AddButton	cDbgEditWindow<ESP_AREA>::AddButton
.text	0x00026D98	0x90	Tools/t_esp_area.cpp	global	cDbgEditWindow_ESP_AREA_copyBuffer	cDbgEditWindow<ESP_AREA>::copyBuffer
.text	0x00026E28	0x1A0	Tools/t_esp_area.cpp	global	cDbgEditWindow_ESP_AREA_cutBuffer	cDbgEditWindow<ESP_AREA>::cutBuffer
.text	0x00026FC8	0x1A8	Tools/t_esp_area.cpp	global	cDbgEditWindow_ESP_AREA_pasteBuffer	cDbgEditWindow<ESP_AREA>::pasteBuffer
.text	0x00027170	0x1E8	Tools/t_esp_area.cpp	global	cDbgEditWindow_ESP_AREA_execCopyWindow	cDbgEditWindow<ESP_AREA>::execCopyWindow
.text	0x00027358	0x60	Tools/t_esp_area.cpp	global	cDbgEditWindow_ESP_AREA_FindButton	cDbgEditWindow<ESP_AREA>::FindButton
.text	0x000273B8	0x2C0	Tools/t_esp_area.cpp	global	cDbgEditWindow_ESP_AREA_LocalUpdate	cDbgEditWindow<ESP_AREA>::LocalUpdate
.text	0x00027678	0x33C	Tools/t_esp_area.cpp	global	cDbgEditWindow_ESP_AREA_LocalDisp	cDbgEditWindow<ESP_AREA>::LocalDisp
.text	0x000279B4	0x90	Tools/t_esp_area.cpp	global	cDbgFileSelectWindow_Init	cDbgFileSelectWindow::Init
.text	0x00027A44	0x418	Tools/t_esp_area.cpp	global	cDbgFileSelectWindow_LocalUpdate	cDbgFileSelectWindow::LocalUpdate
.text	0x00027E5C	0xA4	Tools/t_esp_area.cpp	global	cDbgFileSelectWindow_dt_cDbgFileSelectWindow	cDbgFileSelectWindow::~cDbgFileSelectWindow
.text	0x00027F00	0xA4	Tools/t_esp_area.cpp	global	cDbgOkCancelWindow_dt_cDbgOkCancelWindow	cDbgOkCancelWindow::~cDbgOkCancelWindow
.text	0x00027FA4	0x1DC	Tools/t_esp_area.cpp	global	cDbgOkCancelWindow_LocalUpdate	cDbgOkCancelWindow::LocalUpdate
.text	0x00028180	0x50	Tools/t_esp_area.cpp	global	cDbgButtonTemplate_ESP_AREA_dt_cDbgButtonTemplate	cDbgButtonTemplate<ESP_AREA>::~cDbgButtonTemplate
.text	0x000281D0	0xA4	Tools/t_esp_area.cpp	global	cDbgEditWindow_ESP_AREA_dt_cDbgEditWindow	cDbgEditWindow<ESP_AREA>::~cDbgEditWindow
.text	0x00028274	0x160	Tools/t_esp_area.cpp	global	cDbgToolMain_ESP_AREA_dt_cDbgToolMain	cDbgToolMain<ESP_AREA>::~cDbgToolMain
.text	0x000283D4	0xD0	Tools/t_esp_area.cpp	global	cDbgEditWindow_ESP_AREA_NoButtonUpdate_callback	cDbgEditWindow<ESP_AREA>::NoButtonUpdate_callback
.text	0x000284A4	0xC	Tools/t_esp_area.cpp	global	cDbgEditWindow_ESP_AREA_SetCurrentTopButton	cDbgEditWindow<ESP_AREA>::SetCurrentTopButton
.text	0x000284B0	0x18	Tools/t_esp_area.cpp	global	cDbgEditWindow_ESP_AREA_GetCx	cDbgEditWindow<ESP_AREA>::GetCx
.text	0x000284C8	0x18	Tools/t_esp_area.cpp	global	cDbgEditWindow_ESP_AREA_GetCy	cDbgEditWindow<ESP_AREA>::GetCy
.text	0x000284E0	0xC	Tools/t_esp_area.cpp	global	cDbgEditWindow_ESP_AREA_SetCurrentBottomButton	cDbgEditWindow<ESP_AREA>::SetCurrentBottomButton
.text	0x000284EC	0x88	Tools/t_esp_area.cpp	global	cDbgEditWindow_ESP_AREA_ButtonAllUpdate	cDbgEditWindow<ESP_AREA>::ButtonAllUpdate
.text	0x00028574	0x1A4	Tools/t_esp_area.cpp	global	cDbgEditWindow_ESP_AREA_ButtonPushCheck	cDbgEditWindow<ESP_AREA>::ButtonPushCheck
.text	0x00028718	0x98	Tools/t_esp_area.cpp	global	fn_Tools_28718	.
.text	0x000287B0	0x1C8	Tools/t_flr_at.cpp	global	flrAtInit	flrAtInit
.text	0x00028978	0x80	Tools/t_flr_at.cpp	local	flrAtExit	flrAtExit
.text	0x000289F8	0x124	Tools/t_flr_at.cpp	local	flrAtMainMenu	flrAtMainMenu
.text	0x00028B1C	0xE0	Tools/t_flr_at.cpp	local	flrAtSubMenu	flrAtSubMenu
.text	0x00028BFC	0x320	Tools/t_flr_at.cpp	local	flrAtAreaEdit	flrAtAreaEdit
.text	0x00028F1C	0x184	Tools/t_flr_at.cpp	local	flrAtAreaEdit_EditMenu	flrAtAreaEdit_EditMenu
.text	0x000290A0	0x138	Tools/t_flr_at.cpp	local	flrAtAreaEdit_AreaCreate	flrAtAreaEdit_AreaCreate
.text	0x000291D8	0xB4	Tools/t_flr_at.cpp	local	flrAtAreaEdit_AreaCopy	flrAtAreaEdit_AreaCopy
.text	0x0002928C	0x78	Tools/t_flr_at.cpp	local	flrAtAreaEdit_AreaPaste	flrAtAreaEdit_AreaPaste
.text	0x00029304	0x50	Tools/t_flr_at.cpp	local	flrAtAreaEdit_CopyBuffClear	flrAtAreaEdit_CopyBuffClear
.text	0x00029354	0x28	Tools/t_flr_at.cpp	local	flrAtAreaEdit_AreaDelete	flrAtAreaEdit_AreaDelete
.text	0x0002937C	0x2E4	Tools/t_flr_at.cpp	global	flrAtAreaEdit_disp	flrAtAreaEdit_disp
.text	0x00029660	0xCC	Tools/t_flr_at.cpp	local	flrAtAreaEdit_AreaMove	flrAtAreaEdit_AreaMove
.text	0x0002972C	0x7C	Tools/t_flr_at.cpp	local	flrAtAreaEdit_DataInput	flrAtAreaEdit_DataInput
.text	0x000297A8	0x318	Tools/t_flr_at.cpp	global	flrAtDataInput_common_menu	flrAtDataInput_common_menu
.text	0x00029AC0	0x51C	Tools/t_flr_at.cpp	local	flrAtDataInput_sedata	flrAtDataInput_sedata
.text	0x00029FDC	0x64	Tools/t_flr_at.cpp	local	flrAtDataInput_se_volctrl	flrAtDataInput_se_volctrl
.text	0x0002A040	0x9C8	Tools/t_flr_at.cpp	local	flrAtDataInput_bgm_volctrl	flrAtDataInput_bgm_volctrl
.text	0x0002AA08	0x200	Tools/t_flr_at.cpp	local	flrAtDataInput_thunder_volctrl	flrAtDataInput_thunder_volctrl
.text	0x0002AC08	0x148	Tools/t_flr_at.cpp	global	flrAtPreview_pl_pos	flrAtPreview_pl_pos
.text	0x0002AD50	0xC3C	Tools/t_flr_at.cpp	local	flrAtDataLoad	flrAtDataLoad
.text	0x0002B98C	0x4C4	Tools/t_flr_at.cpp	local	flrAtDataSave	flrAtDataSave
.text	0x0002BE50	0x84	Tools/t_flr_at.cpp	global	flrAtData_DebugCamera	flrAtData_DebugCamera
.text	0x0002BED4	0x40	Tools/t_flr_at.cpp	local	flrAtPreview	flrAtPreview
.text	0x0002BF14	0xB0	Tools/t_flr_at.cpp	local	preview_init	preview_init
.text	0x0002BFC4	0x98	Tools/t_flr_at.cpp	local	preview_main	preview_main
.text	0x0002C05C	0xD0	Tools/t_flr_at.cpp	local	preview_exit	preview_exit
.text	0x0002C12C	0x110	Tools/t_flr_at.cpp	global	ToolFlrAt__Fv	ToolFlrAt
.text	0x0002C23C	0x3B8	Tools/t_flr_at.cpp	global	fn_Tools_2C23C	.
.text	0x0002C5F4	0x24	Tools/t_lightarea.cpp	global	__builtin_new	__builtin_new
.text	0x0002C618	0x24	Tools/t_lightarea.cpp	global	__builtin_vec_new	__builtin_vec_new
.text	0x0002C63C	0x20	Tools/t_lightarea.cpp	global	__builtin_delete	__builtin_delete
.text	0x0002C65C	0x18	Tools/t_lightarea.cpp	global	t_lightarea_namespace_IsWorkAlive	t_lightarea_namespace::IsWorkAlive
.text	0x0002C674	0x28	Tools/t_lightarea.cpp	global	t_lightarea_namespace_SetWorkAlive	t_lightarea_namespace::SetWorkAlive
.text	0x0002C69C	0x8	Tools/t_lightarea.cpp	global	t_lightarea_namespace_GetWorkNo	t_lightarea_namespace::GetWorkNo
.text	0x0002C6A4	0x8	Tools/t_lightarea.cpp	global	t_lightarea_namespace_SetWorkNo	t_lightarea_namespace::SetWorkNo
.text	0x0002C6AC	0x60	Tools/t_lightarea.cpp	global	t_lightarea_namespace_InitWork	t_lightarea_namespace::InitWork
.text	0x0002C70C	0x7C	Tools/t_lightarea.cpp	global	t_lightarea_namespace_PosExec_callback	t_lightarea_namespace::PosExec_callback
.text	0x0002C788	0x118	Tools/t_lightarea.cpp	global	t_lightarea_namespace_PosUpdate_callback	t_lightarea_namespace::PosUpdate_callback
.text	0x0002C8A0	0x480	Tools/t_lightarea.cpp	global	t_lightarea_namespace_AreaNoExec_callback	t_lightarea_namespace::AreaNoExec_callback
.text	0x0002CD20	0x2B4	Tools/t_lightarea.cpp	global	t_lightarea_namespace_AreaNoUpdate_callback	t_lightarea_namespace::AreaNoUpdate_callback
.text	0x0002CFD4	0x1A0	Tools/t_lightarea.cpp	global	t_lightarea_namespace_OptionExec	t_lightarea_namespace::OptionExec
.text	0x0002D174	0x1FC8	Tools/t_lightarea.cpp	global	t_lightarea_namespace_ToolLightAreaMain	t_lightarea_namespace::ToolLightAreaMain
.text	0x0002F13C	0xBC	Tools/t_lightarea.cpp	global	t_lightarea_namespace_tLightAreaInit	t_lightarea_namespace::tLightAreaInit
.text	0x0002F1F8	0xC0	Tools/t_lightarea.cpp	global	t_lightarea_namespace_tLightAreaExit	t_lightarea_namespace::tLightAreaExit
.text	0x0002F2B8	0x20	Tools/t_lightarea.cpp	global	ToolLightArea__Fv	ToolLightArea
.text	0x0002F2D8	0x3B8	Tools/t_lightarea.cpp	global	fn_Tools_2F2D8	.
.text	0x0002F690	0x1A4	Tools/t_lightarea.cpp	global	cDbgEditWindow_LIGHT_AREA_AddButton	cDbgEditWindow<LIGHT_AREA>::AddButton
.text	0x0002F834	0x80	Tools/t_lightarea.cpp	global	cDbgEditWindow_LIGHT_AREA_copyBuffer	cDbgEditWindow<LIGHT_AREA>::copyBuffer
.text	0x0002F8B4	0x190	Tools/t_lightarea.cpp	global	cDbgEditWindow_LIGHT_AREA_cutBuffer	cDbgEditWindow<LIGHT_AREA>::cutBuffer
.text	0x0002FA44	0x188	Tools/t_lightarea.cpp	global	cDbgEditWindow_LIGHT_AREA_pasteBuffer	cDbgEditWindow<LIGHT_AREA>::pasteBuffer
.text	0x0002FBCC	0x1E8	Tools/t_lightarea.cpp	global	cDbgEditWindow_LIGHT_AREA_execCopyWindow	cDbgEditWindow<LIGHT_AREA>::execCopyWindow
.text	0x0002FDB4	0x60	Tools/t_lightarea.cpp	global	cDbgEditWindow_LIGHT_AREA_FindButton	cDbgEditWindow<LIGHT_AREA>::FindButton
.text	0x0002FE14	0x2C0	Tools/t_lightarea.cpp	global	cDbgEditWindow_LIGHT_AREA_LocalUpdate	cDbgEditWindow<LIGHT_AREA>::LocalUpdate
.text	0x000300D4	0x33C	Tools/t_lightarea.cpp	global	cDbgEditWindow_LIGHT_AREA_LocalDisp	cDbgEditWindow<LIGHT_AREA>::LocalDisp
.text	0x00030410	0x7CC	Tools/t_lightarea.cpp	global	fn_Tools_30410	.
.text	0x00030BDC	0x50	Tools/t_lightarea.cpp	global	cDbgButtonTemplate_LIGHT_AREA_dt_cDbgButtonTemplate	cDbgButtonTemplate<LIGHT_AREA>::~cDbgButtonTemplate
.text	0x00030C2C	0xA4	Tools/t_lightarea.cpp	global	cDbgEditWindow_LIGHT_AREA_dt_cDbgEditWindow	cDbgEditWindow<LIGHT_AREA>::~cDbgEditWindow
.text	0x00030CD0	0x160	Tools/t_lightarea.cpp	global	cDbgToolMain_LIGHT_AREA_dt_cDbgToolMain	cDbgToolMain<LIGHT_AREA>::~cDbgToolMain
.text	0x00030E30	0xD0	Tools/t_lightarea.cpp	global	cDbgEditWindow_LIGHT_AREA_NoButtonUpdate_callback	cDbgEditWindow<LIGHT_AREA>::NoButtonUpdate_callback
.text	0x00030F00	0xC	Tools/t_lightarea.cpp	global	cDbgEditWindow_LIGHT_AREA_SetCurrentTopButton	cDbgEditWindow<LIGHT_AREA>::SetCurrentTopButton
.text	0x00030F0C	0x18	Tools/t_lightarea.cpp	global	cDbgEditWindow_LIGHT_AREA_GetCx	cDbgEditWindow<LIGHT_AREA>::GetCx
.text	0x00030F24	0x18	Tools/t_lightarea.cpp	global	cDbgEditWindow_LIGHT_AREA_GetCy	cDbgEditWindow<LIGHT_AREA>::GetCy
.text	0x00030F3C	0xC	Tools/t_lightarea.cpp	global	cDbgEditWindow_LIGHT_AREA_SetCurrentBottomButton	cDbgEditWindow<LIGHT_AREA>::SetCurrentBottomButton
.text	0x00030F48	0x88	Tools/t_lightarea.cpp	global	cDbgEditWindow_LIGHT_AREA_ButtonAllUpdate	cDbgEditWindow<LIGHT_AREA>::ButtonAllUpdate
.text	0x00030FD0	0x1A4	Tools/t_lightarea.cpp	global	cDbgEditWindow_LIGHT_AREA_ButtonPushCheck	cDbgEditWindow<LIGHT_AREA>::ButtonPushCheck
.text	0x00031174	0x98	Tools/t_lightarea.cpp	global	fn_Tools_31174	.
.text	0x0003120C	0x84	Tools/t_mes.cpp	global	ToolMes__Fv	ToolMes
.text	0x00031290	0x134	Tools/t_mes.cpp	global	cMessageDebug_move	cMessageDebug::move
.text	0x000313C4	0x64	Tools/t_mes.cpp	global	cMessageDebug_init	cMessageDebug::init
.text	0x00031428	0x138	Tools/t_mes.cpp	global	cMessageDebug_menu	cMessageDebug::menu
.text	0x00031560	0x17C	Tools/t_mes.cpp	global	cMessageDebug_message	cMessageDebug::message
.text	0x000316DC	0x374	Tools/t_mes.cpp	global	cMessageDebug_color	cMessageDebug::color
.text	0x00031A50	0x114	Tools/t_mes.cpp	global	cMessageDebug_locate	cMessageDebug::locate
.text	0x00031B64	0x12C	Tools/t_mes.cpp	global	cMessageDebug_type	cMessageDebug::type
.text	0x00031C90	0xDC	Tools/t_mes.cpp	global	cMessageDebug_language	cMessageDebug::language
.text	0x00031D6C	0xC	Tools/t_mes.cpp	global	cMessageDebug_data	cMessageDebug::data
.text	0x00031D78	0x38	Tools/t_mes.cpp	global	cMessageDebug_quit	cMessageDebug::quit
.text	0x00031DB0	0xE0	Tools/t_mes.cpp	global	cIdToolMenu_cIdToolMenu	cIdToolMenu::cIdToolMenu
.text	0x00031E90	0x188	Tools/t_mes.cpp	global	cIdToolMenu_ToolMenuMove	cIdToolMenu::ToolMenuMove
.text	0x00032018	0x74	Tools/t_mes.cpp	global	cIdToolMenu_ToolMenuLocate	cIdToolMenu::ToolMenuLocate
.text	0x0003208C	0x34	Tools/t_mes.cpp	global	cIdToolMenu_dt_cIdToolMenu	cIdToolMenu::~cIdToolMenu
.text	0x000320C0	0x34	Tools/t_mes.cpp	global	cMessageDebug_dt_cMessageDebug	cMessageDebug::~cMessageDebug
.text	0x000320F4	0x94	Tools/t_motseq.cpp	global	ToolMotSeq__Fv	ToolMotSeq
.text	0x00032188	0x270	Tools/t_motseq.cpp	global	msqToolInit	msqToolInit
.text	0x000323F8	0x1C0	Tools/t_motseq.cpp	local	msq_R0_Model	msq_R0_Model
.text	0x000325B8	0x1E8	Tools/t_motseq.cpp	local	msq_R0_SeqLoad	msq_R0_SeqLoad
.text	0x000327A0	0x3D8	Tools/t_motseq.cpp	local	msq_R0_SeqMake	msq_R0_SeqMake
.text	0x00032B78	0x1D8	Tools/t_motseq.cpp	local	msq_R0_SeqResize	msq_R0_SeqResize
.text	0x00032D50	0x92C	Tools/t_motseq.cpp	local	msq_R0_Sequence	msq_R0_Sequence
.text	0x0003367C	0x274	Tools/t_motseq.cpp	local	msq_R0_File	msq_R0_File
.text	0x000338F0	0xE8	Tools/t_motseq.cpp	local	msq_R0_QuitCk	msq_R0_QuitCk
.text	0x000339D8	0xD8	Tools/t_motseq.cpp	local	msq_R0_Quit	msq_R0_Quit
.text	0x00033AB0	0xB0	Tools/t_motseq.cpp	global	msqMakeSequence	msqMakeSequence
.text	0x00033B60	0xB0	Tools/t_motseq.cpp	global	msqSeqDelete	msqSeqDelete
.text	0x00033C10	0x94	Tools/t_motseq.cpp	global	msqSeqAdd	msqSeqAdd
.text	0x00033CA4	0xB4	Tools/t_motseq.cpp	global	msqSeqFrameAdd	msqSeqFrameAdd
.text	0x00033D58	0xF58	Tools/t_motseq.cpp	global	msqDisp	msqDisp
.text	0x00034CB0	0x3C	Tools/t_motseq.cpp	global	msqLoadFile	msqLoadFile
.text	0x00034CEC	0x3C	Tools/t_motseq.cpp	global	msqSaveFile	msqSaveFile
.text	0x00034D28	0x11C	Tools/t_motseq.cpp	global	msqCameraMove	msqCameraMove
.text	0x00034E44	0x9C	Tools/t_motseq.cpp	global	msqErrorMessage	msqErrorMessage
.text	0x00034EE0	0xBC	Tools/t_motseq.cpp	global	msqFrameSizeCk	msqFrameSizeCk
.text	0x00034F9C	0x3B8	Tools/t_motseq.cpp	global	fn_Tools_34F9C	.
.text	0x00035354	0xFC	Tools/t_mv.cpp	global	ToolMotionViewer__Fv	ToolMotionViewer
.text	0x00035450	0x160	Tools/t_mv.cpp	local	mvInit	mvInit
.text	0x000355B0	0x244	Tools/t_mv.cpp	local	mvMain	mvMain
.text	0x000357F4	0xD0	Tools/t_mv.cpp	local	mvQuit	mvQuit
.text	0x000358C4	0x3B8	Tools/t_mv.cpp	global	fn_Tools_358C4	.
.text	0x00035C7C	0x90	Tools/t_prim.cpp	global	TprimInitEnv2D3D	TprimInitEnv2D3D
.text	0x00035D0C	0x2C	Tools/t_prim.cpp	global	TprimInitEnv2D	TprimInitEnv2D
.text	0x00035D38	0x90	Tools/t_prim.cpp	global	TprimDraw2D	TprimDraw2D
.text	0x00035DC8	0x50	Tools/t_prim.cpp	global	TprimDraw3D	TprimDraw3D
.text	0x00035E18	0x58	Tools/t_prim.cpp	global	TprimSetBlend	TprimSetBlend
.text	0x00035E70	0xC0	Tools/t_prim.cpp	global	set_attr_common	set_attr_common
.text	0x00035F30	0x68	Tools/t_prim.cpp	global	set_attr_f32	set_attr_f32
.text	0x00035F98	0x68	Tools/t_prim.cpp	global	set_attr_s16	set_attr_s16
.text	0x00036000	0x4C	Tools/t_prim.cpp	global	TprimDrawLineFn	TprimDrawLineFn
.text	0x0003604C	0x4C	Tools/t_prim.cpp	global	TprimDrawPolyFn	TprimDrawPolyFn
.text	0x00036098	0x13C	Tools/t_prim.cpp	global	TprimDrawTile2D	TprimDrawTile2D
.text	0x000361D4	0x19C	Tools/t_prim.cpp	global	TprimDrawCursor	TprimDrawCursor
.text	0x00036370	0xA0	Tools/t_prim.cpp	global	TprimDrawHtr	TprimDrawHtr
.text	0x00036410	0x200	Tools/t_prim.cpp	global	TprimDrawHtrCone	TprimDrawHtrCone
.text	0x00036610	0x98	Tools/t_prim.cpp	global	TprimDrawFrameFn_s16	TprimDrawFrameFn_s16
.text	0x000366A8	0x58	Tools/t_prim.cpp	global	TprimDrawPolyFn_s16	TprimDrawPolyFn_s16
.text	0x00036700	0x5C	Tools/t_prim.cpp	global	set_vtx_flat_f32	set_vtx_flat_f32
.text	0x0003675C	0x5C	Tools/t_prim.cpp	global	set_vtx_flat_s16	set_vtx_flat_s16
.text	0x000367B8	0xDC	Tools/t_rck.cpp	global	ToolRctRouteCheck__Fv	ToolRctRouteCheck
.text	0x00036894	0x1B0	Tools/t_rck.cpp	global	rckInit	rckInit
.text	0x00036A44	0xAC	Tools/t_rck.cpp	local	tool_quit	tool_quit
.text	0x00036AF0	0x1B0	Tools/t_rck.cpp	local	mode_main	mode_main
.text	0x00036CA0	0xE0	Tools/t_rck.cpp	local	mode_menu	mode_menu
.text	0x00036D80	0x15C	Tools/t_rck.cpp	local	mode_save	mode_save
.text	0x00036EDC	0x138	Tools/t_rck.cpp	local	mode_clear	mode_clear
.text	0x00037014	0x15C	Tools/t_rck.cpp	local	mode_load	mode_load
.text	0x00037170	0x6C	Tools/t_rck.cpp	global	menu_sel	menu_sel
.text	0x000371DC	0xA8	Tools/t_rck.cpp	global	menu_print	menu_print
.text	0x00037284	0x1C4	Tools/t_rck.cpp	global	rckPointAdd	rckPointAdd
.text	0x00037448	0x2C0	Tools/t_rck.cpp	global	rckPointDelete	rckPointDelete
.text	0x00037708	0xE4	Tools/t_rck.cpp	global	rckPointCatch	rckPointCatch
.text	0x000377EC	0x128	Tools/t_rck.cpp	global	rckPointChange	rckPointChange
.text	0x00037914	0x174	Tools/t_rck.cpp	global	rckPointCameraMove	rckPointCameraMove
.text	0x00037A88	0x100	Tools/t_rck.cpp	global	rckPointMove	rckPointMove
.text	0x00037B88	0xD8	Tools/t_rck.cpp	global	rckGetNearPoint	rckGetNearPoint
.text	0x00037C60	0x3C	Tools/t_rck.cpp	global	rckPointLineStart	rckPointLineStart
.text	0x00037C9C	0x204	Tools/t_rck.cpp	global	rckPointLineEnd	rckPointLineEnd
.text	0x00037EA0	0x8E0	Tools/t_rck.cpp	global	rckMainDisp	rckMainDisp
.text	0x00038780	0x2B0	Tools/t_rck.cpp	global	rckDrawPoint	rckDrawPoint
.text	0x00038A30	0x430	Tools/t_rck.cpp	global	rckDrawPointLine	rckDrawPointLine
.text	0x00038E60	0x164	Tools/t_rck.cpp	global	rckDrawPointLineNow	rckDrawPointLineNow
.text	0x00038FC4	0x12C	Tools/t_rck.cpp	global	rckPointInfoDisp	rckPointInfoDisp
.text	0x000390F0	0xD8	Tools/t_rck.cpp	global	rckPointNextDisp	rckPointNextDisp
.text	0x000391C8	0x140	Tools/t_rck.cpp	global	rckSetRoute	rckSetRoute
.text	0x00039308	0x2A4	Tools/t_rck.cpp	global	rckSetNextPoint	rckSetNextPoint
.text	0x000395AC	0x5C	Tools/t_rck.cpp	global	rckFileSave	rckFileSave
.text	0x00039608	0x250	Tools/t_rck.cpp	global	rckMakeSaveData	rckMakeSaveData
.text	0x00039858	0x5C	Tools/t_rck.cpp	global	rckFileLoad	rckFileLoad
.text	0x000398B4	0x1E4	Tools/t_rck.cpp	global	rckMakeEditData	rckMakeEditData
.text	0x00039A98	0x80	Tools/t_rck.cpp	global	rckSetFilename	rckSetFilename
.text	0x00039B18	0x150	Tools/t_rck.cpp	global	rckCameraMove	rckCameraMove
.text	0x00039C68	0x230	Tools/t_sce_at.cpp	global	ToolSceAt__Fv	ToolSceAt
.text	0x00039E98	0x150	Tools/t_sce_at.cpp	global	tSceAtInit_base	tSceAtInit_base
.text	0x00039FE8	0x170	Tools/t_sce_at.cpp	global	tSceAtInit	tSceAtInit
.text	0x0003A158	0x7C	Tools/t_sce_at.cpp	global	set_filename	set_filename
.text	0x0003A1D4	0x1A8	Tools/t_sce_at.cpp	local	tSceAtExit	tSceAtExit
.text	0x0003A37C	0x114	Tools/t_sce_at.cpp	local	tSceAtMainMenu	tSceAtMainMenu
.text	0x0003A490	0x294	Tools/t_sce_at.cpp	local	tSceAtAreaEdit	tSceAtAreaEdit
.text	0x0003A724	0x178	Tools/t_sce_at.cpp	local	tSceAtAreaEdit_EditMenu	tSceAtAreaEdit_EditMenu
.text	0x0003A89C	0x258	Tools/t_sce_at.cpp	local	tSceAtAreaEdit_AreaCreate	tSceAtAreaEdit_AreaCreate
.text	0x0003AAF4	0x94	Tools/t_sce_at.cpp	local	tSceAtAreaEdit_AreaCopy	tSceAtAreaEdit_AreaCopy
.text	0x0003AB88	0x78	Tools/t_sce_at.cpp	local	tSceAtAreaEdit_AreaPaste	tSceAtAreaEdit_AreaPaste
.text	0x0003AC00	0x50	Tools/t_sce_at.cpp	local	tSceAtAreaEdit_CopyBuffClear	tSceAtAreaEdit_CopyBuffClear
.text	0x0003AC50	0x28	Tools/t_sce_at.cpp	local	tSceAtAreaEdit_AreaDelete	tSceAtAreaEdit_AreaDelete
.text	0x0003AC78	0x300	Tools/t_sce_at.cpp	global	angle_arrow_disp	angle_arrow_disp
.text	0x0003AF78	0x290	Tools/t_sce_at.cpp	global	tSceAtAreaEdit_disp	tSceAtAreaEdit_disp
.text	0x0003B208	0xCC	Tools/t_sce_at.cpp	local	tSceAtAreaEdit_AreaMove	tSceAtAreaEdit_AreaMove
.text	0x0003B2D4	0xE4	Tools/t_sce_at.cpp	local	tSceAtAreaEdit_DataInput	tSceAtAreaEdit_DataInput
.text	0x0003B3B8	0x7FC	Tools/t_sce_at.cpp	global	tSceAtDataInput_basic_menu	tSceAtDataInput_basic_menu
.text	0x0003BBB4	0x68	Tools/t_sce_at.cpp	local	tSceAtDataInput_normal	tSceAtDataInput_normal
.text	0x0003BC1C	0x9DC	Tools/t_sce_at.cpp	local	tSceAtDataInput_door	tSceAtDataInput_door
.text	0x0003C5F8	0x4F8	Tools/t_sce_at.cpp	global	tSceAtDataInput_door_PosSet	tSceAtDataInput_door_PosSet
.text	0x0003CAF0	0x510	Tools/t_sce_at.cpp	local	tSceAtDataInput_mes	tSceAtDataInput_mes
.text	0x0003D000	0x270	Tools/t_sce_at.cpp	local	tSceAtDataInput_flg	tSceAtDataInput_flg
.text	0x0003D270	0x348	Tools/t_sce_at.cpp	local	tSceAtDataInput_jump	tSceAtDataInput_jump
.text	0x0003D5B8	0x1CC	Tools/t_sce_at.cpp	local	tSceAtDataInput_shd_disp	tSceAtDataInput_shd_disp
.text	0x0003D784	0x5EC	Tools/t_sce_at.cpp	local	tSceAtDataInput_damage	tSceAtDataInput_damage
.text	0x0003DD70	0xC68	Tools/t_sce_at.cpp	local	tSceAtDataInput_scr_at	tSceAtDataInput_scr_at
.text	0x0003E9D8	0x68	Tools/t_sce_at.cpp	local	tSceAtDataInput_cam_ctrl	tSceAtDataInput_cam_ctrl
.text	0x0003EA40	0x4A4	Tools/t_sce_at.cpp	local	tSceAtDataInput_cam_ctrl_main	tSceAtDataInput_cam_ctrl_main
.text	0x0003EEE4	0x1B4	Tools/t_sce_at.cpp	local	tSceAtDataInput_cam_ctrl_pos_edit	tSceAtDataInput_cam_ctrl_pos_edit
.text	0x0003F098	0x178	Tools/t_sce_at.cpp	global	tSceAtCamCtrlDataDisp	tSceAtCamCtrlDataDisp
.text	0x0003F210	0x110	Tools/t_sce_at.cpp	local	tSceAtDataInput_field_info	tSceAtDataInput_field_info
.text	0x0003F320	0x110	Tools/t_sce_at.cpp	local	tSceAtDataInput_save	tSceAtDataInput_save
.text	0x0003F430	0x54	Tools/t_sce_at.cpp	local	tSceAtDataInput_ladder	tSceAtDataInput_ladder
.text	0x0003F484	0x710	Tools/t_sce_at.cpp	local	tSceAtDataInput_ladder_main	tSceAtDataInput_ladder_main
.text	0x0003FB94	0x1A4	Tools/t_sce_at.cpp	local	tSceAtDataInput_ladder_ETedit	tSceAtDataInput_ladder_ETedit
.text	0x0003FD38	0x218	Tools/t_sce_at.cpp	global	tSceAtLadderDataDisp	tSceAtLadderDataDisp
.text	0x0003FF50	0x118	Tools/t_sce_at.cpp	local	tSceAtDataInput_use	tSceAtDataInput_use
.text	0x00040068	0x5C	Tools/t_sce_at.cpp	local	tSceAtDataInput_hide	tSceAtDataInput_hide
.text	0x000400C4	0x25C	Tools/t_sce_at.cpp	local	tSceAtDataInput_hide_main	tSceAtDataInput_hide_main
.text	0x00040320	0x1A4	Tools/t_sce_at.cpp	local	tSceAtDataInput_hide_pos_edit	tSceAtDataInput_hide_pos_edit
.text	0x000404C4	0x218	Tools/t_sce_at.cpp	local	tSceAtDataInput_hide_area_edit	tSceAtDataInput_hide_area_edit
.text	0x000406DC	0x11C	Tools/t_sce_at.cpp	global	tSceAtHideDataDisp	tSceAtHideDataDisp
.text	0x000407F8	0x54	Tools/t_sce_at.cpp	local	tSceAtDataInput_pos_jump	tSceAtDataInput_pos_jump
.text	0x0004084C	0x478	Tools/t_sce_at.cpp	local	tSceAtDataInput_pos_jump_main	tSceAtDataInput_pos_jump_main
.text	0x00040CC4	0x1A4	Tools/t_sce_at.cpp	local	tSceAtDataInput_pos_jump_ETedit	tSceAtDataInput_pos_jump_ETedit
.text	0x00040E68	0x218	Tools/t_sce_at.cpp	global	tSceAtPosJumpDataDisp	tSceAtPosJumpDataDisp
.text	0x00041080	0x150	Tools/t_sce_at.cpp	global	tSceAt_PointDisp	tSceAt_PointDisp
.text	0x000411D0	0x380	Tools/t_sce_at.cpp	local	tSceAtDataLoad	tSceAtDataLoad
.text	0x00041550	0xE4	Tools/t_sce_at.cpp	global	tSceAtLoadDataCopy	tSceAtLoadDataCopy
.text	0x00041634	0x3B8	Tools/t_sce_at.cpp	local	tSceAtDataSave	tSceAtDataSave
.text	0x000419EC	0x160	Tools/t_sce_at.cpp	global	tSceAtSaveDataCreate	tSceAtSaveDataCreate
.text	0x00041B4C	0x84	Tools/t_sce_at.cpp	global	tSceAtData_DebugCamera	tSceAtData_DebugCamera
.text	0x00041BD0	0x5C	Tools/t_sce_at.cpp	local	tSceAtPreview	tSceAtPreview
.text	0x00041C2C	0x6C	Tools/t_sce_at.cpp	local	tSceAtPreview_init	tSceAtPreview_init
.text	0x00041C98	0x9C	Tools/t_sce_at.cpp	local	tSceAtPreview_main	tSceAtPreview_main
.text	0x00041D34	0x240	Tools/t_sce_at.cpp	global	tSceAtPreview_pl_pos	tSceAtPreview_pl_pos
.text	0x00041F74	0xD0	Tools/t_sce_at.cpp	local	tSceAtPreview_exit	tSceAtPreview_exit
.text	0x00042044	0x114	Tools/t_sce_at.cpp	global	loadMesName	loadMesName
.text	0x00042158	0x3B8	Tools/t_sce_at.cpp	global	fn_Tools_42158	.
.text	0x00042510	0x44	Tools/t_tplview.cpp	global	ToolTplView__Fv	ToolTplView
.text	0x00042554	0x30	Tools/t_tplview.cpp	global	getTplname	getTplname
.text	0x00042584	0x8DC	Tools/t_tplview.cpp	global	TplViewer	TplViewer
.text	0x00042E60	0x3B8	Tools/t_tplview.cpp	global	fn_Tools_42E60	.
.text	0x00043218	0x1B4	Tools/t_util.cpp	global	TutilInitDefault	TutilInitDefault
.text	0x000433CC	0x144	Tools/t_util.cpp	global	TutilQuitDefault	TutilQuitDefault
.text	0x00043510	0xD0	Tools/t_util.cpp	global	TutilMoveCursor	TutilMoveCursor
.text	0x000435E0	0x84	Tools/t_util.cpp	global	TutilGetScreenPos	TutilGetScreenPos
.text	0x00043664	0x230	Tools/t_util.cpp	global	TutilGet3DPosXZ	TutilGet3DPosXZ
.text	0x00043894	0xE0	Tools/t_util.cpp	global	TutilGet3DPosXZ_Mov	TutilGet3DPosXZ_Mov
.text	0x00043974	0xE0	Tools/t_util.cpp	global	TutilGet3DPosXZ_All	TutilGet3DPosXZ_All
.text	0x00043A54	0x34	Tools/t_util.cpp	global	ToolMenuDisp	ToolMenuDisp
.text	0x00043A88	0x278	Tools/t_util.cpp	global	ToolMenuDisp_cur	ToolMenuDisp_cur
.text	0x00043D00	0x3B8	Tools/t_util.cpp	global	fn_Tools_43D00	.
.text	0x000440B8	0x68	Tools/t_vib.cpp	global	ToolVibEdit__Fv	ToolVibEdit
.text	0x00044120	0xD0	Tools/t_vib.cpp	global	tvibInit	tvibInit
.text	0x000441F0	0x40	Tools/t_vib.cpp	global	tvibExit	tvibExit
.text	0x00044230	0x3D8	Tools/t_vib.cpp	local	tvib_R0_Select	tvib_R0_Select
.text	0x00044608	0x18C	Tools/t_vib.cpp	local	tvib_R0_SelectMenu	tvib_R0_SelectMenu
.text	0x00044794	0x60	Tools/t_vib.cpp	local	tvib_R0_EditMenu	tvib_R0_EditMenu
.text	0x000447F4	0x4F8	Tools/t_vib.cpp	local	tvib_R0_Edit	tvib_R0_Edit
.text	0x00044CEC	0x388	Tools/t_vib.cpp	local	tvib_R0_EditVib	tvib_R0_EditVib
.text	0x00045074	0x104	Tools/t_vib.cpp	local	tvib_R0_VibLoopSet	tvib_R0_VibLoopSet
.text	0x00045178	0xC0	Tools/t_vib.cpp	local	tvib_R0_VibLoopTest	tvib_R0_VibLoopTest
.text	0x00045238	0x294	Tools/t_vib.cpp	local	tvib_R0_Save	tvib_R0_Save
.text	0x000454CC	0x27C	Tools/t_vib.cpp	local	tvib_R0_Load	tvib_R0_Load
.text	0x00045748	0x84	Tools/t_vib.cpp	global	tvibGetFileNameLocal	tvibGetFileNameLocal
.text	0x000457CC	0x84	Tools/t_vib.cpp	global	tvibGetFileNameServer	tvibGetFileNameServer
.text	0x00045850	0x3C0	Tools/t_vib.cpp	global	tvibMainFrameDisp	tvibMainFrameDisp
.text	0x00045C10	0x250	Tools/t_vib.cpp	global	tvibSelectMenuDisp	tvibSelectMenuDisp
.text	0x00045E60	0x2D8	Tools/t_vib.cpp	global	tvibSaveMenuDisp	tvibSaveMenuDisp
.text	0x00046138	0x2D8	Tools/t_vib.cpp	global	tvibLoadMenuDisp	tvibLoadMenuDisp
.text	0x00046410	0x17C	Tools/t_vib.cpp	global	tvibEditMenuDisp	tvibEditMenuDisp
.text	0x0004658C	0x90	Tools/t_vib.cpp	global	tvibVibLoopSetDisp	tvibVibLoopSetDisp
.text	0x0004661C	0x530	Tools/t_vib.cpp	global	tvibEditFrameDisp	tvibEditFrameDisp
.text	0x00046B4C	0x250	Tools/t_vib.cpp	global	tvibModeFrameDisp	tvibModeFrameDisp
.text	0x00046D9C	0x110	Tools/t_vib.cpp	global	tvibFrameVibDraw	tvibFrameVibDraw
.text	0x00046EAC	0x198	Tools/t_vib.cpp	global	tvibFrameLineDraw	tvibFrameLineDraw
.text	0x00047044	0x150	Tools/t_vib.cpp	global	tvibFrameMarkDraw	tvibFrameMarkDraw
.text	0x00047194	0x22C	Tools/t_vib.cpp	global	tvibListVibDraw	tvibListVibDraw
.text	0x000473C0	0xFC	Tools/t_vib.cpp	global	tvibListLineDraw	tvibListLineDraw
.text	0x000474BC	0x13C	Tools/t_vib.cpp	global	tvibFileSave	tvibFileSave
.text	0x000475F8	0x15C	Tools/t_vib.cpp	global	tvibFileLoad	tvibFileLoad
.text	0x00047754	0x64	Tools/tools.cpp	global	_prolog	_prolog
.text	0x000477B8	0x1CC	Tools/tools.cpp	global	ToolsTask	ToolsTask
.text	0x00047984	0x60	Tools/tools.cpp	global	_epilog	_epilog
.text	0x000479E4	0x58	Tools/tools.cpp	global	_unresolved	_unresolved
.text	0x00047A3C	0xE0	Tools/tools.cpp	global	ToolArrayPush	ToolArrayPush
.text	0x00047B1C	0xBC	Tools/tools.cpp	global	ToolWorkPop	ToolWorkPop
.text	0x00047BD8	0x3B8	Tools/tools.cpp	global	fn_Tools_47BD8	.
.text	0x00047F90	0x78	Tools/tools.cpp	local	cManager_cParts_arrayPush	cManager<cParts>::arrayPush
.text	0x00048008	0x78	Tools/tools.cpp	local	cManager_cEm_arrayPush	cManager<cEm>::arrayPush
.text	0x00048080	0x78	Tools/tools.cpp	local	cManager_cObj_arrayPush	cManager<cObj>::arrayPush
.text	0x000480F8	0x78	Tools/tools.cpp	local	cManager_cCtrl_arrayPush	cManager<cCtrl>::arrayPush
.text	0x00048170	0x78	Tools/tools.cpp	local	cManager_Event_arrayPush	cManager<Event>::arrayPush
.text	0x000481E8	0x78	Tools/tools.cpp	local	cManager_cLight_arrayPush	cManager<cLight>::arrayPush
.text	0x00048260	0x6C	Tools/tools.cpp	local	cManager_cParts_arrayPop	cManager<cParts>::arrayPop
.text	0x000482CC	0x6C	Tools/tools.cpp	local	cManager_cEm_arrayPop	cManager<cEm>::arrayPop
.text	0x00048338	0x6C	Tools/tools.cpp	local	cManager_cObj_arrayPop	cManager<cObj>::arrayPop
.text	0x000483A4	0x6C	Tools/tools.cpp	local	cManager_cCtrl_arrayPop	cManager<cCtrl>::arrayPop
.text	0x00048410	0x6C	Tools/tools.cpp	local	cManager_Event_arrayPop	cManager<Event>::arrayPop
.text	0x0004847C	0x6C	Tools/tools.cpp	local	cManager_cLight_arrayPop	cManager<cLight>::arrayPop
.rodata	0x0000006C	0x18	Tools/db_light.cpp	local	lbl_Tools_rodata_6C	lbl_Tools_rodata_6C
.rodata	0x00000084	0x8	Tools/db_light.cpp	local	lbl_Tools_rodata_84	lbl_Tools_rodata_84
.rodata	0x0000008C	0x8	Tools/db_light.cpp	local	lbl_Tools_rodata_8C	lbl_Tools_rodata_8C
.rodata	0x00000094	0x8	Tools/db_light.cpp	local	lbl_Tools_rodata_94	lbl_Tools_rodata_94
.rodata	0x0000009C	0xC	Tools/db_light.cpp	local	lbl_Tools_rodata_9C	lbl_Tools_rodata_9C
.rodata	0x000000A8	0x8	Tools/db_light.cpp	local	lbl_Tools_rodata_A8	lbl_Tools_rodata_A8
.rodata	0x000000B0	0x8	Tools/db_light.cpp	local	lbl_Tools_rodata_B0	lbl_Tools_rodata_B0
.rodata	0x000000B8	0x8	Tools/db_light.cpp	local	lbl_Tools_rodata_B8	lbl_Tools_rodata_B8
.rodata	0x000000C0	0x8	Tools/db_light.cpp	local	lbl_Tools_rodata_C0	lbl_Tools_rodata_C0
.rodata	0x000000C8	0xC	Tools/db_light.cpp	local	lbl_Tools_rodata_C8	lbl_Tools_rodata_C8
.rodata	0x000000D4	0x8	Tools/db_light.cpp	local	lbl_Tools_rodata_D4	lbl_Tools_rodata_D4
.rodata	0x000000DC	0xC	Tools/db_light.cpp	local	lbl_Tools_rodata_DC	lbl_Tools_rodata_DC
.rodata	0x000000E8	0x8	Tools/db_light.cpp	local	lbl_Tools_rodata_E8	lbl_Tools_rodata_E8
.rodata	0x000000F0	0xC	Tools/db_light.cpp	local	lbl_Tools_rodata_F0	lbl_Tools_rodata_F0
.rodata	0x000000FC	0xC	Tools/db_light.cpp	local	lbl_Tools_rodata_FC	lbl_Tools_rodata_FC
.rodata	0x00000108	0x8	Tools/db_light.cpp	local	lbl_Tools_rodata_108	lbl_Tools_rodata_108
.rodata	0x00000110	0xC	Tools/db_light.cpp	local	lbl_Tools_rodata_110	lbl_Tools_rodata_110
.rodata	0x0000011C	0xC	Tools/db_light.cpp	local	lbl_Tools_rodata_11C	lbl_Tools_rodata_11C
.rodata	0x00000128	0x10	Tools/db_light.cpp	local	lbl_Tools_rodata_128	lbl_Tools_rodata_128
.rodata	0x00000138	0x4	Tools/db_light.cpp	local	lbl_Tools_rodata_138	lbl_Tools_rodata_138
.rodata	0x0000013C	0x8	Tools/db_light.cpp	local	lbl_Tools_rodata_13C	lbl_Tools_rodata_13C
.rodata	0x00000144	0x8	Tools/db_light.cpp	local	lbl_Tools_rodata_144	lbl_Tools_rodata_144
.rodata	0x0000014C	0x8	Tools/db_light.cpp	local	lbl_Tools_rodata_14C	lbl_Tools_rodata_14C
.rodata	0x00000154	0x8	Tools/db_light.cpp	local	lbl_Tools_rodata_154	lbl_Tools_rodata_154
.rodata	0x0000015C	0x8	Tools/db_light.cpp	local	lbl_Tools_rodata_15C	lbl_Tools_rodata_15C
.rodata	0x00000164	0x8	Tools/db_light.cpp	local	lbl_Tools_rodata_164	lbl_Tools_rodata_164
.rodata	0x0000016C	0x8	Tools/db_light.cpp	local	lbl_Tools_rodata_16C	lbl_Tools_rodata_16C
.rodata	0x00000174	0x8	Tools/db_light.cpp	local	lbl_Tools_rodata_174	lbl_Tools_rodata_174
.rodata	0x0000017C	0x8	Tools/db_light.cpp	local	lbl_Tools_rodata_17C	lbl_Tools_rodata_17C
.rodata	0x00000184	0x8	Tools/db_light.cpp	local	lbl_Tools_rodata_184	lbl_Tools_rodata_184
.rodata	0x0000018C	0x4	Tools/db_light.cpp	local	lbl_Tools_rodata_18C	lbl_Tools_rodata_18C
.rodata	0x00000190	0x4	Tools/db_light.cpp	local	lbl_Tools_rodata_190	lbl_Tools_rodata_190
.rodata	0x00000194	0x4	Tools/db_light.cpp	local	lbl_Tools_rodata_194	lbl_Tools_rodata_194
.rodata	0x00000198	0x4	Tools/db_light.cpp	local	lbl_Tools_rodata_198	lbl_Tools_rodata_198
.rodata	0x0000019C	0x4	Tools/db_light.cpp	local	lbl_Tools_rodata_19C	lbl_Tools_rodata_19C
.rodata	0x000001A0	0x4	Tools/db_light.cpp	local	lbl_Tools_rodata_1A0	lbl_Tools_rodata_1A0
.rodata	0x000001A4	0xC	Tools/db_light.cpp	local	lbl_Tools_rodata_1A4	lbl_Tools_rodata_1A4
.rodata	0x000001B0	0xC	Tools/db_light.cpp	local	lbl_Tools_rodata_1B0	lbl_Tools_rodata_1B0
.rodata	0x000001BC	0xC	Tools/db_light.cpp	local	lbl_Tools_rodata_1BC	lbl_Tools_rodata_1BC
.rodata	0x000001C8	0x8	Tools/db_light.cpp	local	lbl_Tools_rodata_1C8	lbl_Tools_rodata_1C8
.rodata	0x000001D0	0x8	Tools/db_light.cpp	local	lbl_Tools_rodata_1D0	lbl_Tools_rodata_1D0
.rodata	0x000001D8	0x8	Tools/db_light.cpp	local	lbl_Tools_rodata_1D8	lbl_Tools_rodata_1D8
.rodata	0x000001E0	0xC	Tools/db_light.cpp	local	lbl_Tools_rodata_1E0	lbl_Tools_rodata_1E0
.rodata	0x000001EC	0x4	Tools/db_light.cpp	local	lbl_Tools_rodata_1EC	lbl_Tools_rodata_1EC
.rodata	0x000001F0	0x4	Tools/db_light.cpp	local	lbl_Tools_rodata_1F0	lbl_Tools_rodata_1F0
.rodata	0x000001F4	0x4	Tools/db_light.cpp	local	lbl_Tools_rodata_1F4	lbl_Tools_rodata_1F4
.rodata	0x000001F8	0x4	Tools/db_light.cpp	local	lbl_Tools_rodata_1F8	lbl_Tools_rodata_1F8
.rodata	0x000001FC	0x4	Tools/db_light.cpp	local	lbl_Tools_rodata_1FC	lbl_Tools_rodata_1FC
.rodata	0x00000200	0x4	Tools/db_light.cpp	local	lbl_Tools_rodata_200	lbl_Tools_rodata_200
.rodata	0x00000204	0x28	Tools/db_light.cpp	local	lbl_Tools_rodata_204	lbl_Tools_rodata_204
.rodata	0x0000022C	0x2C	Tools/db_light.cpp	local	lbl_Tools_rodata_22C	lbl_Tools_rodata_22C
.rodata	0x00000258	0x30	Tools/db_light.cpp	local	lbl_Tools_rodata_258	lbl_Tools_rodata_258
.rodata	0x00000288	0x30	Tools/db_light.cpp	local	lbl_Tools_rodata_288	lbl_Tools_rodata_288
.rodata	0x000002B8	0x1C	Tools/db_light.cpp	local	lbl_Tools_rodata_2B8	lbl_Tools_rodata_2B8
.rodata	0x000002D4	0x2C	Tools/db_light.cpp	local	lbl_Tools_rodata_2D4	lbl_Tools_rodata_2D4
.rodata	0x00000300	0x24	Tools/db_light.cpp	local	lbl_Tools_rodata_300	lbl_Tools_rodata_300
.rodata	0x00000324	0x24	Tools/db_light.cpp	local	lbl_Tools_rodata_324	lbl_Tools_rodata_324
.rodata	0x00000348	0x1C	Tools/db_light.cpp	local	lbl_Tools_rodata_348	lbl_Tools_rodata_348
.rodata	0x00000364	0x4	Tools/db_light.cpp	local	lbl_Tools_rodata_364	lbl_Tools_rodata_364
.rodata	0x00000368	0x4	Tools/db_light.cpp	local	lbl_Tools_rodata_368	lbl_Tools_rodata_368
.rodata	0x0000036C	0xC	Tools/db_light.cpp	local	lbl_Tools_rodata_36C	lbl_Tools_rodata_36C
.rodata	0x00000378	0x10	Tools/db_light.cpp	local	lbl_Tools_rodata_378	lbl_Tools_rodata_378
.rodata	0x00000388	0xC	Tools/db_light.cpp	local	lbl_Tools_rodata_388	lbl_Tools_rodata_388
.rodata	0x00000394	0x10	Tools/db_light.cpp	local	lbl_Tools_rodata_394	lbl_Tools_rodata_394
.rodata	0x000003A4	0xC	Tools/db_light.cpp	local	lbl_Tools_rodata_3A4	lbl_Tools_rodata_3A4
.rodata	0x000003B0	0xC	Tools/db_light.cpp	local	lbl_Tools_rodata_3B0	lbl_Tools_rodata_3B0
.rodata	0x000003BC	0xC	Tools/db_light.cpp	local	lbl_Tools_rodata_3BC	lbl_Tools_rodata_3BC
.rodata	0x000003C8	0xC	Tools/db_light.cpp	local	lbl_Tools_rodata_3C8	lbl_Tools_rodata_3C8
.rodata	0x000003D4	0x8	Tools/db_light.cpp	local	lbl_Tools_rodata_3D4	lbl_Tools_rodata_3D4
.rodata	0x000003DC	0x8	Tools/db_light.cpp	local	lbl_Tools_rodata_3DC	lbl_Tools_rodata_3DC
.rodata	0x000003E4	0x8	Tools/db_light.cpp	local	lbl_Tools_rodata_3E4	lbl_Tools_rodata_3E4
.rodata	0x000003EC	0x4	Tools/db_light.cpp	local	lbl_Tools_rodata_3EC	lbl_Tools_rodata_3EC
.rodata	0x000003F0	0x28	Tools/db_light.cpp	local	lbl_Tools_rodata_3F0	lbl_Tools_rodata_3F0
.rodata	0x00000418	0x1C	Tools/db_light.cpp	local	lbl_Tools_rodata_418	lbl_Tools_rodata_418
.rodata	0x00000434	0x2C	Tools/db_light.cpp	local	lbl_Tools_rodata_434	lbl_Tools_rodata_434
.rodata	0x00000460	0x8	Tools/db_light.cpp	local	lbl_Tools_rodata_460	lbl_Tools_rodata_460
.rodata	0x00000468	0x8	Tools/db_light.cpp	local	lbl_Tools_rodata_468	lbl_Tools_rodata_468
.rodata	0x00000470	0x8	Tools/db_light.cpp	local	lbl_Tools_rodata_470	lbl_Tools_rodata_470
.rodata	0x00000478	0x8	Tools/db_light.cpp	local	lbl_Tools_rodata_478	lbl_Tools_rodata_478
.rodata	0x00000480	0x8	Tools/db_light.cpp	local	lbl_Tools_rodata_480	lbl_Tools_rodata_480
.rodata	0x00000488	0x8	Tools/db_light.cpp	local	lbl_Tools_rodata_488	lbl_Tools_rodata_488
.rodata	0x00000490	0xC	Tools/db_light.cpp	local	lbl_Tools_rodata_490	lbl_Tools_rodata_490
.rodata	0x0000049C	0x8	Tools/db_light.cpp	local	lbl_Tools_rodata_49C	lbl_Tools_rodata_49C
.rodata	0x000004A4	0x4	Tools/db_light.cpp	local	lbl_Tools_rodata_4A4	lbl_Tools_rodata_4A4
.rodata	0x000004A8	0xC	Tools/db_light.cpp	local	lbl_Tools_rodata_4A8	lbl_Tools_rodata_4A8
.rodata	0x000004B4	0x8	Tools/db_light.cpp	local	lbl_Tools_rodata_4B4	lbl_Tools_rodata_4B4
.rodata	0x000004BC	0x8	Tools/db_light.cpp	local	lbl_Tools_rodata_4BC	lbl_Tools_rodata_4BC
.rodata	0x000004C4	0x8	Tools/db_light.cpp	local	lbl_Tools_rodata_4C4	lbl_Tools_rodata_4C4
.rodata	0x000004CC	0xC	Tools/db_light.cpp	local	lbl_Tools_rodata_4CC	lbl_Tools_rodata_4CC
.rodata	0x000004D8	0xC	Tools/db_light.cpp	local	lbl_Tools_rodata_4D8	lbl_Tools_rodata_4D8
.rodata	0x000004E4	0xC	Tools/db_light.cpp	local	lbl_Tools_rodata_4E4	lbl_Tools_rodata_4E4
.rodata	0x000004F0	0x8	Tools/db_light.cpp	local	lbl_Tools_rodata_4F0	lbl_Tools_rodata_4F0
.rodata	0x000004F8	0xC	Tools/db_light.cpp	local	lbl_Tools_rodata_4F8	lbl_Tools_rodata_4F8
.rodata	0x00000504	0x4	Tools/db_light.cpp	local	lbl_Tools_rodata_504	lbl_Tools_rodata_504
.rodata	0x00000508	0xC	Tools/db_light.cpp	local	lbl_Tools_rodata_508	lbl_Tools_rodata_508
.rodata	0x00000514	0x30	Tools/db_light.cpp	local	lbl_Tools_rodata_514	lbl_Tools_rodata_514
.rodata	0x00000544	0x8	Tools/db_light.cpp	local	lbl_Tools_rodata_544	lbl_Tools_rodata_544
.rodata	0x0000054C	0x24	Tools/db_light.cpp	local	lbl_Tools_rodata_54C	lbl_Tools_rodata_54C
.rodata	0x00000570	0x4	Tools/db_light.cpp	local	lbl_Tools_rodata_570	lbl_Tools_rodata_570
.rodata	0x00000574	0x24	Tools/db_light.cpp	local	lbl_Tools_rodata_574	lbl_Tools_rodata_574
.rodata	0x00000598	0x4	Tools/db_light.cpp	local	lbl_Tools_rodata_598	lbl_Tools_rodata_598
.rodata	0x0000059C	0x8	Tools/db_light.cpp	local	lbl_Tools_rodata_59C	lbl_Tools_rodata_59C
.rodata	0x000005A4	0x8	Tools/db_light.cpp	local	lbl_Tools_rodata_5A4	lbl_Tools_rodata_5A4
.rodata	0x000005AC	0x8	Tools/db_light.cpp	local	lbl_Tools_rodata_5AC	lbl_Tools_rodata_5AC
.rodata	0x000005B4	0x14	Tools/db_light.cpp	local	lbl_Tools_rodata_5B4	lbl_Tools_rodata_5B4
.rodata	0x000005C8	0x10	Tools/db_light.cpp	local	lbl_Tools_rodata_5C8	lbl_Tools_rodata_5C8
.rodata	0x000005D8	0xC	Tools/db_light.cpp	local	lbl_Tools_rodata_5D8	lbl_Tools_rodata_5D8
.rodata	0x000005E4	0x8	Tools/db_light.cpp	local	lbl_Tools_rodata_5E4	lbl_Tools_rodata_5E4
.rodata	0x000005EC	0x8	Tools/db_light.cpp	local	lbl_Tools_rodata_5EC	lbl_Tools_rodata_5EC
.rodata	0x000005F4	0x8	Tools/db_light.cpp	local	lbl_Tools_rodata_5F4	lbl_Tools_rodata_5F4
.rodata	0x000005FC	0xC	Tools/db_light.cpp	local	lbl_Tools_rodata_5FC	lbl_Tools_rodata_5FC
.rodata	0x00000608	0x28	Tools/db_light.cpp	local	lbl_Tools_rodata_608	lbl_Tools_rodata_608
.rodata	0x00000630	0x30	Tools/db_light.cpp	local	lbl_Tools_rodata_630	lbl_Tools_rodata_630
.rodata	0x00000660	0x28	Tools/db_light.cpp	local	lbl_Tools_rodata_660	lbl_Tools_rodata_660
.rodata	0x00000688	0x24	Tools/db_light.cpp	local	lbl_Tools_rodata_688	lbl_Tools_rodata_688
.rodata	0x000006AC	0x1C	Tools/db_light.cpp	local	lbl_Tools_rodata_6AC	lbl_Tools_rodata_6AC
.rodata	0x000006C8	0x10	Tools/db_light.cpp	local	lbl_Tools_rodata_6C8	lbl_Tools_rodata_6C8
.rodata	0x000006D8	0x8	Tools/db_light.cpp	local	lbl_Tools_rodata_6D8	lbl_Tools_rodata_6D8
.rodata	0x000006E0	0xC	Tools/db_light.cpp	local	lbl_Tools_rodata_6E0	lbl_Tools_rodata_6E0
.rodata	0x000006EC	0x18	Tools/db_light.cpp	local	lbl_Tools_rodata_6EC	lbl_Tools_rodata_6EC
.rodata	0x00000704	0x10	Tools/db_light.cpp	local	lbl_Tools_rodata_704	lbl_Tools_rodata_704
.rodata	0x00000714	0x10	Tools/db_light.cpp	local	lbl_Tools_rodata_714	lbl_Tools_rodata_714
.rodata	0x00000724	0x10	Tools/db_light.cpp	local	lbl_Tools_rodata_724	lbl_Tools_rodata_724
.rodata	0x00000734	0x4	Tools/db_light.cpp	local	lbl_Tools_rodata_734	lbl_Tools_rodata_734
.rodata	0x00000738	0x4	Tools/db_light.cpp	local	lbl_Tools_rodata_738	lbl_Tools_rodata_738
.rodata	0x0000073C	0x4	Tools/db_light.cpp	local	lbl_Tools_rodata_73C	lbl_Tools_rodata_73C
.rodata	0x00000740	0xC	Tools/db_light.cpp	local	lbl_Tools_rodata_740	lbl_Tools_rodata_740
.rodata	0x0000074C	0xC	Tools/db_light.cpp	local	lbl_Tools_rodata_74C	lbl_Tools_rodata_74C
.rodata	0x00000758	0xC	Tools/db_light.cpp	local	lbl_Tools_rodata_758	lbl_Tools_rodata_758
.rodata	0x00000764	0x14	Tools/db_light.cpp	local	lbl_Tools_rodata_764	lbl_Tools_rodata_764
.rodata	0x00000778	0x4	Tools/db_light.cpp	local	lbl_Tools_rodata_778	lbl_Tools_rodata_778
.rodata	0x0000077C	0x4	Tools/db_light.cpp	local	lbl_Tools_rodata_77C	lbl_Tools_rodata_77C
.rodata	0x00000780	0x4	Tools/db_light.cpp	local	lbl_Tools_rodata_780	lbl_Tools_rodata_780
.rodata	0x00000784	0x4	Tools/db_light.cpp	local	lbl_Tools_rodata_784	lbl_Tools_rodata_784
.rodata	0x00000788	0x8	Tools/db_light.cpp	local	lbl_Tools_rodata_788	lbl_Tools_rodata_788
.rodata	0x00000790	0xC	Tools/db_light.cpp	local	lbl_Tools_rodata_790	lbl_Tools_rodata_790
.rodata	0x0000079C	0x8	Tools/db_light.cpp	local	lbl_Tools_rodata_79C	lbl_Tools_rodata_79C
.rodata	0x000007A4	0xC	Tools/db_light.cpp	local	lbl_Tools_rodata_7A4	lbl_Tools_rodata_7A4
.rodata	0x000007B0	0x8	Tools/db_light.cpp	local	lbl_Tools_rodata_7B0	lbl_Tools_rodata_7B0
.rodata	0x000007B8	0x4	Tools/db_light.cpp	local	lbl_Tools_rodata_7B8	lbl_Tools_rodata_7B8
.rodata	0x000007BC	0xC	Tools/db_light.cpp	local	lbl_Tools_rodata_7BC	lbl_Tools_rodata_7BC
.rodata	0x000007C8	0xC	Tools/db_light.cpp	local	lbl_Tools_rodata_7C8	lbl_Tools_rodata_7C8
.rodata	0x000007D4	0xC	Tools/db_light.cpp	local	lbl_Tools_rodata_7D4	lbl_Tools_rodata_7D4
.rodata	0x000007E0	0xC	Tools/db_light.cpp	local	lbl_Tools_rodata_7E0	lbl_Tools_rodata_7E0
.rodata	0x000007EC	0xC	Tools/db_light.cpp	local	lbl_Tools_rodata_7EC	lbl_Tools_rodata_7EC
.rodata	0x000007F8	0x10	Tools/db_light.cpp	local	lbl_Tools_rodata_7F8	lbl_Tools_rodata_7F8
.rodata	0x00000808	0xC	Tools/db_light.cpp	local	lbl_Tools_rodata_808	lbl_Tools_rodata_808
.rodata	0x00000814	0x10	Tools/db_light.cpp	local	lbl_Tools_rodata_814	lbl_Tools_rodata_814
.rodata	0x00000824	0xC	Tools/db_light.cpp	local	lbl_Tools_rodata_824	lbl_Tools_rodata_824
.rodata	0x00000830	0x14	Tools/db_light.cpp	local	lbl_Tools_rodata_830	lbl_Tools_rodata_830
.rodata	0x00000844	0xC	Tools/db_light.cpp	local	lbl_Tools_rodata_844	lbl_Tools_rodata_844
.rodata	0x00000850	0xC	Tools/db_light.cpp	local	lbl_Tools_rodata_850	lbl_Tools_rodata_850
.rodata	0x0000085C	0xC	Tools/db_light.cpp	local	lbl_Tools_rodata_85C	lbl_Tools_rodata_85C
.rodata	0x00000868	0x8	Tools/db_light.cpp	local	lbl_Tools_rodata_868	lbl_Tools_rodata_868
.rodata	0x00000870	0x10	Tools/db_light.cpp	local	lbl_Tools_rodata_870	lbl_Tools_rodata_870
.rodata	0x00000880	0xC	Tools/db_light.cpp	local	lbl_Tools_rodata_880	lbl_Tools_rodata_880
.rodata	0x0000088C	0xC	Tools/db_light.cpp	local	lbl_Tools_rodata_88C	lbl_Tools_rodata_88C
.rodata	0x00000898	0x8	Tools/db_light.cpp	local	lbl_Tools_rodata_898	lbl_Tools_rodata_898
.rodata	0x000008A0	0x4	Tools/db_light.cpp	local	lbl_Tools_rodata_8A0	lbl_Tools_rodata_8A0
.rodata	0x000008A4	0x4	Tools/db_light.cpp	local	lbl_Tools_rodata_8A4	lbl_Tools_rodata_8A4
.rodata	0x000008A8	0x4	Tools/db_light.cpp	local	lbl_Tools_rodata_8A8	lbl_Tools_rodata_8A8
.rodata	0x000008AC	0x10	Tools/db_light.cpp	local	lbl_Tools_rodata_8AC	lbl_Tools_rodata_8AC
.rodata	0x000008BC	0x10	Tools/db_light.cpp	local	lbl_Tools_rodata_8BC	lbl_Tools_rodata_8BC
.rodata	0x000008CC	0x10	Tools/db_light.cpp	local	lbl_Tools_rodata_8CC	lbl_Tools_rodata_8CC
.rodata	0x000008DC	0x4	Tools/db_light.cpp	local	lbl_Tools_rodata_8DC	lbl_Tools_rodata_8DC
.rodata	0x000008E0	0x4	Tools/db_light.cpp	local	lbl_Tools_rodata_8E0	lbl_Tools_rodata_8E0
.rodata	0x000008E4	0x4	Tools/db_light.cpp	local	lbl_Tools_rodata_8E4	lbl_Tools_rodata_8E4
.rodata	0x000008E8	0x4	Tools/db_light.cpp	local	lbl_Tools_rodata_8E8	lbl_Tools_rodata_8E8
.rodata	0x000008EC	0xC	Tools/db_light.cpp	local	lbl_Tools_rodata_8EC	lbl_Tools_rodata_8EC
.rodata	0x000008F8	0x8	Tools/db_light.cpp	local	lbl_Tools_rodata_8F8	lbl_Tools_rodata_8F8
.rodata	0x00000900	0x8	Tools/db_light.cpp	local	lbl_Tools_rodata_900	lbl_Tools_rodata_900
.rodata	0x00000908	0x8	Tools/db_light.cpp	local	lbl_Tools_rodata_908	lbl_Tools_rodata_908
.rodata	0x00000910	0x8	Tools/db_light.cpp	local	lbl_Tools_rodata_910	lbl_Tools_rodata_910
.rodata	0x00000918	0x8	Tools/db_light.cpp	local	lbl_Tools_rodata_918	lbl_Tools_rodata_918
.rodata	0x00000920	0x10	Tools/db_light.cpp	local	lbl_Tools_rodata_920	lbl_Tools_rodata_920
.rodata	0x00000930	0x18	Tools/db_light.cpp	local	lbl_Tools_rodata_930	lbl_Tools_rodata_930
.rodata	0x00000948	0x8	Tools/db_light.cpp	local	lbl_Tools_rodata_948	lbl_Tools_rodata_948
.rodata	0x00000950	0xC	Tools/db_light.cpp	local	lbl_Tools_rodata_950	lbl_Tools_rodata_950
.rodata	0x0000095C	0x8	Tools/db_light.cpp	local	lbl_Tools_rodata_95C	lbl_Tools_rodata_95C
.rodata	0x00000964	0x10	Tools/db_light.cpp	local	lbl_Tools_rodata_964	lbl_Tools_rodata_964
.rodata	0x00000974	0xC	Tools/db_light.cpp	local	lbl_Tools_rodata_974	lbl_Tools_rodata_974
.rodata	0x00000980	0xC	Tools/db_light.cpp	local	lbl_Tools_rodata_980	lbl_Tools_rodata_980
.rodata	0x0000098C	0xC	Tools/db_light.cpp	local	lbl_Tools_rodata_98C	lbl_Tools_rodata_98C
.rodata	0x00000998	0x18	Tools/db_light.cpp	local	lbl_Tools_rodata_998	lbl_Tools_rodata_998
.rodata	0x000009B0	0x1C	Tools/db_light.cpp	local	lbl_Tools_rodata_9B0	lbl_Tools_rodata_9B0
.rodata	0x000009CC	0x8	Tools/db_light.cpp	local	lbl_Tools_rodata_9CC	lbl_Tools_rodata_9CC
.rodata	0x000009D4	0xC	Tools/db_light.cpp	local	lbl_Tools_rodata_9D4	lbl_Tools_rodata_9D4
.rodata	0x000009E0	0x10	Tools/db_light.cpp	local	lbl_Tools_rodata_9E0	lbl_Tools_rodata_9E0
.rodata	0x000009F0	0x8	Tools/db_light.cpp	local	lbl_Tools_rodata_9F0	lbl_Tools_rodata_9F0
.rodata	0x000009F8	0x4	Tools/db_light.cpp	local	lbl_Tools_rodata_9F8	lbl_Tools_rodata_9F8
.rodata	0x000009FC	0x4	Tools/db_light.cpp	local	lbl_Tools_rodata_9FC	lbl_Tools_rodata_9FC
.rodata	0x00000A00	0x14	Tools/db_light.cpp	local	lbl_Tools_rodata_A00	lbl_Tools_rodata_A00
.rodata	0x00000A14	0x4	Tools/db_light.cpp	local	lbl_Tools_rodata_A14	lbl_Tools_rodata_A14
.rodata	0x00000A18	0x4	Tools/db_light.cpp	local	lbl_Tools_rodata_A18	lbl_Tools_rodata_A18
.rodata	0x00000A1C	0x4	Tools/db_light.cpp	local	lbl_Tools_rodata_A1C	lbl_Tools_rodata_A1C
.rodata	0x00000A20	0x14	Tools/db_light.cpp	local	lbl_Tools_rodata_A20	lbl_Tools_rodata_A20
.rodata	0x00000A34	0x10	Tools/db_light.cpp	local	lbl_Tools_rodata_A34	lbl_Tools_rodata_A34
.rodata	0x00000A44	0x10	Tools/db_light.cpp	local	lbl_Tools_rodata_A44	lbl_Tools_rodata_A44
.rodata	0x00000A54	0xC	Tools/db_light.cpp	local	lbl_Tools_rodata_A54	lbl_Tools_rodata_A54
.rodata	0x00000A60	0x10	Tools/db_light.cpp	local	lbl_Tools_rodata_A60	lbl_Tools_rodata_A60
.rodata	0x00000A70	0x4	Tools/db_light.cpp	local	lbl_Tools_rodata_A70	lbl_Tools_rodata_A70
.rodata	0x00000A74	0x4	Tools/db_light.cpp	local	lbl_Tools_rodata_A74	lbl_Tools_rodata_A74
.rodata	0x00000A78	0x4	Tools/db_light.cpp	local	lbl_Tools_rodata_A78	lbl_Tools_rodata_A78
.rodata	0x00000A7C	0x4	Tools/db_light.cpp	local	lbl_Tools_rodata_A7C	lbl_Tools_rodata_A7C
.rodata	0x00000A80	0x8	Tools/db_light.cpp	local	lbl_Tools_rodata_A80	lbl_Tools_rodata_A80
.rodata	0x00000A88	0x8	Tools/db_light.cpp	local	lbl_Tools_rodata_A88	lbl_Tools_rodata_A88
.rodata	0x00000A90	0xC	Tools/db_light.cpp	local	lbl_Tools_rodata_A90	lbl_Tools_rodata_A90
.rodata	0x00000A9C	0x10	Tools/db_light.cpp	local	lbl_Tools_rodata_A9C	lbl_Tools_rodata_A9C
.rodata	0x00000AAC	0x4	Tools/db_light.cpp	local	lbl_Tools_rodata_AAC	lbl_Tools_rodata_AAC
.rodata	0x00000AB0	0x4	Tools/db_light.cpp	local	lbl_Tools_rodata_AB0	lbl_Tools_rodata_AB0
.rodata	0x00000AB4	0x4	Tools/db_light.cpp	local	lbl_Tools_rodata_AB4	lbl_Tools_rodata_AB4
.rodata	0x00000AB8	0x4	Tools/db_light.cpp	local	lbl_Tools_rodata_AB8	lbl_Tools_rodata_AB8
.rodata	0x00000ABC	0x10	Tools/db_light.cpp	local	lbl_Tools_rodata_ABC	lbl_Tools_rodata_ABC
.rodata	0x00000ACC	0x10	Tools/db_light.cpp	local	lbl_Tools_rodata_ACC	lbl_Tools_rodata_ACC
.rodata	0x00000ADC	0x14	Tools/db_light.cpp	local	lbl_Tools_rodata_ADC	lbl_Tools_rodata_ADC
.rodata	0x00000AF0	0x14	Tools/db_light.cpp	local	lbl_Tools_rodata_AF0	lbl_Tools_rodata_AF0
.rodata	0x00000B04	0x18	Tools/db_light.cpp	local	lbl_Tools_rodata_B04	lbl_Tools_rodata_B04
.rodata	0x00000B1C	0xC	Tools/db_light.cpp	local	lbl_Tools_rodata_B1C	lbl_Tools_rodata_B1C
.rodata	0x00000B28	0xC	Tools/db_light.cpp	local	lbl_Tools_rodata_B28	lbl_Tools_rodata_B28
.rodata	0x00000B34	0x10	Tools/db_light.cpp	local	lbl_Tools_rodata_B34	lbl_Tools_rodata_B34
.rodata	0x00000B44	0x10	Tools/db_light.cpp	local	lbl_Tools_rodata_B44	lbl_Tools_rodata_B44
.rodata	0x00000B54	0x10	Tools/db_light.cpp	local	lbl_Tools_rodata_B54	lbl_Tools_rodata_B54
.rodata	0x00000B64	0x1C	Tools/db_light.cpp	local	lbl_Tools_rodata_B64	lbl_Tools_rodata_B64
.rodata	0x00000B80	0x4	Tools/db_light.cpp	local	lbl_Tools_rodata_B80	lbl_Tools_rodata_B80
.rodata	0x00000B84	0x4	Tools/db_light.cpp	local	lbl_Tools_rodata_B84	lbl_Tools_rodata_B84
.rodata	0x00000B88	0x4	Tools/db_light.cpp	local	lbl_Tools_rodata_B88	lbl_Tools_rodata_B88
.rodata	0x00000B8C	0xC	Tools/db_light.cpp	local	lbl_Tools_rodata_B8C	lbl_Tools_rodata_B8C
.rodata	0x00000B98	0xC	Tools/db_light.cpp	local	lbl_Tools_rodata_B98	lbl_Tools_rodata_B98
.rodata	0x00000BA4	0x10	Tools/db_light.cpp	local	lbl_Tools_rodata_BA4	lbl_Tools_rodata_BA4
.rodata	0x00000BB4	0x10	Tools/db_light.cpp	local	lbl_Tools_rodata_BB4	lbl_Tools_rodata_BB4
.rodata	0x00000BC4	0x4	Tools/db_light.cpp	local	lbl_Tools_rodata_BC4	lbl_Tools_rodata_BC4
.rodata	0x00000BC8	0x4	Tools/db_light.cpp	local	lbl_Tools_rodata_BC8	lbl_Tools_rodata_BC8
.rodata	0x00000BCC	0xC	Tools/db_light.cpp	local	lbl_Tools_rodata_BCC	lbl_Tools_rodata_BCC
.rodata	0x00000BD8	0x4	Tools/db_light.cpp	local	lbl_Tools_rodata_BD8	lbl_Tools_rodata_BD8
.rodata	0x00000BDC	0x4	Tools/db_light.cpp	local	lbl_Tools_rodata_BDC	lbl_Tools_rodata_BDC
.rodata	0x00000BE0	0xC	Tools/db_light.cpp	local	lbl_Tools_rodata_BE0	lbl_Tools_rodata_BE0
.rodata	0x00000BEC	0xC	Tools/db_light.cpp	local	lbl_Tools_rodata_BEC	lbl_Tools_rodata_BEC
.rodata	0x00000BF8	0x8	Tools/db_light.cpp	local	lbl_Tools_rodata_BF8	lbl_Tools_rodata_BF8
.rodata	0x00000C00	0xC	Tools/db_light.cpp	local	lbl_Tools_rodata_C00	lbl_Tools_rodata_C00
.rodata	0x00000C0C	0x8	Tools/db_light.cpp	local	lbl_Tools_rodata_C0C	lbl_Tools_rodata_C0C
.rodata	0x00000C14	0xC	Tools/db_light.cpp	local	lbl_Tools_rodata_C14	lbl_Tools_rodata_C14
.rodata	0x00000C20	0xC	Tools/db_light.cpp	local	lbl_Tools_rodata_C20	lbl_Tools_rodata_C20
.rodata	0x00000C2C	0x4	Tools/db_light.cpp	local	lbl_Tools_rodata_C2C	lbl_Tools_rodata_C2C
.rodata	0x00000C30	0x4	Tools/db_light.cpp	local	lbl_Tools_rodata_C30	lbl_Tools_rodata_C30
.rodata	0x00000C34	0x4	Tools/db_light.cpp	local	lbl_Tools_rodata_C34	lbl_Tools_rodata_C34
.rodata	0x00000C38	0x4	Tools/db_light.cpp	local	lbl_Tools_rodata_C38	lbl_Tools_rodata_C38
.rodata	0x00000C3C	0x4	Tools/db_light.cpp	local	lbl_Tools_rodata_C3C	lbl_Tools_rodata_C3C
.rodata	0x00000C40	0x10	Tools/db_light.cpp	local	lbl_Tools_rodata_C40	lbl_Tools_rodata_C40
.rodata	0x00000C50	0x4	Tools/db_light.cpp	local	lbl_Tools_rodata_C50	lbl_Tools_rodata_C50
.rodata	0x00000C54	0x4	Tools/db_light.cpp	local	lbl_Tools_rodata_C54	lbl_Tools_rodata_C54
.rodata	0x00000C58	0x4	Tools/db_light.cpp	local	lbl_Tools_rodata_C58	lbl_Tools_rodata_C58
.rodata	0x00000C5C	0x18	Tools/db_light.cpp	local	lbl_Tools_rodata_C5C	lbl_Tools_rodata_C5C
.rodata	0x00000C74	0xC	Tools/db_light.cpp	local	lbl_Tools_rodata_C74	lbl_Tools_rodata_C74
.rodata	0x00000C80	0x18	Tools/db_light.cpp	local	lbl_Tools_rodata_C80	lbl_Tools_rodata_C80
.rodata	0x00000C98	0x4	Tools/db_light.cpp	local	lbl_Tools_rodata_C98	lbl_Tools_rodata_C98
.rodata	0x00000C9C	0x4	Tools/db_light.cpp	local	lbl_Tools_rodata_C9C	lbl_Tools_rodata_C9C
.rodata	0x00000CA0	0x4	Tools/db_light.cpp	local	lbl_Tools_rodata_CA0	lbl_Tools_rodata_CA0
.rodata	0x00000CA4	0x4	Tools/db_light.cpp	local	lbl_Tools_rodata_CA4	lbl_Tools_rodata_CA4
.rodata	0x00000CA8	0x4	Tools/db_light.cpp	local	lbl_Tools_rodata_CA8	lbl_Tools_rodata_CA8
.rodata	0x00000CAC	0x4	Tools/db_light.cpp	local	lbl_Tools_rodata_CAC	lbl_Tools_rodata_CAC
.rodata	0x00000CB0	0x4	Tools/db_light.cpp	local	lbl_Tools_rodata_CB0	lbl_Tools_rodata_CB0
.rodata	0x00000CB4	0x4	Tools/db_light.cpp	local	lbl_Tools_rodata_CB4	lbl_Tools_rodata_CB4
.rodata	0x00000CB8	0x4	Tools/db_light.cpp	local	lbl_Tools_rodata_CB8	lbl_Tools_rodata_CB8
.rodata	0x00000CBC	0xC	Tools/db_light.cpp	local	lbl_Tools_rodata_CBC	lbl_Tools_rodata_CBC
.rodata	0x00000CC8	0xC	Tools/db_light.cpp	local	lbl_Tools_rodata_CC8	lbl_Tools_rodata_CC8
.rodata	0x00000CD4	0xC	Tools/db_light.cpp	local	lbl_Tools_rodata_CD4	lbl_Tools_rodata_CD4
.rodata	0x00000CE0	0xC	Tools/db_light.cpp	local	lbl_Tools_rodata_CE0	lbl_Tools_rodata_CE0
.rodata	0x00000CEC	0xC	Tools/db_light.cpp	local	lbl_Tools_rodata_CEC	lbl_Tools_rodata_CEC
.rodata	0x00000CF8	0xC	Tools/db_light.cpp	local	lbl_Tools_rodata_CF8	lbl_Tools_rodata_CF8
.rodata	0x00000D04	0x8	Tools/db_light.cpp	local	lbl_Tools_rodata_D04	lbl_Tools_rodata_D04
.rodata	0x00000D0C	0x4	Tools/db_light.cpp	local	lbl_Tools_rodata_D0C	lbl_Tools_rodata_D0C
.rodata	0x00000D10	0x4	Tools/db_light.cpp	local	lbl_Tools_rodata_D10	lbl_Tools_rodata_D10
.rodata	0x00000D14	0x4	Tools/db_light.cpp	local	lbl_Tools_rodata_D14	lbl_Tools_rodata_D14
.rodata	0x00000D18	0x4	Tools/db_light.cpp	local	lbl_Tools_rodata_D18	lbl_Tools_rodata_D18
.rodata	0x00000D1C	0x4	Tools/db_light.cpp	local	lbl_Tools_rodata_D1C	lbl_Tools_rodata_D1C
.rodata	0x00000D20	0x4	Tools/db_light.cpp	local	lbl_Tools_rodata_D20	lbl_Tools_rodata_D20
.rodata	0x00000D24	0x4	Tools/db_light.cpp	local	lbl_Tools_rodata_D24	lbl_Tools_rodata_D24
.rodata	0x00000D28	0x4	Tools/db_light.cpp	local	lbl_Tools_rodata_D28	lbl_Tools_rodata_D28
.rodata	0x00000D2C	0x4	Tools/db_light.cpp	local	lbl_Tools_rodata_D2C	lbl_Tools_rodata_D2C
.rodata	0x00000D30	0x8	Tools/db_light.cpp	local	lbl_Tools_rodata_D30	lbl_Tools_rodata_D30
.rodata	0x00000D38	0x8	Tools/db_light.cpp	local	lbl_Tools_rodata_D38	lbl_Tools_rodata_D38
.rodata	0x00000D40	0x4	Tools/db_light.cpp	local	lbl_Tools_rodata_D40	lbl_Tools_rodata_D40
.rodata	0x00000D44	0x4	Tools/db_light.cpp	local	lbl_Tools_rodata_D44	lbl_Tools_rodata_D44
.rodata	0x00000D48	0x8	Tools/db_light.cpp	local	lbl_Tools_rodata_D48	lbl_Tools_rodata_D48
.rodata	0x00000D50	0x4	Tools/db_light.cpp	local	lbl_Tools_rodata_D50	lbl_Tools_rodata_D50
.rodata	0x00000D54	0x4	Tools/db_light.cpp	local	lbl_Tools_rodata_D54	lbl_Tools_rodata_D54
.rodata	0x00000D58	0x4	Tools/db_light.cpp	local	lbl_Tools_rodata_D58	lbl_Tools_rodata_D58
.rodata	0x00000D5C	0x4	Tools/db_light.cpp	local	lbl_Tools_rodata_D5C	lbl_Tools_rodata_D5C
.rodata	0x00000D60	0xC	Tools/db_light.cpp	local	lbl_Tools_rodata_D60	lbl_Tools_rodata_D60
.rodata	0x00000D6C	0xC	Tools/db_light.cpp	local	lbl_Tools_rodata_D6C	lbl_Tools_rodata_D6C
.rodata	0x00000D78	0xC	Tools/db_light.cpp	local	lbl_Tools_rodata_D78	lbl_Tools_rodata_D78
.rodata	0x00000D84	0x4	Tools/db_light.cpp	local	lbl_Tools_rodata_D84	lbl_Tools_rodata_D84
.rodata	0x00000D88	0x4	Tools/db_light.cpp	local	lbl_Tools_rodata_D88	lbl_Tools_rodata_D88
.rodata	0x00000D8C	0x4	Tools/db_light.cpp	local	lbl_Tools_rodata_D8C	lbl_Tools_rodata_D8C
.rodata	0x00000D90	0x4	Tools/db_light.cpp	local	lbl_Tools_rodata_D90	lbl_Tools_rodata_D90
.rodata	0x00000D94	0x4	Tools/db_light.cpp	local	lbl_Tools_rodata_D94	lbl_Tools_rodata_D94
.rodata	0x00000D98	0x4	Tools/db_light.cpp	local	lbl_Tools_rodata_D98	lbl_Tools_rodata_D98
.rodata	0x00000D9C	0x4	Tools/db_light.cpp	local	lbl_Tools_rodata_D9C	lbl_Tools_rodata_D9C
.rodata	0x00000DA0	0x4	Tools/db_light.cpp	local	lbl_Tools_rodata_DA0	lbl_Tools_rodata_DA0
.rodata	0x00000DA4	0x8	Tools/db_light.cpp	local	lbl_Tools_rodata_DA4	lbl_Tools_rodata_DA4
.rodata	0x00000DAC	0xC	Tools/db_light.cpp	local	lbl_Tools_rodata_DAC	lbl_Tools_rodata_DAC
.rodata	0x00000DB8	0x10	Tools/db_light.cpp	local	lbl_Tools_rodata_DB8	lbl_Tools_rodata_DB8
.rodata	0x00000DC8	0x10	Tools/db_light.cpp	local	lbl_Tools_rodata_DC8	lbl_Tools_rodata_DC8
.rodata	0x00000DD8	0x8	Tools/db_light.cpp	local	lbl_Tools_rodata_DD8	lbl_Tools_rodata_DD8
.rodata	0x00000DE0	0x10	Tools/db_light.cpp	local	lbl_Tools_rodata_DE0	lbl_Tools_rodata_DE0
.rodata	0x00000DF0	0x4	Tools/db_light.cpp	local	lbl_Tools_rodata_DF0	lbl_Tools_rodata_DF0
.rodata	0x00000DF4	0x4	Tools/db_light.cpp	local	lbl_Tools_rodata_DF4	lbl_Tools_rodata_DF4
.rodata	0x00000DF8	0x4	Tools/db_light.cpp	local	lbl_Tools_rodata_DF8	lbl_Tools_rodata_DF8
.rodata	0x00000DFC	0x4	Tools/db_light.cpp	local	lbl_Tools_rodata_DFC	lbl_Tools_rodata_DFC
.rodata	0x00000E00	0x4	Tools/db_light.cpp	local	lbl_Tools_rodata_E00	lbl_Tools_rodata_E00
.rodata	0x00000E04	0x8	Tools/db_light.cpp	local	lbl_Tools_rodata_E04	lbl_Tools_rodata_E04
.rodata	0x00000E0C	0x4	Tools/db_light.cpp	local	lbl_Tools_rodata_E0C	lbl_Tools_rodata_E0C
.rodata	0x00000E10	0x10	Tools/db_light.cpp	local	lbl_Tools_rodata_E10	lbl_Tools_rodata_E10
.rodata	0x00000E20	0x10	Tools/db_light.cpp	local	lbl_Tools_rodata_E20	lbl_Tools_rodata_E20
.rodata	0x00000E30	0xC	Tools/db_light.cpp	local	lbl_Tools_rodata_E30	lbl_Tools_rodata_E30
.rodata	0x00000E3C	0xC	Tools/db_light.cpp	local	lbl_Tools_rodata_E3C	lbl_Tools_rodata_E3C
.rodata	0x00000E48	0xC	Tools/db_light.cpp	local	lbl_Tools_rodata_E48	lbl_Tools_rodata_E48
.rodata	0x00000E54	0x4	Tools/db_light.cpp	local	lbl_Tools_rodata_E54	lbl_Tools_rodata_E54
.rodata	0x00000E58	0x4	Tools/db_light.cpp	local	lbl_Tools_rodata_E58	lbl_Tools_rodata_E58
.rodata	0x00000E5C	0x4	Tools/db_light.cpp	local	lbl_Tools_rodata_E5C	lbl_Tools_rodata_E5C
.rodata	0x00000E60	0x4	Tools/db_light.cpp	local	lbl_Tools_rodata_E60	lbl_Tools_rodata_E60
.rodata	0x00000E64	0x4	Tools/db_light.cpp	local	lbl_Tools_rodata_E64	lbl_Tools_rodata_E64
.rodata	0x00000E68	0x8	Tools/db_light.cpp	local	lbl_Tools_rodata_E68	lbl_Tools_rodata_E68
.rodata	0x00000E70	0x8	Tools/db_light.cpp	local	lbl_Tools_rodata_E70	lbl_Tools_rodata_E70
.rodata	0x00000E78	0x4	Tools/db_light.cpp	local	lbl_Tools_rodata_E78	lbl_Tools_rodata_E78
.rodata	0x00000E7C	0x4	Tools/db_light.cpp	local	lbl_Tools_rodata_E7C	lbl_Tools_rodata_E7C
.rodata	0x00000E80	0x8	Tools/db_light.cpp	local	lbl_Tools_rodata_E80	lbl_Tools_rodata_E80
.rodata	0x00000E88	0x4	Tools/db_light.cpp	local	lbl_Tools_rodata_E88	lbl_Tools_rodata_E88
.rodata	0x00000E8C	0xC	Tools/db_light.cpp	local	lbl_Tools_rodata_E8C	lbl_Tools_rodata_E8C
.rodata	0x00000E98	0x10	Tools/db_light.cpp	local	lbl_Tools_rodata_E98	lbl_Tools_rodata_E98
.rodata	0x00000EA8	0xC	Tools/db_light.cpp	local	lbl_Tools_rodata_EA8	lbl_Tools_rodata_EA8
.rodata	0x00000EB4	0xC	Tools/db_light.cpp	local	lbl_Tools_rodata_EB4	lbl_Tools_rodata_EB4
.rodata	0x00000EC0	0xC	Tools/db_light.cpp	local	lbl_Tools_rodata_EC0	lbl_Tools_rodata_EC0
.rodata	0x00000ECC	0xC	Tools/db_light.cpp	local	lbl_Tools_rodata_ECC	lbl_Tools_rodata_ECC
.rodata	0x00000ED8	0xC	Tools/db_light.cpp	local	lbl_Tools_rodata_ED8	lbl_Tools_rodata_ED8
.rodata	0x00000EE4	0xC	Tools/db_light.cpp	local	lbl_Tools_rodata_EE4	lbl_Tools_rodata_EE4
.rodata	0x00000EF0	0xC	Tools/db_light.cpp	local	lbl_Tools_rodata_EF0	lbl_Tools_rodata_EF0
.rodata	0x00000EFC	0xC	Tools/db_light.cpp	local	lbl_Tools_rodata_EFC	lbl_Tools_rodata_EFC
.rodata	0x00000F08	0x4	Tools/db_light.cpp	local	lbl_Tools_rodata_F08	lbl_Tools_rodata_F08
.rodata	0x00000F0C	0x4	Tools/db_light.cpp	local	lbl_Tools_rodata_F0C	lbl_Tools_rodata_F0C
.rodata	0x00000F10	0x4	Tools/db_light.cpp	local	lbl_Tools_rodata_F10	lbl_Tools_rodata_F10
.rodata	0x00000F14	0x4	Tools/db_light.cpp	local	lbl_Tools_rodata_F14	lbl_Tools_rodata_F14
.rodata	0x00000F18	0x4	Tools/db_light.cpp	local	lbl_Tools_rodata_F18	lbl_Tools_rodata_F18
.rodata	0x00000F1C	0x4	Tools/db_light.cpp	local	lbl_Tools_rodata_F1C	lbl_Tools_rodata_F1C
.rodata	0x00000F20	0xC	Tools/db_light.cpp	local	lbl_Tools_rodata_F20	lbl_Tools_rodata_F20
.rodata	0x00000F2C	0xC	Tools/db_light.cpp	local	lbl_Tools_rodata_F2C	lbl_Tools_rodata_F2C
.rodata	0x00000F38	0x10	Tools/db_light.cpp	local	lbl_Tools_rodata_F38	lbl_Tools_rodata_F38
.rodata	0x00000F48	0xC	Tools/db_light.cpp	local	lbl_Tools_rodata_F48	lbl_Tools_rodata_F48
.rodata	0x00000F54	0x4	Tools/db_light.cpp	local	lbl_Tools_rodata_F54	lbl_Tools_rodata_F54
.rodata	0x00000F58	0x4	Tools/db_light.cpp	local	lbl_Tools_rodata_F58	lbl_Tools_rodata_F58
.rodata	0x00000F5C	0x4	Tools/db_light.cpp	local	lbl_Tools_rodata_F5C	lbl_Tools_rodata_F5C
.rodata	0x00000F60	0x4	Tools/db_light.cpp	local	lbl_Tools_rodata_F60	lbl_Tools_rodata_F60
.rodata	0x00000F64	0x4	Tools/db_light.cpp	local	lbl_Tools_rodata_F64	lbl_Tools_rodata_F64
.rodata	0x00000F68	0x4	Tools/db_light.cpp	local	lbl_Tools_rodata_F68	lbl_Tools_rodata_F68
.rodata	0x00000F6C	0x8	Tools/db_light.cpp	local	lbl_Tools_rodata_F6C	lbl_Tools_rodata_F6C
.rodata	0x00000F74	0x4	Tools/db_light.cpp	local	lbl_Tools_rodata_F74	lbl_Tools_rodata_F74
.rodata	0x00000F78	0x8	Tools/db_light.cpp	local	lbl_Tools_rodata_F78	lbl_Tools_rodata_F78
.rodata	0x00000F80	0x8	Tools/db_light.cpp	local	lbl_Tools_rodata_F80	lbl_Tools_rodata_F80
.rodata	0x00000F88	0x4	Tools/db_light.cpp	local	lbl_Tools_rodata_F88	lbl_Tools_rodata_F88
.rodata	0x00000F8C	0x4	Tools/db_light.cpp	local	lbl_Tools_rodata_F8C	lbl_Tools_rodata_F8C
.rodata	0x00000F90	0x4	Tools/db_light.cpp	local	lbl_Tools_rodata_F90	lbl_Tools_rodata_F90
.rodata	0x00000F94	0x4	Tools/db_light.cpp	local	lbl_Tools_rodata_F94	lbl_Tools_rodata_F94
.rodata	0x00000F98	0x4	Tools/db_light.cpp	local	lbl_Tools_rodata_F98	lbl_Tools_rodata_F98
.rodata	0x00000F9C	0x4	Tools/db_light.cpp	local	lbl_Tools_rodata_F9C	lbl_Tools_rodata_F9C
.rodata	0x00000FA0	0x4	Tools/db_light.cpp	local	lbl_Tools_rodata_FA0	lbl_Tools_rodata_FA0
.rodata	0x00000FA4	0x4	Tools/db_light.cpp	local	lbl_Tools_rodata_FA4	lbl_Tools_rodata_FA4
.rodata	0x00000FA8	0x4	Tools/db_light.cpp	local	lbl_Tools_rodata_FA8	lbl_Tools_rodata_FA8
.rodata	0x00000FAC	0x14	Tools/db_light.cpp	local	lbl_Tools_rodata_FAC	lbl_Tools_rodata_FAC
.rodata	0x00000FC0	0x14	Tools/db_light.cpp	local	lbl_Tools_rodata_FC0	lbl_Tools_rodata_FC0
.rodata	0x00000FD4	0xC	Tools/db_light.cpp	local	lbl_Tools_rodata_FD4	lbl_Tools_rodata_FD4
.rodata	0x00000FE0	0x10	Tools/db_light.cpp	local	lbl_Tools_rodata_FE0	lbl_Tools_rodata_FE0
.rodata	0x00000FF0	0x10	Tools/db_light.cpp	local	lbl_Tools_rodata_FF0	lbl_Tools_rodata_FF0
.rodata	0x00001000	0x10	Tools/db_light.cpp	local	lbl_Tools_rodata_1000	lbl_Tools_rodata_1000
.rodata	0x00001010	0x10	Tools/db_light.cpp	local	lbl_Tools_rodata_1010	lbl_Tools_rodata_1010
.rodata	0x00001020	0x8	Tools/db_light.cpp	local	lbl_Tools_rodata_1020	lbl_Tools_rodata_1020
.rodata	0x00001028	0x8	Tools/db_light.cpp	local	lbl_Tools_rodata_1028	lbl_Tools_rodata_1028
.rodata	0x00001030	0x4	Tools/db_light.cpp	local	lbl_Tools_rodata_1030	lbl_Tools_rodata_1030
.rodata	0x00001034	0x4	Tools/db_light.cpp	local	lbl_Tools_rodata_1034	lbl_Tools_rodata_1034
.rodata	0x00001038	0x4	Tools/db_light.cpp	local	lbl_Tools_rodata_1038	lbl_Tools_rodata_1038
.rodata	0x0000103C	0x4	Tools/db_light.cpp	local	lbl_Tools_rodata_103C	lbl_Tools_rodata_103C
.rodata	0x00001040	0x4	Tools/db_light.cpp	local	lbl_Tools_rodata_1040	lbl_Tools_rodata_1040
.rodata	0x00001044	0x4	Tools/db_light.cpp	local	lbl_Tools_rodata_1044	lbl_Tools_rodata_1044
.rodata	0x00001048	0x4	Tools/db_light.cpp	local	lbl_Tools_rodata_1048	lbl_Tools_rodata_1048
.rodata	0x0000104C	0x4	Tools/db_light.cpp	local	lbl_Tools_rodata_104C	lbl_Tools_rodata_104C
.rodata	0x00001050	0x4	Tools/db_light.cpp	local	lbl_Tools_rodata_1050	lbl_Tools_rodata_1050
.rodata	0x00001054	0xC	Tools/db_light.cpp	local	lbl_Tools_rodata_1054	lbl_Tools_rodata_1054
.rodata	0x00001060	0x8	Tools/db_light.cpp	local	lbl_Tools_rodata_1060	lbl_Tools_rodata_1060
.rodata	0x00001068	0xC	Tools/db_light.cpp	local	lbl_Tools_rodata_1068	lbl_Tools_rodata_1068
.rodata	0x00001074	0xC	Tools/db_light.cpp	local	lbl_Tools_rodata_1074	lbl_Tools_rodata_1074
.rodata	0x00001080	0x8	Tools/db_light.cpp	local	lbl_Tools_rodata_1080	lbl_Tools_rodata_1080
.rodata	0x00001088	0x8	Tools/db_light.cpp	local	lbl_Tools_rodata_1088	lbl_Tools_rodata_1088
.rodata	0x00001090	0x10	Tools/db_light.cpp	local	lbl_Tools_rodata_1090	lbl_Tools_rodata_1090
.rodata	0x000010A0	0xC	Tools/db_light.cpp	local	lbl_Tools_rodata_10A0	lbl_Tools_rodata_10A0
.rodata	0x000010AC	0x10	Tools/db_light.cpp	local	lbl_Tools_rodata_10AC	lbl_Tools_rodata_10AC
.rodata	0x000010BC	0x18	Tools/db_light.cpp	local	lbl_Tools_rodata_10BC	lbl_Tools_rodata_10BC
.rodata	0x000010D4	0x10	Tools/db_light.cpp	local	lbl_Tools_rodata_10D4	lbl_Tools_rodata_10D4
.rodata	0x000010E4	0x14	Tools/db_light.cpp	local	lbl_Tools_rodata_10E4	lbl_Tools_rodata_10E4
.rodata	0x000010F8	0x14	Tools/db_light.cpp	local	lbl_Tools_rodata_10F8	lbl_Tools_rodata_10F8
.rodata	0x0000110C	0x14	Tools/db_light.cpp	local	lbl_Tools_rodata_110C	lbl_Tools_rodata_110C
.rodata	0x00001120	0x14	Tools/db_light.cpp	local	lbl_Tools_rodata_1120	lbl_Tools_rodata_1120
.rodata	0x00001134	0x14	Tools/db_light.cpp	local	lbl_Tools_rodata_1134	lbl_Tools_rodata_1134
.rodata	0x00001148	0xC	Tools/db_light.cpp	local	lbl_Tools_rodata_1148	lbl_Tools_rodata_1148
.rodata	0x00001154	0x18	Tools/db_light.cpp	local	lbl_Tools_rodata_1154	lbl_Tools_rodata_1154
.rodata	0x0000116C	0x14	Tools/db_light.cpp	local	lbl_Tools_rodata_116C	lbl_Tools_rodata_116C
.rodata	0x00001180	0x14	Tools/db_light.cpp	local	lbl_Tools_rodata_1180	lbl_Tools_rodata_1180
.rodata	0x00001194	0x18	Tools/db_light.cpp	local	lbl_Tools_rodata_1194	lbl_Tools_rodata_1194
.rodata	0x000011AC	0x18	Tools/db_light.cpp	local	lbl_Tools_rodata_11AC	lbl_Tools_rodata_11AC
.rodata	0x000011C4	0x18	Tools/db_light.cpp	local	lbl_Tools_rodata_11C4	lbl_Tools_rodata_11C4
.rodata	0x000011DC	0x14	Tools/db_light.cpp	local	lbl_Tools_rodata_11DC	lbl_Tools_rodata_11DC
.rodata	0x000011F0	0x8	Tools/db_light.cpp	local	lbl_Tools_rodata_11F0	lbl_Tools_rodata_11F0
.rodata	0x000011F8	0x4	Tools/db_light.cpp	local	lbl_Tools_rodata_11F8	lbl_Tools_rodata_11F8
.rodata	0x000011FC	0x4	Tools/db_light.cpp	local	lbl_Tools_rodata_11FC	lbl_Tools_rodata_11FC
.rodata	0x00001200	0x4	Tools/db_light.cpp	local	lbl_Tools_rodata_1200	lbl_Tools_rodata_1200
.rodata	0x00001204	0x4	Tools/db_light.cpp	local	lbl_Tools_rodata_1204	lbl_Tools_rodata_1204
.rodata	0x00001208	0x4	Tools/db_light.cpp	local	lbl_Tools_rodata_1208	lbl_Tools_rodata_1208
.rodata	0x0000120C	0x4	Tools/db_light.cpp	local	lbl_Tools_rodata_120C	lbl_Tools_rodata_120C
.rodata	0x00001210	0x4	Tools/db_light.cpp	local	lbl_Tools_rodata_1210	lbl_Tools_rodata_1210
.rodata	0x00001214	0x8	Tools/db_light.cpp	local	lbl_Tools_rodata_1214	lbl_Tools_rodata_1214
.rodata	0x0000121C	0x4	Tools/db_light.cpp	local	lbl_Tools_rodata_121C	lbl_Tools_rodata_121C
.rodata	0x00001220	0x4	Tools/db_light.cpp	local	lbl_Tools_rodata_1220	lbl_Tools_rodata_1220
.rodata	0x00001224	0x3C	Tools/db_light.cpp	local	lbl_Tools_rodata_1224	lbl_Tools_rodata_1224
.rodata	0x00001260	0x3C	Tools/db_light.cpp	local	lbl_Tools_rodata_1260	lbl_Tools_rodata_1260
.rodata	0x0000129C	0x4	Tools/db_light.cpp	local	lbl_Tools_rodata_129C	lbl_Tools_rodata_129C
.rodata	0x000012A0	0x4	Tools/db_light.cpp	local	lbl_Tools_rodata_12A0	lbl_Tools_rodata_12A0
.rodata	0x000012A4	0x4	Tools/db_light.cpp	local	lbl_Tools_rodata_12A4	lbl_Tools_rodata_12A4
.rodata	0x000012A8	0x4	Tools/db_light.cpp	local	lbl_Tools_rodata_12A8	lbl_Tools_rodata_12A8
.rodata	0x000012AC	0x4	Tools/db_light.cpp	local	lbl_Tools_rodata_12AC	lbl_Tools_rodata_12AC
.rodata	0x000012B0	0x14	Tools/db_light.cpp	local	lbl_Tools_rodata_12B0	lbl_Tools_rodata_12B0
.rodata	0x000012C4	0x4	Tools/db_light.cpp	local	lbl_Tools_rodata_12C4	lbl_Tools_rodata_12C4
.rodata	0x000012C8	0x4	Tools/db_light.cpp	local	lbl_Tools_rodata_12C8	lbl_Tools_rodata_12C8
.rodata	0x000012CC	0x8	Tools/db_light.cpp	local	lbl_Tools_rodata_12CC	lbl_Tools_rodata_12CC
.rodata	0x000012D4	0x8	Tools/db_light.cpp	local	lbl_Tools_rodata_12D4	lbl_Tools_rodata_12D4
.rodata	0x000012DC	0x8	Tools/db_light.cpp	local	lbl_Tools_rodata_12DC	lbl_Tools_rodata_12DC
.rodata	0x000012E4	0x4	Tools/db_light.cpp	local	lbl_Tools_rodata_12E4	lbl_Tools_rodata_12E4
.rodata	0x000012E8	0x8	Tools/db_light.cpp	local	lbl_Tools_rodata_12E8	lbl_Tools_rodata_12E8
.rodata	0x000012F0	0xC	Tools/db_light.cpp	local	lbl_Tools_rodata_12F0	lbl_Tools_rodata_12F0
.rodata	0x000012FC	0x4	Tools/db_light.cpp	local	lbl_Tools_rodata_12FC	lbl_Tools_rodata_12FC
.rodata	0x00001300	0x4	Tools/db_light.cpp	local	lbl_Tools_rodata_1300	lbl_Tools_rodata_1300
.rodata	0x00001304	0x4	Tools/db_light.cpp	local	lbl_Tools_rodata_1304	lbl_Tools_rodata_1304
.rodata	0x00001308	0x4	Tools/db_light.cpp	local	lbl_Tools_rodata_1308	lbl_Tools_rodata_1308
.rodata	0x0000130C	0x4	Tools/db_light.cpp	local	lbl_Tools_rodata_130C	lbl_Tools_rodata_130C
.rodata	0x00001310	0x4	Tools/db_light.cpp	local	lbl_Tools_rodata_1310	lbl_Tools_rodata_1310
.rodata	0x00001314	0x4	Tools/db_light.cpp	local	lbl_Tools_rodata_1314	lbl_Tools_rodata_1314
.rodata	0x00001318	0x28	Tools/db_light.cpp	local	lbl_Tools_rodata_1318	lbl_Tools_rodata_1318
.rodata	0x00001340	0x1C	Tools/db_light.cpp	local	lbl_Tools_rodata_1340	lbl_Tools_rodata_1340
.rodata	0x0000135C	0x28	Tools/db_light.cpp	local	lbl_Tools_rodata_135C	lbl_Tools_rodata_135C
.rodata	0x00001384	0x8	Tools/db_light.cpp	local	lbl_Tools_rodata_1384	lbl_Tools_rodata_1384
.rodata	0x0000138C	0x8	Tools/db_light.cpp	local	lbl_Tools_rodata_138C	lbl_Tools_rodata_138C
.rodata	0x00001394	0x8	Tools/db_light.cpp	local	lbl_Tools_rodata_1394	lbl_Tools_rodata_1394
.rodata	0x0000139C	0x8	Tools/db_light.cpp	local	lbl_Tools_rodata_139C	lbl_Tools_rodata_139C
.rodata	0x000013A4	0x8	Tools/db_light.cpp	local	lbl_Tools_rodata_13A4	lbl_Tools_rodata_13A4
.rodata	0x000013AC	0x8	Tools/db_light.cpp	local	lbl_Tools_rodata_13AC	lbl_Tools_rodata_13AC
.rodata	0x000013B4	0x4	Tools/db_light.cpp	local	lbl_Tools_rodata_13B4	lbl_Tools_rodata_13B4
.rodata	0x000013B8	0x4	Tools/db_light.cpp	local	lbl_Tools_rodata_13B8	lbl_Tools_rodata_13B8
.rodata	0x000013BC	0x4	Tools/db_light.cpp	local	lbl_Tools_rodata_13BC	lbl_Tools_rodata_13BC
.rodata	0x000013C0	0x4	Tools/db_light.cpp	local	lbl_Tools_rodata_13C0	lbl_Tools_rodata_13C0
.rodata	0x000013C4	0x4	Tools/db_light.cpp	local	lbl_Tools_rodata_13C4	lbl_Tools_rodata_13C4
.rodata	0x000013C8	0x4	Tools/db_light.cpp	local	lbl_Tools_rodata_13C8	lbl_Tools_rodata_13C8
.rodata	0x000013CC	0x4	Tools/db_light.cpp	local	lbl_Tools_rodata_13CC	lbl_Tools_rodata_13CC
.rodata	0x000013D0	0x4	Tools/db_light.cpp	local	lbl_Tools_rodata_13D0	lbl_Tools_rodata_13D0
.rodata	0x000013D4	0x8	Tools/db_light.cpp	local	lbl_Tools_rodata_13D4	lbl_Tools_rodata_13D4
.rodata	0x000013DC	0x4	Tools/db_light.cpp	local	lbl_Tools_rodata_13DC	lbl_Tools_rodata_13DC
.rodata	0x000013E0	0x8	Tools/db_light.cpp	local	lbl_Tools_rodata_13E0	lbl_Tools_rodata_13E0
.rodata	0x000013E8	0x8	Tools/db_light.cpp	local	lbl_Tools_rodata_13E8	lbl_Tools_rodata_13E8
.rodata	0x000013F0	0xC	Tools/db_light.cpp	local	lbl_Tools_rodata_13F0	lbl_Tools_rodata_13F0
.rodata	0x000013FC	0x8	Tools/db_light.cpp	local	lbl_Tools_rodata_13FC	lbl_Tools_rodata_13FC
.rodata	0x00001404	0x4	Tools/db_light.cpp	local	lbl_Tools_rodata_1404	lbl_Tools_rodata_1404
.rodata	0x00001408	0x4	Tools/db_light.cpp	local	lbl_Tools_rodata_1408	lbl_Tools_rodata_1408
.rodata	0x0000140C	0x4	Tools/db_light.cpp	local	lbl_Tools_rodata_140C	lbl_Tools_rodata_140C
.rodata	0x00001410	0xC	Tools/db_light.cpp	local	lbl_Tools_rodata_1410	lbl_Tools_rodata_1410
.rodata	0x0000141C	0x4	Tools/db_light.cpp	local	lbl_Tools_rodata_141C	lbl_Tools_rodata_141C
.rodata	0x00001420	0x4	Tools/db_light.cpp	local	lbl_Tools_rodata_1420	lbl_Tools_rodata_1420
.rodata	0x00001424	0x4	Tools/db_light.cpp	local	lbl_Tools_rodata_1424	lbl_Tools_rodata_1424
.rodata	0x00001428	0x4	Tools/db_light.cpp	local	lbl_Tools_rodata_1428	lbl_Tools_rodata_1428
.rodata	0x0000142C	0x4	Tools/db_light.cpp	local	lbl_Tools_rodata_142C	lbl_Tools_rodata_142C
.rodata	0x00001430	0x8	Tools/db_light.cpp	local	lbl_Tools_rodata_1430	lbl_Tools_rodata_1430
.rodata	0x00001438	0x8	Tools/db_light.cpp	local	lbl_Tools_rodata_1438	lbl_Tools_rodata_1438
.rodata	0x00001440	0x4	Tools/db_light.cpp	local	lbl_Tools_rodata_1440	lbl_Tools_rodata_1440
.rodata	0x00001444	0x18	Tools/db_light.cpp	local	lbl_Tools_rodata_1444	lbl_Tools_rodata_1444
.rodata	0x0000145C	0x8	Tools/db_light.cpp	local	lbl_Tools_rodata_145C	lbl_Tools_rodata_145C
.rodata	0x00001464	0x8	Tools/db_light.cpp	local	lbl_Tools_rodata_1464	lbl_Tools_rodata_1464
.rodata	0x0000146C	0xC	Tools/db_light.cpp	local	lbl_Tools_rodata_146C	lbl_Tools_rodata_146C
.rodata	0x00001478	0x8	Tools/db_light.cpp	local	lbl_Tools_rodata_1478	lbl_Tools_rodata_1478
.rodata	0x00001480	0x4	Tools/db_light.cpp	local	lbl_Tools_rodata_1480	lbl_Tools_rodata_1480
.rodata	0x00001484	0x14	Tools/db_light.cpp	local	lbl_Tools_rodata_1484	lbl_Tools_rodata_1484
.rodata	0x00001498	0x4	Tools/db_light.cpp	local	lbl_Tools_rodata_1498	lbl_Tools_rodata_1498
.rodata	0x0000149C	0x4	Tools/db_light.cpp	local	lbl_Tools_rodata_149C	lbl_Tools_rodata_149C
.rodata	0x000014A0	0x4	Tools/db_light.cpp	local	lbl_Tools_rodata_14A0	lbl_Tools_rodata_14A0
.rodata	0x000014A4	0x4	Tools/db_light.cpp	local	lbl_Tools_rodata_14A4	lbl_Tools_rodata_14A4
.rodata	0x000014A8	0x4	Tools/db_light.cpp	local	lbl_Tools_rodata_14A8	lbl_Tools_rodata_14A8
.rodata	0x000014AC	0x4	Tools/db_light.cpp	local	lbl_Tools_rodata_14AC	lbl_Tools_rodata_14AC
.rodata	0x000014B0	0x8	Tools/db_light.cpp	local	lbl_Tools_rodata_14B0	lbl_Tools_rodata_14B0
.rodata	0x000014B8	0x8	Tools/db_light.cpp	local	lbl_Tools_rodata_14B8	lbl_Tools_rodata_14B8
.rodata	0x000014C0	0x8	Tools/db_light.cpp	local	lbl_Tools_rodata_14C0	lbl_Tools_rodata_14C0
.rodata	0x000014C8	0x8	Tools/db_light.cpp	local	lbl_Tools_rodata_14C8	lbl_Tools_rodata_14C8
.rodata	0x000014D0	0x8	Tools/db_light.cpp	local	lbl_Tools_rodata_14D0	lbl_Tools_rodata_14D0
.rodata	0x000014D8	0x4	Tools/db_light.cpp	local	lbl_Tools_rodata_14D8	lbl_Tools_rodata_14D8
.rodata	0x000014DC	0x4	Tools/db_light.cpp	local	lbl_Tools_rodata_14DC	lbl_Tools_rodata_14DC
.rodata	0x000014E0	0x4	Tools/db_light.cpp	local	lbl_Tools_rodata_14E0	lbl_Tools_rodata_14E0
.rodata	0x000014E4	0x4	Tools/db_light.cpp	local	lbl_Tools_rodata_14E4	lbl_Tools_rodata_14E4
.rodata	0x000014E8	0x8	Tools/db_light.cpp	local	lbl_Tools_rodata_14E8	lbl_Tools_rodata_14E8
.rodata	0x000014F0	0x8	Tools/db_light.cpp	local	lbl_Tools_rodata_14F0	lbl_Tools_rodata_14F0
.rodata	0x000014F8	0x24	Tools/db_light.cpp	local	lbl_Tools_rodata_14F8	lbl_Tools_rodata_14F8
.rodata	0x0000151C	0x28	Tools/db_light.cpp	local	lbl_Tools_rodata_151C	lbl_Tools_rodata_151C
.rodata	0x00001544	0x28	Tools/db_light.cpp	local	lbl_Tools_rodata_1544	lbl_Tools_rodata_1544
.rodata	0x0000156C	0x38	Tools/db_light.cpp	local	lbl_Tools_rodata_156C	lbl_Tools_rodata_156C
.rodata	0x000015A4	0x28	Tools/db_light.cpp	local	lbl_Tools_rodata_15A4	lbl_Tools_rodata_15A4
.rodata	0x000015CC	0x1C	Tools/db_light.cpp	local	lbl_Tools_rodata_15CC	lbl_Tools_rodata_15CC
.rodata	0x000015E8	0x20	Tools/db_light.cpp	global	lbl_Tools_rodata_15E8	lbl_Tools_rodata_15E8
.rodata	0x00001608	0x28	Tools/db_light.cpp	global	lbl_Tools_rodata_1608	lbl_Tools_rodata_1608
.rodata	0x00001630	0x4	Tools/db_light.cpp	local	lbl_Tools_rodata_1630	lbl_Tools_rodata_1630
.rodata	0x00001634	0xC	Tools/db_light.cpp	local	lbl_Tools_rodata_1634	lbl_Tools_rodata_1634
.rodata	0x00001658	0x8	Tools/db_mod.cpp	local	lbl_Tools_rodata_1658	lbl_Tools_rodata_1658
.rodata	0x00001660	0x8	Tools/db_mod.cpp	local	lbl_Tools_rodata_1660	lbl_Tools_rodata_1660
.rodata	0x00001668	0x8	Tools/db_mod.cpp	local	lbl_Tools_rodata_1668	lbl_Tools_rodata_1668
.rodata	0x00001670	0x8	Tools/db_mod.cpp	local	lbl_Tools_rodata_1670	lbl_Tools_rodata_1670
.rodata	0x00001678	0x8	Tools/db_mod.cpp	local	lbl_Tools_rodata_1678	lbl_Tools_rodata_1678
.rodata	0x00001680	0x8	Tools/db_mod.cpp	local	lbl_Tools_rodata_1680	lbl_Tools_rodata_1680
.rodata	0x00001688	0x8	Tools/db_mod.cpp	local	lbl_Tools_rodata_1688	lbl_Tools_rodata_1688
.rodata	0x00001690	0x8	Tools/db_mod.cpp	local	lbl_Tools_rodata_1690	lbl_Tools_rodata_1690
.rodata	0x00001698	0x8	Tools/db_mod.cpp	local	lbl_Tools_rodata_1698	lbl_Tools_rodata_1698
.rodata	0x000016A0	0x8	Tools/db_mod.cpp	local	lbl_Tools_rodata_16A0	lbl_Tools_rodata_16A0
.rodata	0x000016A8	0x8	Tools/db_mod.cpp	local	lbl_Tools_rodata_16A8	lbl_Tools_rodata_16A8
.rodata	0x000016B0	0x8	Tools/db_mod.cpp	local	lbl_Tools_rodata_16B0	lbl_Tools_rodata_16B0
.rodata	0x000016B8	0x8	Tools/db_mod.cpp	local	lbl_Tools_rodata_16B8	lbl_Tools_rodata_16B8
.rodata	0x000016C0	0x18	Tools/db_mod.cpp	local	lbl_Tools_rodata_16C0	lbl_Tools_rodata_16C0
.rodata	0x000016D8	0x4	Tools/db_mod.cpp	local	lbl_Tools_rodata_16D8	lbl_Tools_rodata_16D8
.rodata	0x000016DC	0x14	Tools/db_mod.cpp	local	lbl_Tools_rodata_16DC	lbl_Tools_rodata_16DC
.rodata	0x000016F0	0x4	Tools/db_mod.cpp	local	lbl_Tools_rodata_16F0	lbl_Tools_rodata_16F0
.rodata	0x000016F4	0x4	Tools/db_mod.cpp	local	lbl_Tools_rodata_16F4	lbl_Tools_rodata_16F4
.rodata	0x000016F8	0xC	Tools/db_mod.cpp	local	lbl_Tools_rodata_16F8	lbl_Tools_rodata_16F8
.rodata	0x00001704	0x8	Tools/db_mod.cpp	local	lbl_Tools_rodata_1704	lbl_Tools_rodata_1704
.rodata	0x0000170C	0x8	Tools/db_mod.cpp	local	lbl_Tools_rodata_170C	lbl_Tools_rodata_170C
.rodata	0x00001714	0xA4	Tools/db_mod.cpp	local	lbl_Tools_rodata_1714	lbl_Tools_rodata_1714
.rodata	0x000017B8	0x18	Tools/db_mod.cpp	local	lbl_Tools_rodata_17B8	lbl_Tools_rodata_17B8
.rodata	0x000017D0	0x4	Tools/db_mod.cpp	local	lbl_Tools_rodata_17D0	lbl_Tools_rodata_17D0
.rodata	0x000017D4	0x4	Tools/db_mod.cpp	local	lbl_Tools_rodata_17D4	lbl_Tools_rodata_17D4
.rodata	0x000017D8	0x4	Tools/db_mod.cpp	local	lbl_Tools_rodata_17D8	lbl_Tools_rodata_17D8
.rodata	0x000017DC	0x4	Tools/db_mod.cpp	local	lbl_Tools_rodata_17DC	lbl_Tools_rodata_17DC
.rodata	0x000017E0	0xC	Tools/db_mod.cpp	local	lbl_Tools_rodata_17E0	lbl_Tools_rodata_17E0
.rodata	0x000017EC	0xC	Tools/db_mod.cpp	local	lbl_Tools_rodata_17EC	lbl_Tools_rodata_17EC
.rodata	0x000017F8	0x8	Tools/db_mod.cpp	local	lbl_Tools_rodata_17F8	lbl_Tools_rodata_17F8
.rodata	0x00001800	0x4	Tools/db_mod.cpp	local	lbl_Tools_rodata_1800	lbl_Tools_rodata_1800
.rodata	0x00001804	0x8	Tools/db_mod.cpp	local	lbl_Tools_rodata_1804	lbl_Tools_rodata_1804
.rodata	0x0000180C	0x4	Tools/db_mod.cpp	local	lbl_Tools_rodata_180C	lbl_Tools_rodata_180C
.rodata	0x00001810	0x10	Tools/db_mod.cpp	local	lbl_Tools_rodata_1810	lbl_Tools_rodata_1810
.rodata	0x00001820	0x8	Tools/db_mod.cpp	local	lbl_Tools_rodata_1820	lbl_Tools_rodata_1820
.rodata	0x00001828	0x8	Tools/db_mod.cpp	local	lbl_Tools_rodata_1828	lbl_Tools_rodata_1828
.rodata	0x00001830	0x8	Tools/db_mod.cpp	local	lbl_Tools_rodata_1830	lbl_Tools_rodata_1830
.rodata	0x00001838	0x8	Tools/db_mod.cpp	local	lbl_Tools_rodata_1838	lbl_Tools_rodata_1838
.rodata	0x00001840	0xC	Tools/db_mod.cpp	local	lbl_Tools_rodata_1840	lbl_Tools_rodata_1840
.rodata	0x0000184C	0x18	Tools/db_mod.cpp	local	lbl_Tools_rodata_184C	lbl_Tools_rodata_184C
.rodata	0x00001864	0x14	Tools/db_mod.cpp	local	lbl_Tools_rodata_1864	lbl_Tools_rodata_1864
.rodata	0x00001878	0x8	Tools/db_mod.cpp	local	lbl_Tools_rodata_1878	lbl_Tools_rodata_1878
.rodata	0x00001880	0x4	Tools/db_mod.cpp	local	lbl_Tools_rodata_1880	lbl_Tools_rodata_1880
.rodata	0x00001884	0x4	Tools/db_mod.cpp	local	lbl_Tools_rodata_1884	lbl_Tools_rodata_1884
.rodata	0x00001888	0x4	Tools/db_mod.cpp	local	lbl_Tools_rodata_1888	lbl_Tools_rodata_1888
.rodata	0x0000188C	0x4	Tools/db_mod.cpp	local	lbl_Tools_rodata_188C	lbl_Tools_rodata_188C
.rodata	0x00001890	0x4	Tools/db_mod.cpp	local	lbl_Tools_rodata_1890	lbl_Tools_rodata_1890
.rodata	0x00001894	0x4	Tools/db_mod.cpp	local	lbl_Tools_rodata_1894	lbl_Tools_rodata_1894
.rodata	0x00001898	0x4	Tools/db_mod.cpp	local	lbl_Tools_rodata_1898	lbl_Tools_rodata_1898
.rodata	0x0000189C	0x4	Tools/db_mod.cpp	local	lbl_Tools_rodata_189C	lbl_Tools_rodata_189C
.rodata	0x000018A0	0x4	Tools/db_mod.cpp	local	lbl_Tools_rodata_18A0	lbl_Tools_rodata_18A0
.rodata	0x000018A4	0x4	Tools/db_mod.cpp	local	lbl_Tools_rodata_18A4	lbl_Tools_rodata_18A4
.rodata	0x000018A8	0x4	Tools/db_mod.cpp	local	lbl_Tools_rodata_18A8	lbl_Tools_rodata_18A8
.rodata	0x000018AC	0x8	Tools/db_mod.cpp	local	lbl_Tools_rodata_18AC	lbl_Tools_rodata_18AC
.rodata	0x000018B4	0x8	Tools/db_mod.cpp	local	lbl_Tools_rodata_18B4	lbl_Tools_rodata_18B4
.rodata	0x000018BC	0x8	Tools/db_mod.cpp	local	lbl_Tools_rodata_18BC	lbl_Tools_rodata_18BC
.rodata	0x000018C4	0x4	Tools/db_mod.cpp	local	lbl_Tools_rodata_18C4	lbl_Tools_rodata_18C4
.rodata	0x000018C8	0x4	Tools/db_mod.cpp	local	lbl_Tools_rodata_18C8	lbl_Tools_rodata_18C8
.rodata	0x000018CC	0x4	Tools/db_mod.cpp	local	lbl_Tools_rodata_18CC	lbl_Tools_rodata_18CC
.rodata	0x000018D0	0x4	Tools/db_mod.cpp	local	lbl_Tools_rodata_18D0	lbl_Tools_rodata_18D0
.rodata	0x000018D4	0x4	Tools/db_mod.cpp	local	lbl_Tools_rodata_18D4	lbl_Tools_rodata_18D4
.rodata	0x000018D8	0x4	Tools/db_mod.cpp	local	lbl_Tools_rodata_18D8	lbl_Tools_rodata_18D8
.rodata	0x000018DC	0x4	Tools/db_mod.cpp	local	lbl_Tools_rodata_18DC	lbl_Tools_rodata_18DC
.rodata	0x000018E0	0x4	Tools/db_mod.cpp	local	lbl_Tools_rodata_18E0	lbl_Tools_rodata_18E0
.rodata	0x000018E4	0x14	Tools/db_mod.cpp	local	lbl_Tools_rodata_18E4	lbl_Tools_rodata_18E4
.rodata	0x000018F8	0x8	Tools/db_mod.cpp	local	lbl_Tools_rodata_18F8	lbl_Tools_rodata_18F8
.rodata	0x00001900	0x14	Tools/db_mod.cpp	local	lbl_Tools_rodata_1900	lbl_Tools_rodata_1900
.rodata	0x00001914	0x4	Tools/db_mod.cpp	local	lbl_Tools_rodata_1914	lbl_Tools_rodata_1914
.rodata	0x00001918	0x4	Tools/db_mod.cpp	local	lbl_Tools_rodata_1918	lbl_Tools_rodata_1918
.rodata	0x0000191C	0xC	Tools/db_mod.cpp	local	lbl_Tools_rodata_191C	lbl_Tools_rodata_191C
.rodata	0x00001928	0xC	Tools/db_mod.cpp	local	lbl_Tools_rodata_1928	lbl_Tools_rodata_1928
.rodata	0x00001934	0xC	Tools/db_mod.cpp	local	lbl_Tools_rodata_1934	lbl_Tools_rodata_1934
.rodata	0x00001940	0xC	Tools/db_mod.cpp	local	lbl_Tools_rodata_1940	lbl_Tools_rodata_1940
.rodata	0x0000194C	0x14	Tools/db_mod.cpp	local	lbl_Tools_rodata_194C	lbl_Tools_rodata_194C
.rodata	0x00001960	0x4	Tools/db_mod.cpp	local	lbl_Tools_rodata_1960	lbl_Tools_rodata_1960
.rodata	0x00001964	0x18	Tools/db_mod.cpp	local	lbl_Tools_rodata_1964	lbl_Tools_rodata_1964
.rodata	0x0000197C	0xC	Tools/db_mod.cpp	local	lbl_Tools_rodata_197C	lbl_Tools_rodata_197C
.rodata	0x00001988	0xC	Tools/db_mod.cpp	local	lbl_Tools_rodata_1988	lbl_Tools_rodata_1988
.rodata	0x00001994	0xC	Tools/db_mod.cpp	local	lbl_Tools_rodata_1994	lbl_Tools_rodata_1994
.rodata	0x000019A0	0xC	Tools/db_mod.cpp	local	lbl_Tools_rodata_19A0	lbl_Tools_rodata_19A0
.rodata	0x000019AC	0xC	Tools/db_mod.cpp	local	lbl_Tools_rodata_19AC	lbl_Tools_rodata_19AC
.rodata	0x000019B8	0x14	Tools/db_mod.cpp	local	lbl_Tools_rodata_19B8	lbl_Tools_rodata_19B8
.rodata	0x000019CC	0x4	Tools/db_mod.cpp	local	lbl_Tools_rodata_19CC	lbl_Tools_rodata_19CC
.rodata	0x000019D0	0x8	Tools/db_mod.cpp	local	lbl_Tools_rodata_19D0	lbl_Tools_rodata_19D0
.rodata	0x000019D8	0x8	Tools/db_mod.cpp	local	lbl_Tools_rodata_19D8	lbl_Tools_rodata_19D8
.rodata	0x000019E0	0x8	Tools/db_mod.cpp	local	lbl_Tools_rodata_19E0	lbl_Tools_rodata_19E0
.rodata	0x000019E8	0x4	Tools/db_mod.cpp	local	lbl_Tools_rodata_19E8	lbl_Tools_rodata_19E8
.rodata	0x000019EC	0x4	Tools/db_mod.cpp	local	lbl_Tools_rodata_19EC	lbl_Tools_rodata_19EC
.rodata	0x000019F0	0x4	Tools/db_mod.cpp	local	lbl_Tools_rodata_19F0	lbl_Tools_rodata_19F0
.rodata	0x000019F4	0x4	Tools/db_mod.cpp	local	lbl_Tools_rodata_19F4	lbl_Tools_rodata_19F4
.rodata	0x000019F8	0x4	Tools/db_mod.cpp	local	lbl_Tools_rodata_19F8	lbl_Tools_rodata_19F8
.rodata	0x000019FC	0x4	Tools/db_mod.cpp	local	lbl_Tools_rodata_19FC	lbl_Tools_rodata_19FC
.rodata	0x00001A00	0x4	Tools/db_mod.cpp	local	lbl_Tools_rodata_1A00	lbl_Tools_rodata_1A00
.rodata	0x00001A04	0x4	Tools/db_mod.cpp	local	lbl_Tools_rodata_1A04	lbl_Tools_rodata_1A04
.rodata	0x00001A08	0x4	Tools/db_mod.cpp	local	lbl_Tools_rodata_1A08	lbl_Tools_rodata_1A08
.rodata	0x00001A0C	0x4	Tools/db_mod.cpp	local	lbl_Tools_rodata_1A0C	lbl_Tools_rodata_1A0C
.rodata	0x00001A10	0x4	Tools/db_mod.cpp	local	lbl_Tools_rodata_1A10	lbl_Tools_rodata_1A10
.rodata	0x00001A14	0x4	Tools/db_mod.cpp	local	lbl_Tools_rodata_1A14	lbl_Tools_rodata_1A14
.rodata	0x00001A18	0x4	Tools/db_mod.cpp	local	lbl_Tools_rodata_1A18	lbl_Tools_rodata_1A18
.rodata	0x00001A1C	0x14	Tools/db_mod.cpp	local	lbl_Tools_rodata_1A1C	lbl_Tools_rodata_1A1C
.rodata	0x00001A30	0x4	Tools/db_mod.cpp	local	lbl_Tools_rodata_1A30	lbl_Tools_rodata_1A30
.rodata	0x00001A34	0x14	Tools/db_mod.cpp	local	lbl_Tools_rodata_1A34	lbl_Tools_rodata_1A34
.rodata	0x00001A48	0x8	Tools/db_mod.cpp	local	lbl_Tools_rodata_1A48	lbl_Tools_rodata_1A48
.rodata	0x00001A50	0x8	Tools/db_mod.cpp	local	lbl_Tools_rodata_1A50	lbl_Tools_rodata_1A50
.rodata	0x00001A58	0x14	Tools/db_mod.cpp	local	lbl_Tools_rodata_1A58	lbl_Tools_rodata_1A58
.rodata	0x00001A6C	0x10	Tools/db_mod.cpp	local	lbl_Tools_rodata_1A6C	lbl_Tools_rodata_1A6C
.rodata	0x00001A7C	0x10	Tools/db_mod.cpp	local	lbl_Tools_rodata_1A7C	lbl_Tools_rodata_1A7C
.rodata	0x00001A8C	0x10	Tools/db_mod.cpp	local	lbl_Tools_rodata_1A8C	lbl_Tools_rodata_1A8C
.rodata	0x00001A9C	0x14	Tools/db_mod.cpp	local	lbl_Tools_rodata_1A9C	lbl_Tools_rodata_1A9C
.rodata	0x00001AB0	0xC	Tools/db_mod.cpp	local	lbl_Tools_rodata_1AB0	lbl_Tools_rodata_1AB0
.rodata	0x00001ABC	0x10	Tools/db_mod.cpp	local	lbl_Tools_rodata_1ABC	lbl_Tools_rodata_1ABC
.rodata	0x00001ACC	0x8	Tools/db_mod.cpp	local	lbl_Tools_rodata_1ACC	lbl_Tools_rodata_1ACC
.rodata	0x00001AD4	0x14	Tools/db_mod.cpp	local	lbl_Tools_rodata_1AD4	lbl_Tools_rodata_1AD4
.rodata	0x00001AE8	0x14	Tools/db_mod.cpp	local	lbl_Tools_rodata_1AE8	lbl_Tools_rodata_1AE8
.rodata	0x00001AFC	0x14	Tools/db_mod.cpp	local	lbl_Tools_rodata_1AFC	lbl_Tools_rodata_1AFC
.rodata	0x00001B10	0x4	Tools/db_mod.cpp	local	lbl_Tools_rodata_1B10	lbl_Tools_rodata_1B10
.rodata	0x00001B14	0x4	Tools/db_mod.cpp	local	lbl_Tools_rodata_1B14	lbl_Tools_rodata_1B14
.rodata	0x00001B18	0x4	Tools/db_mod.cpp	local	lbl_Tools_rodata_1B18	lbl_Tools_rodata_1B18
.rodata	0x00001B1C	0x4	Tools/db_mod.cpp	local	lbl_Tools_rodata_1B1C	lbl_Tools_rodata_1B1C
.rodata	0x00001B20	0x4	Tools/db_mod.cpp	local	lbl_Tools_rodata_1B20	lbl_Tools_rodata_1B20
.rodata	0x00001B24	0x8	Tools/db_mod.cpp	local	lbl_Tools_rodata_1B24	lbl_Tools_rodata_1B24
.rodata	0x00001B2C	0x8	Tools/db_mod.cpp	local	lbl_Tools_rodata_1B2C	lbl_Tools_rodata_1B2C
.rodata	0x00001B34	0x10	Tools/db_mod.cpp	local	lbl_Tools_rodata_1B34	lbl_Tools_rodata_1B34
.rodata	0x00001B44	0x20	Tools/db_mod.cpp	local	lbl_Tools_rodata_1B44	lbl_Tools_rodata_1B44
.rodata	0x00001B64	0x20	Tools/db_mod.cpp	local	lbl_Tools_rodata_1B64	lbl_Tools_rodata_1B64
.rodata	0x00001B84	0x20	Tools/db_mod.cpp	local	lbl_Tools_rodata_1B84	lbl_Tools_rodata_1B84
.rodata	0x00001BA4	0x20	Tools/db_mod.cpp	local	lbl_Tools_rodata_1BA4	lbl_Tools_rodata_1BA4
.rodata	0x00001BC4	0x20	Tools/db_mod.cpp	local	lbl_Tools_rodata_1BC4	lbl_Tools_rodata_1BC4
.rodata	0x00001BE4	0x20	Tools/db_mod.cpp	local	lbl_Tools_rodata_1BE4	lbl_Tools_rodata_1BE4
.rodata	0x00001C04	0x20	Tools/db_mod.cpp	local	lbl_Tools_rodata_1C04	lbl_Tools_rodata_1C04
.rodata	0x00001C24	0xC	Tools/db_mod.cpp	local	lbl_Tools_rodata_1C24	lbl_Tools_rodata_1C24
.rodata	0x00001C30	0xC	Tools/db_mod.cpp	local	lbl_Tools_rodata_1C30	lbl_Tools_rodata_1C30
.rodata	0x00001C3C	0xC	Tools/db_mod.cpp	local	lbl_Tools_rodata_1C3C	lbl_Tools_rodata_1C3C
.rodata	0x00001C48	0xC	Tools/db_mod.cpp	local	lbl_Tools_rodata_1C48	lbl_Tools_rodata_1C48
.rodata	0x00001C54	0xC	Tools/db_mod.cpp	local	lbl_Tools_rodata_1C54	lbl_Tools_rodata_1C54
.rodata	0x00001C60	0x14	Tools/db_mod.cpp	local	lbl_Tools_rodata_1C60	lbl_Tools_rodata_1C60
.rodata	0x00001C74	0x14	Tools/db_mod.cpp	local	lbl_Tools_rodata_1C74	lbl_Tools_rodata_1C74
.rodata	0x00001C88	0x14	Tools/db_mod.cpp	local	lbl_Tools_rodata_1C88	lbl_Tools_rodata_1C88
.rodata	0x00001C9C	0x14	Tools/db_mod.cpp	local	lbl_Tools_rodata_1C9C	lbl_Tools_rodata_1C9C
.rodata	0x00001CB0	0x14	Tools/db_mod.cpp	local	lbl_Tools_rodata_1CB0	lbl_Tools_rodata_1CB0
.rodata	0x00001CC4	0x14	Tools/db_mod.cpp	local	lbl_Tools_rodata_1CC4	lbl_Tools_rodata_1CC4
.rodata	0x00001CD8	0xC	Tools/db_mod.cpp	local	lbl_Tools_rodata_1CD8	lbl_Tools_rodata_1CD8
.rodata	0x00001CE4	0xC	Tools/db_mod.cpp	local	lbl_Tools_rodata_1CE4	lbl_Tools_rodata_1CE4
.rodata	0x00001CF0	0x8	Tools/db_mod.cpp	local	lbl_Tools_rodata_1CF0	lbl_Tools_rodata_1CF0
.rodata	0x00001CF8	0x10	Tools/db_mod.cpp	local	lbl_Tools_rodata_1CF8	lbl_Tools_rodata_1CF8
.rodata	0x00001D08	0x4	Tools/db_mod.cpp	local	lbl_Tools_rodata_1D08	lbl_Tools_rodata_1D08
.rodata	0x00001D0C	0x4	Tools/db_mod.cpp	local	lbl_Tools_rodata_1D0C	lbl_Tools_rodata_1D0C
.rodata	0x00001D10	0x4	Tools/db_mod.cpp	local	lbl_Tools_rodata_1D10	lbl_Tools_rodata_1D10
.rodata	0x00001D14	0x4	Tools/db_mod.cpp	local	lbl_Tools_rodata_1D14	lbl_Tools_rodata_1D14
.rodata	0x00001D18	0x4	Tools/db_mod.cpp	local	lbl_Tools_rodata_1D18	lbl_Tools_rodata_1D18
.rodata	0x00001D1C	0x4	Tools/db_mod.cpp	local	lbl_Tools_rodata_1D1C	lbl_Tools_rodata_1D1C
.rodata	0x00001D20	0x4	Tools/db_mod.cpp	local	lbl_Tools_rodata_1D20	lbl_Tools_rodata_1D20
.rodata	0x00001D24	0x8	Tools/db_mod.cpp	local	lbl_Tools_rodata_1D24	lbl_Tools_rodata_1D24
.rodata	0x00001D2C	0x8	Tools/db_mod.cpp	local	lbl_Tools_rodata_1D2C	lbl_Tools_rodata_1D2C
.rodata	0x00001D34	0x8	Tools/db_mod.cpp	local	lbl_Tools_rodata_1D34	lbl_Tools_rodata_1D34
.rodata	0x00001D3C	0x8	Tools/db_mod.cpp	local	lbl_Tools_rodata_1D3C	lbl_Tools_rodata_1D3C
.rodata	0x00001D44	0x8	Tools/db_mod.cpp	local	lbl_Tools_rodata_1D44	lbl_Tools_rodata_1D44
.rodata	0x00001D4C	0x8	Tools/db_mod.cpp	local	lbl_Tools_rodata_1D4C	lbl_Tools_rodata_1D4C
.rodata	0x00001D54	0x8	Tools/db_mod.cpp	local	lbl_Tools_rodata_1D54	lbl_Tools_rodata_1D54
.rodata	0x00001D5C	0x8	Tools/db_mod.cpp	local	lbl_Tools_rodata_1D5C	lbl_Tools_rodata_1D5C
.rodata	0x00001D64	0x8	Tools/db_mod.cpp	local	lbl_Tools_rodata_1D64	lbl_Tools_rodata_1D64
.rodata	0x00001D6C	0x14	Tools/db_mod.cpp	local	lbl_Tools_rodata_1D6C	lbl_Tools_rodata_1D6C
.rodata	0x00001D80	0x8	Tools/db_mod.cpp	local	lbl_Tools_rodata_1D80	lbl_Tools_rodata_1D80
.rodata	0x00001D88	0xC	Tools/db_mod.cpp	local	lbl_Tools_rodata_1D88	lbl_Tools_rodata_1D88
.rodata	0x00001D94	0x10	Tools/db_mod.cpp	local	lbl_Tools_rodata_1D94	lbl_Tools_rodata_1D94
.rodata	0x00001DA4	0x10	Tools/db_mod.cpp	local	lbl_Tools_rodata_1DA4	lbl_Tools_rodata_1DA4
.rodata	0x00001DB4	0x10	Tools/db_mod.cpp	local	lbl_Tools_rodata_1DB4	lbl_Tools_rodata_1DB4
.rodata	0x00001DC4	0x8	Tools/db_mod.cpp	local	lbl_Tools_rodata_1DC4	lbl_Tools_rodata_1DC4
.rodata	0x00001DCC	0x10	Tools/db_mod.cpp	local	lbl_Tools_rodata_1DCC	lbl_Tools_rodata_1DCC
.rodata	0x00001DDC	0x8	Tools/db_mod.cpp	local	lbl_Tools_rodata_1DDC	lbl_Tools_rodata_1DDC
.rodata	0x00001DE4	0x8	Tools/db_mod.cpp	local	lbl_Tools_rodata_1DE4	lbl_Tools_rodata_1DE4
.rodata	0x00001DEC	0x8	Tools/db_mod.cpp	local	lbl_Tools_rodata_1DEC	lbl_Tools_rodata_1DEC
.rodata	0x00001DF4	0x8	Tools/db_mod.cpp	local	lbl_Tools_rodata_1DF4	lbl_Tools_rodata_1DF4
.rodata	0x00001DFC	0x8	Tools/db_mod.cpp	local	lbl_Tools_rodata_1DFC	lbl_Tools_rodata_1DFC
.rodata	0x00001E04	0x8	Tools/db_mod.cpp	local	lbl_Tools_rodata_1E04	lbl_Tools_rodata_1E04
.rodata	0x00001E0C	0x4	Tools/db_mod.cpp	local	lbl_Tools_rodata_1E0C	lbl_Tools_rodata_1E0C
.rodata	0x00001E10	0x8	Tools/db_mod.cpp	local	lbl_Tools_rodata_1E10	lbl_Tools_rodata_1E10
.rodata	0x00001E18	0x4	Tools/db_mod.cpp	local	lbl_Tools_rodata_1E18	lbl_Tools_rodata_1E18
.rodata	0x00001E1C	0x4	Tools/db_mod.cpp	local	lbl_Tools_rodata_1E1C	lbl_Tools_rodata_1E1C
.rodata	0x00001E20	0x4	Tools/db_mod.cpp	local	lbl_Tools_rodata_1E20	lbl_Tools_rodata_1E20
.rodata	0x00001E24	0x4	Tools/db_mod.cpp	local	lbl_Tools_rodata_1E24	lbl_Tools_rodata_1E24
.rodata	0x00001E28	0x8	Tools/db_mod.cpp	local	lbl_Tools_rodata_1E28	lbl_Tools_rodata_1E28
.rodata	0x00001E30	0x8	Tools/db_mod.cpp	local	lbl_Tools_rodata_1E30	lbl_Tools_rodata_1E30
.rodata	0x00001E38	0x8	Tools/db_mod.cpp	local	lbl_Tools_rodata_1E38	lbl_Tools_rodata_1E38
.rodata	0x00001E40	0x8	Tools/db_mod.cpp	local	lbl_Tools_rodata_1E40	lbl_Tools_rodata_1E40
.rodata	0x00001E48	0x8	Tools/db_mod.cpp	local	lbl_Tools_rodata_1E48	lbl_Tools_rodata_1E48
.rodata	0x00001E50	0x4	Tools/db_mod.cpp	local	lbl_Tools_rodata_1E50	lbl_Tools_rodata_1E50
.rodata	0x00001E54	0x18	Tools/db_mod.cpp	local	lbl_Tools_rodata_1E54	lbl_Tools_rodata_1E54
.rodata	0x00001E6C	0x18	Tools/db_mod.cpp	local	lbl_Tools_rodata_1E6C	lbl_Tools_rodata_1E6C
.rodata	0x00001E84	0xC	Tools/db_mod.cpp	local	lbl_Tools_rodata_1E84	lbl_Tools_rodata_1E84
.rodata	0x00001E90	0xC	Tools/db_mod.cpp	local	lbl_Tools_rodata_1E90	lbl_Tools_rodata_1E90
.rodata	0x00001E9C	0x1C	Tools/db_mod.cpp	local	lbl_Tools_rodata_1E9C	lbl_Tools_rodata_1E9C
.rodata	0x00001EB8	0x18	Tools/db_mod.cpp	local	lbl_Tools_rodata_1EB8	lbl_Tools_rodata_1EB8
.rodata	0x00001ED0	0x18	Tools/db_mod.cpp	local	lbl_Tools_rodata_1ED0	lbl_Tools_rodata_1ED0
.rodata	0x00001EE8	0x18	Tools/db_mod.cpp	local	lbl_Tools_rodata_1EE8	lbl_Tools_rodata_1EE8
.rodata	0x00001F00	0x18	Tools/db_mod.cpp	local	lbl_Tools_rodata_1F00	lbl_Tools_rodata_1F00
.rodata	0x00001F18	0x18	Tools/db_mod.cpp	local	lbl_Tools_rodata_1F18	lbl_Tools_rodata_1F18
.rodata	0x00001F30	0x18	Tools/db_mod.cpp	local	lbl_Tools_rodata_1F30	lbl_Tools_rodata_1F30
.rodata	0x00001F48	0x18	Tools/db_mod.cpp	local	lbl_Tools_rodata_1F48	lbl_Tools_rodata_1F48
.rodata	0x00001F60	0x18	Tools/db_mod.cpp	local	lbl_Tools_rodata_1F60	lbl_Tools_rodata_1F60
.rodata	0x00001F78	0x18	Tools/db_mod.cpp	local	lbl_Tools_rodata_1F78	lbl_Tools_rodata_1F78
.rodata	0x00001F90	0x18	Tools/db_mod.cpp	local	lbl_Tools_rodata_1F90	lbl_Tools_rodata_1F90
.rodata	0x00001FA8	0x18	Tools/db_mod.cpp	local	lbl_Tools_rodata_1FA8	lbl_Tools_rodata_1FA8
.rodata	0x00001FC0	0x18	Tools/db_mod.cpp	local	lbl_Tools_rodata_1FC0	lbl_Tools_rodata_1FC0
.rodata	0x00001FD8	0x18	Tools/db_mod.cpp	local	lbl_Tools_rodata_1FD8	lbl_Tools_rodata_1FD8
.rodata	0x00001FF0	0x18	Tools/db_mod.cpp	local	lbl_Tools_rodata_1FF0	lbl_Tools_rodata_1FF0
.rodata	0x00002008	0x18	Tools/db_mod.cpp	local	lbl_Tools_rodata_2008	lbl_Tools_rodata_2008
.rodata	0x00002020	0x18	Tools/db_mod.cpp	local	lbl_Tools_rodata_2020	lbl_Tools_rodata_2020
.rodata	0x00002038	0x18	Tools/db_mod.cpp	local	lbl_Tools_rodata_2038	lbl_Tools_rodata_2038
.rodata	0x00002050	0x18	Tools/db_mod.cpp	local	lbl_Tools_rodata_2050	lbl_Tools_rodata_2050
.rodata	0x00002068	0x18	Tools/db_mod.cpp	local	lbl_Tools_rodata_2068	lbl_Tools_rodata_2068
.rodata	0x00002080	0x14	Tools/db_mod.cpp	local	lbl_Tools_rodata_2080	lbl_Tools_rodata_2080
.rodata	0x00002094	0x14	Tools/db_mod.cpp	local	lbl_Tools_rodata_2094	lbl_Tools_rodata_2094
.rodata	0x000020A8	0x14	Tools/db_mod.cpp	local	lbl_Tools_rodata_20A8	lbl_Tools_rodata_20A8
.rodata	0x000020BC	0x14	Tools/db_mod.cpp	local	lbl_Tools_rodata_20BC	lbl_Tools_rodata_20BC
.rodata	0x000020D0	0x14	Tools/db_mod.cpp	local	lbl_Tools_rodata_20D0	lbl_Tools_rodata_20D0
.rodata	0x000020E4	0x14	Tools/db_mod.cpp	local	lbl_Tools_rodata_20E4	lbl_Tools_rodata_20E4
.rodata	0x000020F8	0x14	Tools/db_mod.cpp	local	lbl_Tools_rodata_20F8	lbl_Tools_rodata_20F8
.rodata	0x0000210C	0x14	Tools/db_mod.cpp	local	lbl_Tools_rodata_210C	lbl_Tools_rodata_210C
.rodata	0x00002120	0x14	Tools/db_mod.cpp	local	lbl_Tools_rodata_2120	lbl_Tools_rodata_2120
.rodata	0x00002134	0x14	Tools/db_mod.cpp	local	lbl_Tools_rodata_2134	lbl_Tools_rodata_2134
.rodata	0x00002148	0x14	Tools/db_mod.cpp	local	lbl_Tools_rodata_2148	lbl_Tools_rodata_2148
.rodata	0x0000215C	0x14	Tools/db_mod.cpp	local	lbl_Tools_rodata_215C	lbl_Tools_rodata_215C
.rodata	0x00002170	0x14	Tools/db_mod.cpp	local	lbl_Tools_rodata_2170	lbl_Tools_rodata_2170
.rodata	0x00002184	0x14	Tools/db_mod.cpp	local	lbl_Tools_rodata_2184	lbl_Tools_rodata_2184
.rodata	0x00002198	0x14	Tools/db_mod.cpp	local	lbl_Tools_rodata_2198	lbl_Tools_rodata_2198
.rodata	0x000021AC	0x14	Tools/db_mod.cpp	local	lbl_Tools_rodata_21AC	lbl_Tools_rodata_21AC
.rodata	0x000021C0	0x14	Tools/db_mod.cpp	local	lbl_Tools_rodata_21C0	lbl_Tools_rodata_21C0
.rodata	0x000021D4	0x14	Tools/db_mod.cpp	local	lbl_Tools_rodata_21D4	lbl_Tools_rodata_21D4
.rodata	0x000021E8	0x14	Tools/db_mod.cpp	local	lbl_Tools_rodata_21E8	lbl_Tools_rodata_21E8
.rodata	0x000021FC	0x14	Tools/db_mod.cpp	local	lbl_Tools_rodata_21FC	lbl_Tools_rodata_21FC
.rodata	0x00002210	0x18	Tools/db_mod.cpp	local	lbl_Tools_rodata_2210	lbl_Tools_rodata_2210
.rodata	0x00002228	0x18	Tools/db_mod.cpp	local	lbl_Tools_rodata_2228	lbl_Tools_rodata_2228
.rodata	0x00002240	0x18	Tools/db_mod.cpp	local	lbl_Tools_rodata_2240	lbl_Tools_rodata_2240
.rodata	0x00002258	0x18	Tools/db_mod.cpp	local	lbl_Tools_rodata_2258	lbl_Tools_rodata_2258
.rodata	0x00002270	0x4	Tools/db_mod.cpp	local	lbl_Tools_rodata_2270	lbl_Tools_rodata_2270
.rodata	0x00002274	0x8	Tools/db_mod.cpp	local	lbl_Tools_rodata_2274	lbl_Tools_rodata_2274
.rodata	0x0000227C	0x8	Tools/db_mod.cpp	local	lbl_Tools_rodata_227C	lbl_Tools_rodata_227C
.rodata	0x00002284	0x8	Tools/db_mod.cpp	local	lbl_Tools_rodata_2284	lbl_Tools_rodata_2284
.rodata	0x0000228C	0x74	Tools/db_mod.cpp	local	lbl_Tools_rodata_228C	lbl_Tools_rodata_228C
.rodata	0x00002300	0x4	Tools/db_mod.cpp	local	lbl_Tools_rodata_2300	lbl_Tools_rodata_2300
.rodata	0x00002304	0x28	Tools/db_mod.cpp	local	lbl_Tools_rodata_2304	lbl_Tools_rodata_2304
.rodata	0x0000232C	0x28	Tools/db_mod.cpp	local	lbl_Tools_rodata_232C	lbl_Tools_rodata_232C
.rodata	0x00002354	0x38	Tools/db_mod.cpp	local	lbl_Tools_rodata_2354	lbl_Tools_rodata_2354
.rodata	0x0000238C	0x28	Tools/db_mod.cpp	local	lbl_Tools_rodata_238C	lbl_Tools_rodata_238C
.rodata	0x000023B4	0x1C	Tools/db_mod.cpp	local	lbl_Tools_rodata_23B4	lbl_Tools_rodata_23B4
.rodata	0x000023D0	0x24	Tools/db_toolbase.cpp	local	lbl_Tools_rodata_23D0	lbl_Tools_rodata_23D0
.rodata	0x000023F4	0x78	Tools/db_toolbase.cpp	local	lbl_Tools_rodata_23F4	lbl_Tools_rodata_23F4
.rodata	0x0000246C	0x4	Tools/db_toolbase.cpp	local	lbl_Tools_rodata_246C	lbl_Tools_rodata_246C
.rodata	0x00002470	0x20	Tools/db_toolbase.cpp	local	lbl_Tools_rodata_2470	lbl_Tools_rodata_2470
.rodata	0x00002490	0x8	Tools/db_toolbase.cpp	local	lbl_Tools_rodata_2490	lbl_Tools_rodata_2490
.rodata	0x00002498	0x4	Tools/db_toolbase.cpp	local	lbl_Tools_rodata_2498	lbl_Tools_rodata_2498
.rodata	0x0000249C	0x4	Tools/db_toolbase.cpp	local	lbl_Tools_rodata_249C	lbl_Tools_rodata_249C
.rodata	0x000024A0	0x4	Tools/db_toolbase.cpp	local	lbl_Tools_rodata_24A0	lbl_Tools_rodata_24A0
.rodata	0x000024A4	0x4	Tools/db_toolbase.cpp	local	lbl_Tools_rodata_24A4	lbl_Tools_rodata_24A4
.rodata	0x000024A8	0x8	Tools/db_toolbase.cpp	local	lbl_Tools_rodata_24A8	lbl_Tools_rodata_24A8
.rodata	0x000024B0	0x50	Tools/db_toolbase.cpp	global	lbl_Tools_rodata_24B0	lbl_Tools_rodata_24B0
.rodata	0x00002500	0x18	Tools/db_toolbase.cpp	global	lbl_Tools_rodata_2500	lbl_Tools_rodata_2500
.rodata	0x00002518	0x48	Tools/db_toolbase.cpp	global	lbl_Tools_rodata_2518	lbl_Tools_rodata_2518
.rodata	0x00002560	0x3C	Tools/db_toolbase.cpp	global	lbl_Tools_rodata_2560	lbl_Tools_rodata_2560
.rodata	0x000025CC	0xC	Tools/t_atari.cpp	local	lbl_Tools_rodata_25CC	lbl_Tools_rodata_25CC
.rodata	0x000025D8	0x4	Tools/t_atari.cpp	local	lbl_Tools_rodata_25D8	lbl_Tools_rodata_25D8
.rodata	0x000025DC	0x4	Tools/t_atari.cpp	local	lbl_Tools_rodata_25DC	lbl_Tools_rodata_25DC
.rodata	0x000025E0	0x4	Tools/t_atari.cpp	local	lbl_Tools_rodata_25E0	lbl_Tools_rodata_25E0
.rodata	0x000025E4	0x4	Tools/t_atari.cpp	local	lbl_Tools_rodata_25E4	lbl_Tools_rodata_25E4
.rodata	0x000025E8	0x4	Tools/t_atari.cpp	local	lbl_Tools_rodata_25E8	lbl_Tools_rodata_25E8
.rodata	0x000025EC	0x4	Tools/t_atari.cpp	local	lbl_Tools_rodata_25EC	lbl_Tools_rodata_25EC
.rodata	0x000025F0	0x4	Tools/t_atari.cpp	local	lbl_Tools_rodata_25F0	lbl_Tools_rodata_25F0
.rodata	0x000025F4	0x4	Tools/t_atari.cpp	local	lbl_Tools_rodata_25F4	lbl_Tools_rodata_25F4
.rodata	0x000025F8	0x4	Tools/t_atari.cpp	local	lbl_Tools_rodata_25F8	lbl_Tools_rodata_25F8
.rodata	0x000025FC	0x4	Tools/t_atari.cpp	local	lbl_Tools_rodata_25FC	lbl_Tools_rodata_25FC
.rodata	0x00002600	0x4	Tools/t_atari.cpp	local	lbl_Tools_rodata_2600	lbl_Tools_rodata_2600
.rodata	0x00002604	0xC	Tools/t_atari.cpp	local	lbl_Tools_rodata_2604	lbl_Tools_rodata_2604
.rodata	0x00002610	0x10	Tools/t_atari.cpp	local	lbl_Tools_rodata_2610	lbl_Tools_rodata_2610
.rodata	0x00002620	0xC	Tools/t_atari.cpp	local	lbl_Tools_rodata_2620	lbl_Tools_rodata_2620
.rodata	0x0000262C	0xC	Tools/t_atari.cpp	local	lbl_Tools_rodata_262C	lbl_Tools_rodata_262C
.rodata	0x00002638	0xC	Tools/t_atari.cpp	local	lbl_Tools_rodata_2638	lbl_Tools_rodata_2638
.rodata	0x00002644	0x4	Tools/t_atari.cpp	local	lbl_Tools_rodata_2644	lbl_Tools_rodata_2644
.rodata	0x00002648	0x4	Tools/t_atari.cpp	local	lbl_Tools_rodata_2648	lbl_Tools_rodata_2648
.rodata	0x0000264C	0x4	Tools/t_atari.cpp	local	lbl_Tools_rodata_264C	lbl_Tools_rodata_264C
.rodata	0x00002650	0x10	Tools/t_atari.cpp	local	lbl_Tools_rodata_2650	lbl_Tools_rodata_2650
.rodata	0x00002660	0x10	Tools/t_atari.cpp	local	lbl_Tools_rodata_2660	lbl_Tools_rodata_2660
.rodata	0x00002670	0x10	Tools/t_atari.cpp	local	lbl_Tools_rodata_2670	lbl_Tools_rodata_2670
.rodata	0x00002680	0xC	Tools/t_atari.cpp	local	lbl_Tools_rodata_2680	lbl_Tools_rodata_2680
.rodata	0x0000268C	0xC	Tools/t_atari.cpp	local	lbl_Tools_rodata_268C	lbl_Tools_rodata_268C
.rodata	0x00002698	0x10	Tools/t_atari.cpp	local	lbl_Tools_rodata_2698	lbl_Tools_rodata_2698
.rodata	0x000026A8	0x8	Tools/t_atari.cpp	local	lbl_Tools_rodata_26A8	lbl_Tools_rodata_26A8
.rodata	0x000026B0	0x4	Tools/t_atari.cpp	local	lbl_Tools_rodata_26B0	lbl_Tools_rodata_26B0
.rodata	0x000026B4	0x4	Tools/t_atari.cpp	local	lbl_Tools_rodata_26B4	lbl_Tools_rodata_26B4
.rodata	0x000026B8	0x4	Tools/t_atari.cpp	local	lbl_Tools_rodata_26B8	lbl_Tools_rodata_26B8
.rodata	0x000026BC	0x4	Tools/t_atari.cpp	local	lbl_Tools_rodata_26BC	lbl_Tools_rodata_26BC
.rodata	0x000026C0	0x4	Tools/t_atari.cpp	local	lbl_Tools_rodata_26C0	lbl_Tools_rodata_26C0
.rodata	0x000026C4	0x18	Tools/t_atari.cpp	local	lbl_Tools_rodata_26C4	lbl_Tools_rodata_26C4
.rodata	0x000026DC	0xC	Tools/t_atari.cpp	local	lbl_Tools_rodata_26DC	lbl_Tools_rodata_26DC
.rodata	0x000026E8	0x8	Tools/t_atari.cpp	local	lbl_Tools_rodata_26E8	lbl_Tools_rodata_26E8
.rodata	0x000026F0	0x8	Tools/t_atari.cpp	local	lbl_Tools_rodata_26F0	lbl_Tools_rodata_26F0
.rodata	0x000026F8	0x8	Tools/t_atari.cpp	local	lbl_Tools_rodata_26F8	lbl_Tools_rodata_26F8
.rodata	0x00002700	0xC	Tools/t_atari.cpp	local	lbl_Tools_rodata_2700	lbl_Tools_rodata_2700
.rodata	0x0000270C	0x8	Tools/t_atari.cpp	local	lbl_Tools_rodata_270C	lbl_Tools_rodata_270C
.rodata	0x00002714	0x8	Tools/t_atari.cpp	local	lbl_Tools_rodata_2714	lbl_Tools_rodata_2714
.rodata	0x0000271C	0x8	Tools/t_atari.cpp	local	lbl_Tools_rodata_271C	lbl_Tools_rodata_271C
.rodata	0x00002724	0x8	Tools/t_atari.cpp	local	lbl_Tools_rodata_2724	lbl_Tools_rodata_2724
.rodata	0x0000272C	0x10	Tools/t_atari.cpp	local	lbl_Tools_rodata_272C	lbl_Tools_rodata_272C
.rodata	0x0000273C	0x10	Tools/t_atari.cpp	local	lbl_Tools_rodata_273C	lbl_Tools_rodata_273C
.rodata	0x0000274C	0xC	Tools/t_atari.cpp	local	lbl_Tools_rodata_274C	lbl_Tools_rodata_274C
.rodata	0x00002758	0x4	Tools/t_atari.cpp	local	lbl_Tools_rodata_2758	lbl_Tools_rodata_2758
.rodata	0x0000275C	0x4	Tools/t_atari.cpp	local	lbl_Tools_rodata_275C	lbl_Tools_rodata_275C
.rodata	0x00002760	0x4	Tools/t_atari.cpp	local	lbl_Tools_rodata_2760	lbl_Tools_rodata_2760
.rodata	0x00002764	0x4	Tools/t_atari.cpp	local	lbl_Tools_rodata_2764	lbl_Tools_rodata_2764
.rodata	0x00002768	0x4	Tools/t_atari.cpp	local	lbl_Tools_rodata_2768	lbl_Tools_rodata_2768
.rodata	0x0000276C	0x10	Tools/t_atari.cpp	local	lbl_Tools_rodata_276C	lbl_Tools_rodata_276C
.rodata	0x0000277C	0x10	Tools/t_atari.cpp	local	lbl_Tools_rodata_277C	lbl_Tools_rodata_277C
.rodata	0x0000278C	0x8	Tools/t_atari.cpp	local	lbl_Tools_rodata_278C	lbl_Tools_rodata_278C
.rodata	0x00002794	0xC	Tools/t_atari.cpp	local	lbl_Tools_rodata_2794	lbl_Tools_rodata_2794
.rodata	0x000027A0	0xC	Tools/t_atari.cpp	local	lbl_Tools_rodata_27A0	lbl_Tools_rodata_27A0
.rodata	0x000027AC	0xC	Tools/t_atari.cpp	local	lbl_Tools_rodata_27AC	lbl_Tools_rodata_27AC
.rodata	0x000027B8	0x4	Tools/t_atari.cpp	local	lbl_Tools_rodata_27B8	lbl_Tools_rodata_27B8
.rodata	0x000027BC	0x8	Tools/t_atari.cpp	local	lbl_Tools_rodata_27BC	lbl_Tools_rodata_27BC
.rodata	0x000027C4	0x8	Tools/t_atari.cpp	local	lbl_Tools_rodata_27C4	lbl_Tools_rodata_27C4
.rodata	0x000027CC	0xC	Tools/t_atari.cpp	local	lbl_Tools_rodata_27CC	lbl_Tools_rodata_27CC
.rodata	0x000027D8	0x8	Tools/t_atari.cpp	local	lbl_Tools_rodata_27D8	lbl_Tools_rodata_27D8
.rodata	0x000027E0	0xC	Tools/t_atari.cpp	local	lbl_Tools_rodata_27E0	lbl_Tools_rodata_27E0
.rodata	0x000027EC	0x8	Tools/t_atari.cpp	local	lbl_Tools_rodata_27EC	lbl_Tools_rodata_27EC
.rodata	0x000027F4	0x10	Tools/t_atari.cpp	local	lbl_Tools_rodata_27F4	lbl_Tools_rodata_27F4
.rodata	0x00002804	0x8	Tools/t_atari.cpp	local	lbl_Tools_rodata_2804	lbl_Tools_rodata_2804
.rodata	0x0000280C	0x8	Tools/t_atari.cpp	local	lbl_Tools_rodata_280C	lbl_Tools_rodata_280C
.rodata	0x00002814	0x8	Tools/t_atari.cpp	local	lbl_Tools_rodata_2814	lbl_Tools_rodata_2814
.rodata	0x0000281C	0x8	Tools/t_atari.cpp	local	lbl_Tools_rodata_281C	lbl_Tools_rodata_281C
.rodata	0x00002824	0x8	Tools/t_atari.cpp	local	lbl_Tools_rodata_2824	lbl_Tools_rodata_2824
.rodata	0x0000282C	0x8	Tools/t_atari.cpp	local	lbl_Tools_rodata_282C	lbl_Tools_rodata_282C
.rodata	0x00002834	0x4	Tools/t_atari.cpp	local	lbl_Tools_rodata_2834	lbl_Tools_rodata_2834
.rodata	0x00002838	0x8	Tools/t_atari.cpp	local	lbl_Tools_rodata_2838	lbl_Tools_rodata_2838
.rodata	0x00002840	0x4	Tools/t_atari.cpp	local	lbl_Tools_rodata_2840	lbl_Tools_rodata_2840
.rodata	0x00002844	0x10	Tools/t_atari.cpp	local	lbl_Tools_rodata_2844	lbl_Tools_rodata_2844
.rodata	0x00002854	0x10	Tools/t_atari.cpp	local	lbl_Tools_rodata_2854	lbl_Tools_rodata_2854
.rodata	0x00002864	0x8	Tools/t_atari.cpp	local	lbl_Tools_rodata_2864	lbl_Tools_rodata_2864
.rodata	0x0000286C	0x4	Tools/t_atari.cpp	local	lbl_Tools_rodata_286C	lbl_Tools_rodata_286C
.rodata	0x00002870	0x4	Tools/t_atari.cpp	local	lbl_Tools_rodata_2870	lbl_Tools_rodata_2870
.rodata	0x00002874	0x4	Tools/t_atari.cpp	local	lbl_Tools_rodata_2874	lbl_Tools_rodata_2874
.rodata	0x00002878	0x4	Tools/t_atari.cpp	local	lbl_Tools_rodata_2878	lbl_Tools_rodata_2878
.rodata	0x0000287C	0x4	Tools/t_atari.cpp	local	lbl_Tools_rodata_287C	lbl_Tools_rodata_287C
.rodata	0x00002880	0x4	Tools/t_atari.cpp	local	lbl_Tools_rodata_2880	lbl_Tools_rodata_2880
.rodata	0x00002884	0x4	Tools/t_atari.cpp	local	lbl_Tools_rodata_2884	lbl_Tools_rodata_2884
.rodata	0x00002888	0x4	Tools/t_atari.cpp	local	lbl_Tools_rodata_2888	lbl_Tools_rodata_2888
.rodata	0x0000288C	0x4	Tools/t_atari.cpp	local	lbl_Tools_rodata_288C	lbl_Tools_rodata_288C
.rodata	0x00002890	0x18	Tools/t_atari.cpp	local	lbl_Tools_rodata_2890	lbl_Tools_rodata_2890
.rodata	0x000028A8	0x28	Tools/t_atari.cpp	local	lbl_Tools_rodata_28A8	lbl_Tools_rodata_28A8
.rodata	0x000028D0	0x28	Tools/t_atari.cpp	local	lbl_Tools_rodata_28D0	lbl_Tools_rodata_28D0
.rodata	0x000028F8	0x38	Tools/t_atari.cpp	local	lbl_Tools_rodata_28F8	lbl_Tools_rodata_28F8
.rodata	0x00002930	0x28	Tools/t_atari.cpp	local	lbl_Tools_rodata_2930	lbl_Tools_rodata_2930
.rodata	0x00002958	0x20	Tools/t_atari.cpp	local	lbl_Tools_rodata_2958	lbl_Tools_rodata_2958
.rodata	0x00002978	0x50	Tools/t_atari.cpp	global	lbl_Tools_rodata_2978	lbl_Tools_rodata_2978
.rodata	0x00002A10	0x28	Tools/t_cons.cpp	local	lbl_Tools_rodata_2A10	lbl_Tools_rodata_2A10
.rodata	0x00002A38	0x20	Tools/t_cons.cpp	local	lbl_Tools_rodata_2A38	lbl_Tools_rodata_2A38
.rodata	0x00002A58	0x14	Tools/t_cons.cpp	local	lbl_Tools_rodata_2A58	lbl_Tools_rodata_2A58
.rodata	0x00002A6C	0x14	Tools/t_cons.cpp	local	lbl_Tools_rodata_2A6C	lbl_Tools_rodata_2A6C
.rodata	0x00002A80	0x14	Tools/t_cons.cpp	local	lbl_Tools_rodata_2A80	lbl_Tools_rodata_2A80
.rodata	0x00002A94	0x14	Tools/t_cons.cpp	local	lbl_Tools_rodata_2A94	lbl_Tools_rodata_2A94
.rodata	0x00002AA8	0x14	Tools/t_cons.cpp	local	lbl_Tools_rodata_2AA8	lbl_Tools_rodata_2AA8
.rodata	0x00002ABC	0x14	Tools/t_cons.cpp	local	lbl_Tools_rodata_2ABC	lbl_Tools_rodata_2ABC
.rodata	0x00002AD0	0x14	Tools/t_cons.cpp	local	lbl_Tools_rodata_2AD0	lbl_Tools_rodata_2AD0
.rodata	0x00002AE4	0x14	Tools/t_cons.cpp	local	lbl_Tools_rodata_2AE4	lbl_Tools_rodata_2AE4
.rodata	0x00002AF8	0x14	Tools/t_cons.cpp	local	lbl_Tools_rodata_2AF8	lbl_Tools_rodata_2AF8
.rodata	0x00002B0C	0x14	Tools/t_cons.cpp	local	lbl_Tools_rodata_2B0C	lbl_Tools_rodata_2B0C
.rodata	0x00002B20	0x14	Tools/t_cons.cpp	local	lbl_Tools_rodata_2B20	lbl_Tools_rodata_2B20
.rodata	0x00002B34	0x14	Tools/t_cons.cpp	local	lbl_Tools_rodata_2B34	lbl_Tools_rodata_2B34
.rodata	0x00002B48	0x20	Tools/t_cons.cpp	local	lbl_Tools_rodata_2B48	lbl_Tools_rodata_2B48
.rodata	0x00002B68	0xC	Tools/t_cons.cpp	local	lbl_Tools_rodata_2B68	lbl_Tools_rodata_2B68
.rodata	0x00002B74	0x4	Tools/t_cons.cpp	local	lbl_Tools_rodata_2B74	lbl_Tools_rodata_2B74
.rodata	0x00002B78	0xC	Tools/t_cons.cpp	local	lbl_Tools_rodata_2B78	lbl_Tools_rodata_2B78
.rodata	0x00002B84	0xC	Tools/t_cons.cpp	local	lbl_Tools_rodata_2B84	lbl_Tools_rodata_2B84
.rodata	0x00002B90	0x18	Tools/t_cons.cpp	local	lbl_Tools_rodata_2B90	lbl_Tools_rodata_2B90
.rodata	0x00002BA8	0x8	Tools/t_cons.cpp	local	lbl_Tools_rodata_2BA8	lbl_Tools_rodata_2BA8
.rodata	0x00002BB0	0x8	Tools/t_cons.cpp	local	lbl_Tools_rodata_2BB0	lbl_Tools_rodata_2BB0
.rodata	0x00002BB8	0x8	Tools/t_cons.cpp	local	lbl_Tools_rodata_2BB8	lbl_Tools_rodata_2BB8
.rodata	0x00002BC0	0x8	Tools/t_cons.cpp	local	lbl_Tools_rodata_2BC0	lbl_Tools_rodata_2BC0
.rodata	0x00002BC8	0x8	Tools/t_cons.cpp	local	lbl_Tools_rodata_2BC8	lbl_Tools_rodata_2BC8
.rodata	0x00002BD0	0x18	Tools/t_cons.cpp	local	lbl_Tools_rodata_2BD0	lbl_Tools_rodata_2BD0
.rodata	0x00002BE8	0x14	Tools/t_cons.cpp	local	lbl_Tools_rodata_2BE8	lbl_Tools_rodata_2BE8
.rodata	0x00002BFC	0x8	Tools/t_cons.cpp	local	lbl_Tools_rodata_2BFC	lbl_Tools_rodata_2BFC
.rodata	0x00002C04	0x8	Tools/t_cons.cpp	local	lbl_Tools_rodata_2C04	lbl_Tools_rodata_2C04
.rodata	0x00002C0C	0x8	Tools/t_cons.cpp	local	lbl_Tools_rodata_2C0C	lbl_Tools_rodata_2C0C
.rodata	0x00002C14	0x14	Tools/t_cons.cpp	local	lbl_Tools_rodata_2C14	lbl_Tools_rodata_2C14
.rodata	0x00002C28	0x18	Tools/t_cons.cpp	local	lbl_Tools_rodata_2C28	lbl_Tools_rodata_2C28
.rodata	0x00002C40	0x14	Tools/t_cons.cpp	local	lbl_Tools_rodata_2C40	lbl_Tools_rodata_2C40
.rodata	0x00002C54	0xC	Tools/t_cons.cpp	local	lbl_Tools_rodata_2C54	lbl_Tools_rodata_2C54
.rodata	0x00002C60	0x4	Tools/t_cons.cpp	local	lbl_Tools_rodata_2C60	lbl_Tools_rodata_2C60
.rodata	0x00002C64	0x4	Tools/t_cons.cpp	local	lbl_Tools_rodata_2C64	lbl_Tools_rodata_2C64
.rodata	0x00002C68	0x18	Tools/t_cons.cpp	local	lbl_Tools_rodata_2C68	lbl_Tools_rodata_2C68
.rodata	0x00002C80	0x8	Tools/t_cons.cpp	local	lbl_Tools_rodata_2C80	lbl_Tools_rodata_2C80
.rodata	0x00002C88	0x4	Tools/t_cons.cpp	local	lbl_Tools_rodata_2C88	lbl_Tools_rodata_2C88
.rodata	0x00002C8C	0x4	Tools/t_cons.cpp	local	lbl_Tools_rodata_2C8C	lbl_Tools_rodata_2C8C
.rodata	0x00002C90	0x10	Tools/t_cons.cpp	local	lbl_Tools_rodata_2C90	lbl_Tools_rodata_2C90
.rodata	0x00002CA0	0x28	Tools/t_cons.cpp	local	lbl_Tools_rodata_2CA0	lbl_Tools_rodata_2CA0
.rodata	0x00002CC8	0x28	Tools/t_cons.cpp	local	lbl_Tools_rodata_2CC8	lbl_Tools_rodata_2CC8
.rodata	0x00002CF0	0x38	Tools/t_cons.cpp	local	lbl_Tools_rodata_2CF0	lbl_Tools_rodata_2CF0
.rodata	0x00002D28	0x28	Tools/t_cons.cpp	local	lbl_Tools_rodata_2D28	lbl_Tools_rodata_2D28
.rodata	0x00002D50	0x1C	Tools/t_cons.cpp	local	lbl_Tools_rodata_2D50	lbl_Tools_rodata_2D50
.rodata	0x00002DFC	0x4	Tools/t_dr.cpp	local	lbl_Tools_rodata_2DFC	lbl_Tools_rodata_2DFC
.rodata	0x00002E00	0x4	Tools/t_dr.cpp	local	lbl_Tools_rodata_2E00	lbl_Tools_rodata_2E00
.rodata	0x00002E04	0x8	Tools/t_dr.cpp	local	lbl_Tools_rodata_2E04	lbl_Tools_rodata_2E04
.rodata	0x00002E0C	0xC	Tools/t_dr.cpp	local	lbl_Tools_rodata_2E0C	lbl_Tools_rodata_2E0C
.rodata	0x00002E18	0xC	Tools/t_dr.cpp	local	lbl_Tools_rodata_2E18	lbl_Tools_rodata_2E18
.rodata	0x00002E24	0xC	Tools/t_dr.cpp	local	lbl_Tools_rodata_2E24	lbl_Tools_rodata_2E24
.rodata	0x00002E30	0x8	Tools/t_dr.cpp	local	lbl_Tools_rodata_2E30	lbl_Tools_rodata_2E30
.rodata	0x00002E38	0xC	Tools/t_dr.cpp	local	lbl_Tools_rodata_2E38	lbl_Tools_rodata_2E38
.rodata	0x00002E44	0x10	Tools/t_dr.cpp	local	lbl_Tools_rodata_2E44	lbl_Tools_rodata_2E44
.rodata	0x00002E54	0x4	Tools/t_dr.cpp	local	lbl_Tools_rodata_2E54	lbl_Tools_rodata_2E54
.rodata	0x00002E58	0x8	Tools/t_dr.cpp	local	lbl_Tools_rodata_2E58	lbl_Tools_rodata_2E58
.rodata	0x00002E60	0xC	Tools/t_dr.cpp	local	lbl_Tools_rodata_2E60	lbl_Tools_rodata_2E60
.rodata	0x00002E6C	0x14	Tools/t_dr.cpp	local	lbl_Tools_rodata_2E6C	lbl_Tools_rodata_2E6C
.rodata	0x00002E80	0x8	Tools/t_dr.cpp	local	lbl_Tools_rodata_2E80	lbl_Tools_rodata_2E80
.rodata	0x00002E88	0xC	Tools/t_dr.cpp	local	lbl_Tools_rodata_2E88	lbl_Tools_rodata_2E88
.rodata	0x00002E94	0xC	Tools/t_dr.cpp	local	lbl_Tools_rodata_2E94	lbl_Tools_rodata_2E94
.rodata	0x00002EA0	0x4	Tools/t_dr.cpp	local	lbl_Tools_rodata_2EA0	lbl_Tools_rodata_2EA0
.rodata	0x00002EA4	0x8	Tools/t_dr.cpp	local	lbl_Tools_rodata_2EA4	lbl_Tools_rodata_2EA4
.rodata	0x00002EAC	0xC	Tools/t_dr.cpp	local	lbl_Tools_rodata_2EAC	lbl_Tools_rodata_2EAC
.rodata	0x00002EB8	0xC	Tools/t_dr.cpp	local	lbl_Tools_rodata_2EB8	lbl_Tools_rodata_2EB8
.rodata	0x00002EC4	0xC	Tools/t_dr.cpp	local	lbl_Tools_rodata_2EC4	lbl_Tools_rodata_2EC4
.rodata	0x00002ED0	0x4	Tools/t_dr.cpp	local	lbl_Tools_rodata_2ED0	lbl_Tools_rodata_2ED0
.rodata	0x00002ED4	0x4	Tools/t_dr.cpp	local	lbl_Tools_rodata_2ED4	lbl_Tools_rodata_2ED4
.rodata	0x00002ED8	0x4	Tools/t_dr.cpp	local	lbl_Tools_rodata_2ED8	lbl_Tools_rodata_2ED8
.rodata	0x00002EDC	0x30	Tools/t_dr.cpp	local	lbl_Tools_rodata_2EDC	lbl_Tools_rodata_2EDC
.rodata	0x00002F0C	0xC	Tools/t_dr.cpp	local	lbl_Tools_rodata_2F0C	lbl_Tools_rodata_2F0C
.rodata	0x00002F18	0x8	Tools/t_dr.cpp	local	lbl_Tools_rodata_2F18	lbl_Tools_rodata_2F18
.rodata	0x00002F20	0x8	Tools/t_dr.cpp	local	lbl_Tools_rodata_2F20	lbl_Tools_rodata_2F20
.rodata	0x00002F28	0xC	Tools/t_dr.cpp	local	lbl_Tools_rodata_2F28	lbl_Tools_rodata_2F28
.rodata	0x00002F34	0xC	Tools/t_dr.cpp	local	lbl_Tools_rodata_2F34	lbl_Tools_rodata_2F34
.rodata	0x00002F40	0x4	Tools/t_dr.cpp	local	lbl_Tools_rodata_2F40	lbl_Tools_rodata_2F40
.rodata	0x00002F44	0x14	Tools/t_dr.cpp	local	lbl_Tools_rodata_2F44	lbl_Tools_rodata_2F44
.rodata	0x00002F58	0x14	Tools/t_dr.cpp	local	lbl_Tools_rodata_2F58	lbl_Tools_rodata_2F58
.rodata	0x00002F6C	0xC	Tools/t_dr.cpp	local	lbl_Tools_rodata_2F6C	lbl_Tools_rodata_2F6C
.rodata	0x00002F78	0xC	Tools/t_dr.cpp	local	lbl_Tools_rodata_2F78	lbl_Tools_rodata_2F78
.rodata	0x00002F84	0x14	Tools/t_dr.cpp	local	lbl_Tools_rodata_2F84	lbl_Tools_rodata_2F84
.rodata	0x00002F98	0x20	Tools/t_dr.cpp	local	lbl_Tools_rodata_2F98	lbl_Tools_rodata_2F98
.rodata	0x00002FB8	0x28	Tools/t_dr.cpp	local	lbl_Tools_rodata_2FB8	lbl_Tools_rodata_2FB8
.rodata	0x00002FE0	0x28	Tools/t_dr.cpp	local	lbl_Tools_rodata_2FE0	lbl_Tools_rodata_2FE0
.rodata	0x00003008	0x38	Tools/t_dr.cpp	local	lbl_Tools_rodata_3008	lbl_Tools_rodata_3008
.rodata	0x00003040	0x28	Tools/t_dr.cpp	local	lbl_Tools_rodata_3040	lbl_Tools_rodata_3040
.rodata	0x00003068	0x44	Tools/t_dr.cpp	local	lbl_Tools_rodata_3068	lbl_Tools_rodata_3068
.rodata	0x000030C4	0x1C	Tools/t_eminfo.cpp	local	lbl_Tools_rodata_30C4	lbl_Tools_rodata_30C4
.rodata	0x000030E0	0x4	Tools/t_eminfo.cpp	local	lbl_Tools_rodata_30E0	lbl_Tools_rodata_30E0
.rodata	0x000030E4	0x4	Tools/t_eminfo.cpp	local	lbl_Tools_rodata_30E4	lbl_Tools_rodata_30E4
.rodata	0x000030E8	0x4	Tools/t_eminfo.cpp	local	lbl_Tools_rodata_30E8	lbl_Tools_rodata_30E8
.rodata	0x000030EC	0x4	Tools/t_eminfo.cpp	local	lbl_Tools_rodata_30EC	lbl_Tools_rodata_30EC
.rodata	0x000030F0	0x10	Tools/t_eminfo.cpp	local	lbl_Tools_rodata_30F0	lbl_Tools_rodata_30F0
.rodata	0x00003100	0x4	Tools/t_eminfo.cpp	local	lbl_Tools_rodata_3100	lbl_Tools_rodata_3100
.rodata	0x00003104	0x8	Tools/t_eminfo.cpp	local	lbl_Tools_rodata_3104	lbl_Tools_rodata_3104
.rodata	0x0000310C	0x8	Tools/t_eminfo.cpp	local	lbl_Tools_rodata_310C	lbl_Tools_rodata_310C
.rodata	0x00003114	0x8	Tools/t_eminfo.cpp	local	lbl_Tools_rodata_3114	lbl_Tools_rodata_3114
.rodata	0x0000311C	0x4	Tools/t_eminfo.cpp	local	lbl_Tools_rodata_311C	lbl_Tools_rodata_311C
.rodata	0x00003120	0xC	Tools/t_eminfo.cpp	local	lbl_Tools_rodata_3120	lbl_Tools_rodata_3120
.rodata	0x0000312C	0x4	Tools/t_eminfo.cpp	local	lbl_Tools_rodata_312C	lbl_Tools_rodata_312C
.rodata	0x00003130	0xC	Tools/t_eminfo.cpp	local	lbl_Tools_rodata_3130	lbl_Tools_rodata_3130
.rodata	0x0000313C	0x4	Tools/t_eminfo.cpp	local	lbl_Tools_rodata_313C	lbl_Tools_rodata_313C
.rodata	0x00003140	0x4	Tools/t_eminfo.cpp	local	lbl_Tools_rodata_3140	lbl_Tools_rodata_3140
.rodata	0x00003144	0x4	Tools/t_eminfo.cpp	local	lbl_Tools_rodata_3144	lbl_Tools_rodata_3144
.rodata	0x00003148	0x4	Tools/t_eminfo.cpp	local	lbl_Tools_rodata_3148	lbl_Tools_rodata_3148
.rodata	0x0000314C	0x1C	Tools/t_eminfo.cpp	local	lbl_Tools_rodata_314C	lbl_Tools_rodata_314C
.rodata	0x00003168	0x8	Tools/t_eminfo.cpp	local	lbl_Tools_rodata_3168	lbl_Tools_rodata_3168
.rodata	0x00003170	0x4	Tools/t_eminfo.cpp	local	lbl_Tools_rodata_3170	lbl_Tools_rodata_3170
.rodata	0x00003174	0x1C	Tools/t_eminfo.cpp	local	lbl_Tools_rodata_3174	lbl_Tools_rodata_3174
.rodata	0x00003190	0xC	Tools/t_eminfo.cpp	local	lbl_Tools_rodata_3190	lbl_Tools_rodata_3190
.rodata	0x0000319C	0x8	Tools/t_eminfo.cpp	local	lbl_Tools_rodata_319C	lbl_Tools_rodata_319C
.rodata	0x000031A4	0x4	Tools/t_eminfo.cpp	local	lbl_Tools_rodata_31A4	lbl_Tools_rodata_31A4
.rodata	0x000031A8	0x4	Tools/t_eminfo.cpp	local	lbl_Tools_rodata_31A8	lbl_Tools_rodata_31A8
.rodata	0x000031AC	0x4	Tools/t_eminfo.cpp	local	lbl_Tools_rodata_31AC	lbl_Tools_rodata_31AC
.rodata	0x000031B0	0x4	Tools/t_eminfo.cpp	local	lbl_Tools_rodata_31B0	lbl_Tools_rodata_31B0
.rodata	0x000031B4	0x4	Tools/t_eminfo.cpp	local	lbl_Tools_rodata_31B4	lbl_Tools_rodata_31B4
.rodata	0x000031B8	0x1C	Tools/t_eminfo.cpp	local	lbl_Tools_rodata_31B8	lbl_Tools_rodata_31B8
.rodata	0x000031D4	0xC	Tools/t_eminfo.cpp	local	lbl_Tools_rodata_31D4	lbl_Tools_rodata_31D4
.rodata	0x000031E0	0x4	Tools/t_eminfo.cpp	local	lbl_Tools_rodata_31E0	lbl_Tools_rodata_31E0
.rodata	0x000031E4	0x4	Tools/t_eminfo.cpp	local	lbl_Tools_rodata_31E4	lbl_Tools_rodata_31E4
.rodata	0x000031E8	0x4	Tools/t_eminfo.cpp	local	lbl_Tools_rodata_31E8	lbl_Tools_rodata_31E8
.rodata	0x000031EC	0x4	Tools/t_eminfo.cpp	local	lbl_Tools_rodata_31EC	lbl_Tools_rodata_31EC
.rodata	0x000031F0	0x4	Tools/t_eminfo.cpp	local	lbl_Tools_rodata_31F0	lbl_Tools_rodata_31F0
.rodata	0x000031F4	0x1C	Tools/t_eminfo.cpp	local	lbl_Tools_rodata_31F4	lbl_Tools_rodata_31F4
.rodata	0x00003210	0xC	Tools/t_eminfo.cpp	local	lbl_Tools_rodata_3210	lbl_Tools_rodata_3210
.rodata	0x0000321C	0x4	Tools/t_eminfo.cpp	local	lbl_Tools_rodata_321C	lbl_Tools_rodata_321C
.rodata	0x00003220	0x4	Tools/t_eminfo.cpp	local	lbl_Tools_rodata_3220	lbl_Tools_rodata_3220
.rodata	0x00003224	0x4	Tools/t_eminfo.cpp	local	lbl_Tools_rodata_3224	lbl_Tools_rodata_3224
.rodata	0x00003228	0x4	Tools/t_eminfo.cpp	local	lbl_Tools_rodata_3228	lbl_Tools_rodata_3228
.rodata	0x0000322C	0x4	Tools/t_eminfo.cpp	local	lbl_Tools_rodata_322C	lbl_Tools_rodata_322C
.rodata	0x00003230	0x1C	Tools/t_eminfo.cpp	local	lbl_Tools_rodata_3230	lbl_Tools_rodata_3230
.rodata	0x0000324C	0x8	Tools/t_eminfo.cpp	local	lbl_Tools_rodata_324C	lbl_Tools_rodata_324C
.rodata	0x00003254	0x4	Tools/t_eminfo.cpp	local	lbl_Tools_rodata_3254	lbl_Tools_rodata_3254
.rodata	0x00003258	0x4	Tools/t_eminfo.cpp	local	lbl_Tools_rodata_3258	lbl_Tools_rodata_3258
.rodata	0x0000325C	0x4	Tools/t_eminfo.cpp	local	lbl_Tools_rodata_325C	lbl_Tools_rodata_325C
.rodata	0x00003260	0x4	Tools/t_eminfo.cpp	local	lbl_Tools_rodata_3260	lbl_Tools_rodata_3260
.rodata	0x00003264	0x4	Tools/t_eminfo.cpp	local	lbl_Tools_rodata_3264	lbl_Tools_rodata_3264
.rodata	0x00003268	0xC	Tools/t_eminfo.cpp	local	lbl_Tools_rodata_3268	lbl_Tools_rodata_3268
.rodata	0x00003274	0x8	Tools/t_eminfo.cpp	local	lbl_Tools_rodata_3274	lbl_Tools_rodata_3274
.rodata	0x0000327C	0xC	Tools/t_eminfo.cpp	local	lbl_Tools_rodata_327C	lbl_Tools_rodata_327C
.rodata	0x00003288	0xC	Tools/t_eminfo.cpp	local	lbl_Tools_rodata_3288	lbl_Tools_rodata_3288
.rodata	0x00003294	0x24	Tools/t_eminfo.cpp	local	lbl_Tools_rodata_3294	lbl_Tools_rodata_3294
.rodata	0x000032B8	0x4	Tools/t_eminfo.cpp	local	lbl_Tools_rodata_32B8	lbl_Tools_rodata_32B8
.rodata	0x000032BC	0x14	Tools/t_eminfo.cpp	local	lbl_Tools_rodata_32BC	lbl_Tools_rodata_32BC
.rodata	0x000032D0	0x4	Tools/t_eminfo.cpp	local	lbl_Tools_rodata_32D0	lbl_Tools_rodata_32D0
.rodata	0x000032D4	0x4	Tools/t_eminfo.cpp	local	lbl_Tools_rodata_32D4	lbl_Tools_rodata_32D4
.rodata	0x000032D8	0x14	Tools/t_eminfo.cpp	local	lbl_Tools_rodata_32D8	lbl_Tools_rodata_32D8
.rodata	0x000032EC	0xC	Tools/t_eminfo.cpp	local	lbl_Tools_rodata_32EC	lbl_Tools_rodata_32EC
.rodata	0x000032F8	0x10	Tools/t_eminfo.cpp	local	lbl_Tools_rodata_32F8	lbl_Tools_rodata_32F8
.rodata	0x00003308	0x8	Tools/t_eminfo.cpp	local	lbl_Tools_rodata_3308	lbl_Tools_rodata_3308
.rodata	0x00003310	0x4	Tools/t_eminfo.cpp	local	lbl_Tools_rodata_3310	lbl_Tools_rodata_3310
.rodata	0x00003314	0x4	Tools/t_eminfo.cpp	local	lbl_Tools_rodata_3314	lbl_Tools_rodata_3314
.rodata	0x00003318	0x4	Tools/t_eminfo.cpp	local	lbl_Tools_rodata_3318	lbl_Tools_rodata_3318
.rodata	0x0000331C	0x4	Tools/t_eminfo.cpp	local	lbl_Tools_rodata_331C	lbl_Tools_rodata_331C
.rodata	0x00003320	0x1C	Tools/t_eminfo.cpp	local	lbl_Tools_rodata_3320	lbl_Tools_rodata_3320
.rodata	0x0000333C	0x18	Tools/t_eminfo.cpp	local	lbl_Tools_rodata_333C	lbl_Tools_rodata_333C
.rodata	0x00003354	0x4	Tools/t_eminfo.cpp	local	lbl_Tools_rodata_3354	lbl_Tools_rodata_3354
.rodata	0x00003358	0x4	Tools/t_eminfo.cpp	local	lbl_Tools_rodata_3358	lbl_Tools_rodata_3358
.rodata	0x0000335C	0x4	Tools/t_eminfo.cpp	local	lbl_Tools_rodata_335C	lbl_Tools_rodata_335C
.rodata	0x00003360	0x4	Tools/t_eminfo.cpp	local	lbl_Tools_rodata_3360	lbl_Tools_rodata_3360
.rodata	0x00003364	0xC	Tools/t_eminfo.cpp	local	lbl_Tools_rodata_3364	lbl_Tools_rodata_3364
.rodata	0x00003370	0x8	Tools/t_eminfo.cpp	local	lbl_Tools_rodata_3370	lbl_Tools_rodata_3370
.rodata	0x00003378	0x2C	Tools/t_eminfo.cpp	local	lbl_Tools_rodata_3378	lbl_Tools_rodata_3378
.rodata	0x000033A4	0x34	Tools/t_eminfo.cpp	local	lbl_Tools_rodata_33A4	lbl_Tools_rodata_33A4
.rodata	0x000033D8	0x30	Tools/t_eminfo.cpp	local	lbl_Tools_rodata_33D8	lbl_Tools_rodata_33D8
.rodata	0x00003408	0x4	Tools/t_eminfo.cpp	local	lbl_Tools_rodata_3408	lbl_Tools_rodata_3408
.rodata	0x0000340C	0xC	Tools/t_eminfo.cpp	local	lbl_Tools_rodata_340C	lbl_Tools_rodata_340C
.rodata	0x00003418	0x4	Tools/t_eminfo.cpp	local	lbl_Tools_rodata_3418	lbl_Tools_rodata_3418
.rodata	0x0000341C	0x4	Tools/t_eminfo.cpp	local	lbl_Tools_rodata_341C	lbl_Tools_rodata_341C
.rodata	0x00003420	0x4	Tools/t_eminfo.cpp	local	lbl_Tools_rodata_3420	lbl_Tools_rodata_3420
.rodata	0x00003424	0x4	Tools/t_eminfo.cpp	local	lbl_Tools_rodata_3424	lbl_Tools_rodata_3424
.rodata	0x00003428	0x2C	Tools/t_eminfo.cpp	local	lbl_Tools_rodata_3428	lbl_Tools_rodata_3428
.rodata	0x00003454	0x10	Tools/t_eminfo.cpp	local	lbl_Tools_rodata_3454	lbl_Tools_rodata_3454
.rodata	0x00003464	0x4	Tools/t_eminfo.cpp	local	lbl_Tools_rodata_3464	lbl_Tools_rodata_3464
.rodata	0x00003480	0x24	Tools/t_esp_area.cpp	local	lbl_Tools_rodata_3480	lbl_Tools_rodata_3480
.rodata	0x000034A4	0x4	Tools/t_esp_area.cpp	local	lbl_Tools_rodata_34A4	lbl_Tools_rodata_34A4
.rodata	0x000034A8	0x18	Tools/t_esp_area.cpp	local	lbl_Tools_rodata_34A8	lbl_Tools_rodata_34A8
.rodata	0x000034C0	0x10	Tools/t_esp_area.cpp	local	lbl_Tools_rodata_34C0	lbl_Tools_rodata_34C0
.rodata	0x000034D0	0x8	Tools/t_esp_area.cpp	local	lbl_Tools_rodata_34D0	lbl_Tools_rodata_34D0
.rodata	0x000034D8	0x8	Tools/t_esp_area.cpp	local	lbl_Tools_rodata_34D8	lbl_Tools_rodata_34D8
.rodata	0x000034E0	0x8	Tools/t_esp_area.cpp	local	lbl_Tools_rodata_34E0	lbl_Tools_rodata_34E0
.rodata	0x000034E8	0xC	Tools/t_esp_area.cpp	local	lbl_Tools_rodata_34E8	lbl_Tools_rodata_34E8
.rodata	0x000034F4	0xC	Tools/t_esp_area.cpp	local	lbl_Tools_rodata_34F4	lbl_Tools_rodata_34F4
.rodata	0x00003500	0x8	Tools/t_esp_area.cpp	local	lbl_Tools_rodata_3500	lbl_Tools_rodata_3500
.rodata	0x00003508	0x8	Tools/t_esp_area.cpp	local	lbl_Tools_rodata_3508	lbl_Tools_rodata_3508
.rodata	0x00003510	0xC	Tools/t_esp_area.cpp	local	lbl_Tools_rodata_3510	lbl_Tools_rodata_3510
.rodata	0x0000351C	0x4	Tools/t_esp_area.cpp	local	lbl_Tools_rodata_351C	lbl_Tools_rodata_351C
.rodata	0x00003520	0x4	Tools/t_esp_area.cpp	local	lbl_Tools_rodata_3520	lbl_Tools_rodata_3520
.rodata	0x00003524	0x4	Tools/t_esp_area.cpp	local	lbl_Tools_rodata_3524	lbl_Tools_rodata_3524
.rodata	0x00003528	0x18	Tools/t_esp_area.cpp	local	lbl_Tools_rodata_3528	lbl_Tools_rodata_3528
.rodata	0x00003540	0x4	Tools/t_esp_area.cpp	local	lbl_Tools_rodata_3540	lbl_Tools_rodata_3540
.rodata	0x00003544	0x4	Tools/t_esp_area.cpp	local	lbl_Tools_rodata_3544	lbl_Tools_rodata_3544
.rodata	0x00003548	0x4	Tools/t_esp_area.cpp	local	lbl_Tools_rodata_3548	lbl_Tools_rodata_3548
.rodata	0x0000354C	0xC	Tools/t_esp_area.cpp	local	lbl_Tools_rodata_354C	lbl_Tools_rodata_354C
.rodata	0x00003558	0x10	Tools/t_esp_area.cpp	local	lbl_Tools_rodata_3558	lbl_Tools_rodata_3558
.rodata	0x00003568	0xC	Tools/t_esp_area.cpp	local	lbl_Tools_rodata_3568	lbl_Tools_rodata_3568
.rodata	0x00003574	0x10	Tools/t_esp_area.cpp	local	lbl_Tools_rodata_3574	lbl_Tools_rodata_3574
.rodata	0x00003584	0x10	Tools/t_esp_area.cpp	local	lbl_Tools_rodata_3584	lbl_Tools_rodata_3584
.rodata	0x00003594	0x8	Tools/t_esp_area.cpp	local	lbl_Tools_rodata_3594	lbl_Tools_rodata_3594
.rodata	0x0000359C	0xC	Tools/t_esp_area.cpp	local	lbl_Tools_rodata_359C	lbl_Tools_rodata_359C
.rodata	0x000035A8	0xC	Tools/t_esp_area.cpp	local	lbl_Tools_rodata_35A8	lbl_Tools_rodata_35A8
.rodata	0x000035B4	0x8	Tools/t_esp_area.cpp	local	lbl_Tools_rodata_35B4	lbl_Tools_rodata_35B4
.rodata	0x000035BC	0x20	Tools/t_esp_area.cpp	local	lbl_Tools_rodata_35BC	lbl_Tools_rodata_35BC
.rodata	0x000035DC	0x8	Tools/t_esp_area.cpp	local	lbl_Tools_rodata_35DC	lbl_Tools_rodata_35DC
.rodata	0x000035E4	0x8	Tools/t_esp_area.cpp	local	lbl_Tools_rodata_35E4	lbl_Tools_rodata_35E4
.rodata	0x000035EC	0x8	Tools/t_esp_area.cpp	local	lbl_Tools_rodata_35EC	lbl_Tools_rodata_35EC
.rodata	0x000035F4	0x8	Tools/t_esp_area.cpp	local	lbl_Tools_rodata_35F4	lbl_Tools_rodata_35F4
.rodata	0x000035FC	0x8	Tools/t_esp_area.cpp	local	lbl_Tools_rodata_35FC	lbl_Tools_rodata_35FC
.rodata	0x00003604	0x1C	Tools/t_esp_area.cpp	local	lbl_Tools_rodata_3604	lbl_Tools_rodata_3604
.rodata	0x00003620	0x8	Tools/t_esp_area.cpp	local	lbl_Tools_rodata_3620	lbl_Tools_rodata_3620
.rodata	0x00003628	0x8	Tools/t_esp_area.cpp	local	lbl_Tools_rodata_3628	lbl_Tools_rodata_3628
.rodata	0x00003630	0x20	Tools/t_esp_area.cpp	local	lbl_Tools_rodata_3630	lbl_Tools_rodata_3630
.rodata	0x00003650	0x8	Tools/t_esp_area.cpp	local	lbl_Tools_rodata_3650	lbl_Tools_rodata_3650
.rodata	0x00003658	0x10	Tools/t_esp_area.cpp	local	lbl_Tools_rodata_3658	lbl_Tools_rodata_3658
.rodata	0x00003668	0x10	Tools/t_esp_area.cpp	local	lbl_Tools_rodata_3668	lbl_Tools_rodata_3668
.rodata	0x00003678	0x10	Tools/t_esp_area.cpp	local	lbl_Tools_rodata_3678	lbl_Tools_rodata_3678
.rodata	0x00003688	0x8	Tools/t_esp_area.cpp	local	lbl_Tools_rodata_3688	lbl_Tools_rodata_3688
.rodata	0x00003690	0x4	Tools/t_esp_area.cpp	local	lbl_Tools_rodata_3690	lbl_Tools_rodata_3690
.rodata	0x00003694	0x20	Tools/t_esp_area.cpp	local	lbl_Tools_rodata_3694	lbl_Tools_rodata_3694
.rodata	0x000036B4	0x28	Tools/t_esp_area.cpp	local	lbl_Tools_rodata_36B4	lbl_Tools_rodata_36B4
.rodata	0x000036DC	0x1C	Tools/t_esp_area.cpp	local	lbl_Tools_rodata_36DC	lbl_Tools_rodata_36DC
.rodata	0x000036F8	0x8	Tools/t_esp_area.cpp	local	lbl_Tools_rodata_36F8	lbl_Tools_rodata_36F8
.rodata	0x00003700	0x10	Tools/t_esp_area.cpp	local	lbl_Tools_rodata_3700	lbl_Tools_rodata_3700
.rodata	0x00003710	0x1C	Tools/t_esp_area.cpp	local	lbl_Tools_rodata_3710	lbl_Tools_rodata_3710
.rodata	0x0000372C	0xC	Tools/t_esp_area.cpp	local	lbl_Tools_rodata_372C	lbl_Tools_rodata_372C
.rodata	0x00003738	0x1C	Tools/t_esp_area.cpp	local	lbl_Tools_rodata_3738	lbl_Tools_rodata_3738
.rodata	0x00003754	0x20	Tools/t_esp_area.cpp	local	lbl_Tools_rodata_3754	lbl_Tools_rodata_3754
.rodata	0x00003774	0x4	Tools/t_esp_area.cpp	local	lbl_Tools_rodata_3774	lbl_Tools_rodata_3774
.rodata	0x00003778	0xC	Tools/t_esp_area.cpp	local	lbl_Tools_rodata_3778	lbl_Tools_rodata_3778
.rodata	0x00003784	0x1C	Tools/t_esp_area.cpp	local	lbl_Tools_rodata_3784	lbl_Tools_rodata_3784
.rodata	0x000037A0	0x4	Tools/t_esp_area.cpp	local	lbl_Tools_rodata_37A0	lbl_Tools_rodata_37A0
.rodata	0x000037A4	0x4	Tools/t_esp_area.cpp	local	lbl_Tools_rodata_37A4	lbl_Tools_rodata_37A4
.rodata	0x000037A8	0x8	Tools/t_esp_area.cpp	local	lbl_Tools_rodata_37A8	lbl_Tools_rodata_37A8
.rodata	0x000037B0	0x4	Tools/t_esp_area.cpp	local	lbl_Tools_rodata_37B0	lbl_Tools_rodata_37B0
.rodata	0x000037B4	0x4	Tools/t_esp_area.cpp	local	lbl_Tools_rodata_37B4	lbl_Tools_rodata_37B4
.rodata	0x000037B8	0x4	Tools/t_esp_area.cpp	local	lbl_Tools_rodata_37B8	lbl_Tools_rodata_37B8
.rodata	0x000037BC	0x4	Tools/t_esp_area.cpp	local	lbl_Tools_rodata_37BC	lbl_Tools_rodata_37BC
.rodata	0x000037C0	0x4	Tools/t_esp_area.cpp	local	lbl_Tools_rodata_37C0	lbl_Tools_rodata_37C0
.rodata	0x000037C4	0x4	Tools/t_esp_area.cpp	local	lbl_Tools_rodata_37C4	lbl_Tools_rodata_37C4
.rodata	0x000037C8	0x4	Tools/t_esp_area.cpp	local	lbl_Tools_rodata_37C8	lbl_Tools_rodata_37C8
.rodata	0x000037CC	0x4	Tools/t_esp_area.cpp	local	lbl_Tools_rodata_37CC	lbl_Tools_rodata_37CC
.rodata	0x000037D0	0x4	Tools/t_esp_area.cpp	local	lbl_Tools_rodata_37D0	lbl_Tools_rodata_37D0
.rodata	0x000037D4	0x28	Tools/t_esp_area.cpp	local	lbl_Tools_rodata_37D4	lbl_Tools_rodata_37D4
.rodata	0x000037FC	0x28	Tools/t_esp_area.cpp	local	lbl_Tools_rodata_37FC	lbl_Tools_rodata_37FC
.rodata	0x00003824	0x38	Tools/t_esp_area.cpp	local	lbl_Tools_rodata_3824	lbl_Tools_rodata_3824
.rodata	0x0000385C	0x28	Tools/t_esp_area.cpp	local	lbl_Tools_rodata_385C	lbl_Tools_rodata_385C
.rodata	0x00003884	0x1C	Tools/t_esp_area.cpp	local	lbl_Tools_rodata_3884	lbl_Tools_rodata_3884
.rodata	0x000038A0	0x1C	Tools/t_esp_area.cpp	local	lbl_Tools_rodata_38A0	lbl_Tools_rodata_38A0
.rodata	0x000038BC	0x8	Tools/t_esp_area.cpp	local	lbl_Tools_rodata_38BC	lbl_Tools_rodata_38BC
.rodata	0x000038C4	0x8	Tools/t_esp_area.cpp	local	lbl_Tools_rodata_38C4	lbl_Tools_rodata_38C4
.rodata	0x000038CC	0x8	Tools/t_esp_area.cpp	local	lbl_Tools_rodata_38CC	lbl_Tools_rodata_38CC
.rodata	0x000038D4	0x8	Tools/t_esp_area.cpp	local	lbl_Tools_rodata_38D4	lbl_Tools_rodata_38D4
.rodata	0x000038DC	0x4	Tools/t_esp_area.cpp	local	lbl_Tools_rodata_38DC	lbl_Tools_rodata_38DC
.rodata	0x000038E0	0x8	Tools/t_esp_area.cpp	local	lbl_Tools_rodata_38E0	lbl_Tools_rodata_38E0
.rodata	0x000038E8	0x4	Tools/t_esp_area.cpp	local	lbl_Tools_rodata_38E8	lbl_Tools_rodata_38E8
.rodata	0x000038EC	0x4	Tools/t_esp_area.cpp	local	lbl_Tools_rodata_38EC	lbl_Tools_rodata_38EC
.rodata	0x000038F0	0x4	Tools/t_esp_area.cpp	local	lbl_Tools_rodata_38F0	lbl_Tools_rodata_38F0
.rodata	0x000038F4	0x4	Tools/t_esp_area.cpp	local	lbl_Tools_rodata_38F4	lbl_Tools_rodata_38F4
.rodata	0x000038F8	0x8	Tools/t_esp_area.cpp	local	lbl_Tools_rodata_38F8	lbl_Tools_rodata_38F8
.rodata	0x00003900	0x58	Tools/t_esp_area.cpp	global	lbl_Tools_rodata_3900	lbl_Tools_rodata_3900
.rodata	0x00003958	0x18	Tools/t_esp_area.cpp	global	lbl_Tools_rodata_3958	lbl_Tools_rodata_3958
.rodata	0x00003970	0x18	Tools/t_esp_area.cpp	global	lbl_Tools_rodata_3970	lbl_Tools_rodata_3970
.rodata	0x00003988	0x50	Tools/t_esp_area.cpp	global	lbl_Tools_rodata_3988	lbl_Tools_rodata_3988
.rodata	0x000039D8	0xB0	Tools/t_esp_area.cpp	global	lbl_Tools_rodata_39D8	lbl_Tools_rodata_39D8
.rodata	0x00003AA0	0x8	Tools/t_flr_at.cpp	local	lbl_Tools_rodata_3AA0	lbl_Tools_rodata_3AA0
.rodata	0x00003AA8	0xC	Tools/t_flr_at.cpp	local	lbl_Tools_rodata_3AA8	lbl_Tools_rodata_3AA8
.rodata	0x00003AB4	0x10	Tools/t_flr_at.cpp	local	lbl_Tools_rodata_3AB4	lbl_Tools_rodata_3AB4
.rodata	0x00003AC4	0xC	Tools/t_flr_at.cpp	local	lbl_Tools_rodata_3AC4	lbl_Tools_rodata_3AC4
.rodata	0x00003AD0	0x10	Tools/t_flr_at.cpp	local	lbl_Tools_rodata_3AD0	lbl_Tools_rodata_3AD0
.rodata	0x00003AE0	0x10	Tools/t_flr_at.cpp	local	lbl_Tools_rodata_3AE0	lbl_Tools_rodata_3AE0
.rodata	0x00003AF0	0xC	Tools/t_flr_at.cpp	local	lbl_Tools_rodata_3AF0	lbl_Tools_rodata_3AF0
.rodata	0x00003AFC	0xC	Tools/t_flr_at.cpp	local	lbl_Tools_rodata_3AFC	lbl_Tools_rodata_3AFC
.rodata	0x00003B08	0x8	Tools/t_flr_at.cpp	local	lbl_Tools_rodata_3B08	lbl_Tools_rodata_3B08
.rodata	0x00003B10	0xC	Tools/t_flr_at.cpp	local	lbl_Tools_rodata_3B10	lbl_Tools_rodata_3B10
.rodata	0x00003B1C	0x8	Tools/t_flr_at.cpp	local	lbl_Tools_rodata_3B1C	lbl_Tools_rodata_3B1C
.rodata	0x00003B24	0x10	Tools/t_flr_at.cpp	local	lbl_Tools_rodata_3B24	lbl_Tools_rodata_3B24
.rodata	0x00003B34	0x14	Tools/t_flr_at.cpp	local	lbl_Tools_rodata_3B34	lbl_Tools_rodata_3B34
.rodata	0x00003B48	0x10	Tools/t_flr_at.cpp	local	lbl_Tools_rodata_3B48	lbl_Tools_rodata_3B48
.rodata	0x00003B58	0xC	Tools/t_flr_at.cpp	local	lbl_Tools_rodata_3B58	lbl_Tools_rodata_3B58
.rodata	0x00003B64	0x4	Tools/t_flr_at.cpp	local	lbl_Tools_rodata_3B64	lbl_Tools_rodata_3B64
.rodata	0x00003B68	0x8	Tools/t_flr_at.cpp	local	lbl_Tools_rodata_3B68	lbl_Tools_rodata_3B68
.rodata	0x00003B70	0xC	Tools/t_flr_at.cpp	local	lbl_Tools_rodata_3B70	lbl_Tools_rodata_3B70
.rodata	0x00003B7C	0xC	Tools/t_flr_at.cpp	local	lbl_Tools_rodata_3B7C	lbl_Tools_rodata_3B7C
.rodata	0x00003B88	0xC	Tools/t_flr_at.cpp	local	lbl_Tools_rodata_3B88	lbl_Tools_rodata_3B88
.rodata	0x00003B94	0x10	Tools/t_flr_at.cpp	local	lbl_Tools_rodata_3B94	lbl_Tools_rodata_3B94
.rodata	0x00003BA4	0xC	Tools/t_flr_at.cpp	local	lbl_Tools_rodata_3BA4	lbl_Tools_rodata_3BA4
.rodata	0x00003BB0	0xC	Tools/t_flr_at.cpp	local	lbl_Tools_rodata_3BB0	lbl_Tools_rodata_3BB0
.rodata	0x00003BBC	0xC	Tools/t_flr_at.cpp	local	lbl_Tools_rodata_3BBC	lbl_Tools_rodata_3BBC
.rodata	0x00003BC8	0xC	Tools/t_flr_at.cpp	local	lbl_Tools_rodata_3BC8	lbl_Tools_rodata_3BC8
.rodata	0x00003BD4	0x8	Tools/t_flr_at.cpp	local	lbl_Tools_rodata_3BD4	lbl_Tools_rodata_3BD4
.rodata	0x00003BDC	0x8	Tools/t_flr_at.cpp	local	lbl_Tools_rodata_3BDC	lbl_Tools_rodata_3BDC
.rodata	0x00003BE4	0x4	Tools/t_flr_at.cpp	local	lbl_Tools_rodata_3BE4	lbl_Tools_rodata_3BE4
.rodata	0x00003BE8	0xC	Tools/t_flr_at.cpp	local	lbl_Tools_rodata_3BE8	lbl_Tools_rodata_3BE8
.rodata	0x00003BF4	0x8	Tools/t_flr_at.cpp	local	lbl_Tools_rodata_3BF4	lbl_Tools_rodata_3BF4
.rodata	0x00003BFC	0x8	Tools/t_flr_at.cpp	local	lbl_Tools_rodata_3BFC	lbl_Tools_rodata_3BFC
.rodata	0x00003C04	0x8	Tools/t_flr_at.cpp	local	lbl_Tools_rodata_3C04	lbl_Tools_rodata_3C04
.rodata	0x00003C0C	0x8	Tools/t_flr_at.cpp	local	lbl_Tools_rodata_3C0C	lbl_Tools_rodata_3C0C
.rodata	0x00003C14	0x4	Tools/t_flr_at.cpp	local	lbl_Tools_rodata_3C14	lbl_Tools_rodata_3C14
.rodata	0x00003C18	0x4	Tools/t_flr_at.cpp	local	lbl_Tools_rodata_3C18	lbl_Tools_rodata_3C18
.rodata	0x00003C1C	0x4	Tools/t_flr_at.cpp	local	lbl_Tools_rodata_3C1C	lbl_Tools_rodata_3C1C
.rodata	0x00003C20	0x4	Tools/t_flr_at.cpp	local	lbl_Tools_rodata_3C20	lbl_Tools_rodata_3C20
.rodata	0x00003C24	0xC	Tools/t_flr_at.cpp	local	lbl_Tools_rodata_3C24	lbl_Tools_rodata_3C24
.rodata	0x00003C30	0xC	Tools/t_flr_at.cpp	local	lbl_Tools_rodata_3C30	lbl_Tools_rodata_3C30
.rodata	0x00003C3C	0x8	Tools/t_flr_at.cpp	local	lbl_Tools_rodata_3C3C	lbl_Tools_rodata_3C3C
.rodata	0x00003C44	0x8	Tools/t_flr_at.cpp	local	lbl_Tools_rodata_3C44	lbl_Tools_rodata_3C44
.rodata	0x00003C4C	0xC	Tools/t_flr_at.cpp	local	lbl_Tools_rodata_3C4C	lbl_Tools_rodata_3C4C
.rodata	0x00003C58	0x10	Tools/t_flr_at.cpp	local	lbl_Tools_rodata_3C58	lbl_Tools_rodata_3C58
.rodata	0x00003C68	0x10	Tools/t_flr_at.cpp	local	lbl_Tools_rodata_3C68	lbl_Tools_rodata_3C68
.rodata	0x00003C78	0x8	Tools/t_flr_at.cpp	local	lbl_Tools_rodata_3C78	lbl_Tools_rodata_3C78
.rodata	0x00003C80	0x8	Tools/t_flr_at.cpp	local	lbl_Tools_rodata_3C80	lbl_Tools_rodata_3C80
.rodata	0x00003C88	0xC	Tools/t_flr_at.cpp	local	lbl_Tools_rodata_3C88	lbl_Tools_rodata_3C88
.rodata	0x00003C94	0x4	Tools/t_flr_at.cpp	local	lbl_Tools_rodata_3C94	lbl_Tools_rodata_3C94
.rodata	0x00003C98	0xC	Tools/t_flr_at.cpp	local	lbl_Tools_rodata_3C98	lbl_Tools_rodata_3C98
.rodata	0x00003CA4	0x10	Tools/t_flr_at.cpp	local	lbl_Tools_rodata_3CA4	lbl_Tools_rodata_3CA4
.rodata	0x00003CB4	0x10	Tools/t_flr_at.cpp	local	lbl_Tools_rodata_3CB4	lbl_Tools_rodata_3CB4
.rodata	0x00003CC4	0xC	Tools/t_flr_at.cpp	local	lbl_Tools_rodata_3CC4	lbl_Tools_rodata_3CC4
.rodata	0x00003CD0	0xC	Tools/t_flr_at.cpp	local	lbl_Tools_rodata_3CD0	lbl_Tools_rodata_3CD0
.rodata	0x00003CDC	0xC	Tools/t_flr_at.cpp	local	lbl_Tools_rodata_3CDC	lbl_Tools_rodata_3CDC
.rodata	0x00003CE8	0xC	Tools/t_flr_at.cpp	local	lbl_Tools_rodata_3CE8	lbl_Tools_rodata_3CE8
.rodata	0x00003CF4	0x8	Tools/t_flr_at.cpp	local	lbl_Tools_rodata_3CF4	lbl_Tools_rodata_3CF4
.rodata	0x00003CFC	0x4	Tools/t_flr_at.cpp	local	lbl_Tools_rodata_3CFC	lbl_Tools_rodata_3CFC
.rodata	0x00003D00	0xC	Tools/t_flr_at.cpp	local	lbl_Tools_rodata_3D00	lbl_Tools_rodata_3D00
.rodata	0x00003D0C	0x4	Tools/t_flr_at.cpp	local	lbl_Tools_rodata_3D0C	lbl_Tools_rodata_3D0C
.rodata	0x00003D10	0x4	Tools/t_flr_at.cpp	local	lbl_Tools_rodata_3D10	lbl_Tools_rodata_3D10
.rodata	0x00003D14	0x4	Tools/t_flr_at.cpp	local	lbl_Tools_rodata_3D14	lbl_Tools_rodata_3D14
.rodata	0x00003D18	0x8	Tools/t_flr_at.cpp	local	lbl_Tools_rodata_3D18	lbl_Tools_rodata_3D18
.rodata	0x00003D20	0x8	Tools/t_flr_at.cpp	local	lbl_Tools_rodata_3D20	lbl_Tools_rodata_3D20
.rodata	0x00003D28	0x8	Tools/t_flr_at.cpp	local	lbl_Tools_rodata_3D28	lbl_Tools_rodata_3D28
.rodata	0x00003D30	0x4	Tools/t_flr_at.cpp	local	lbl_Tools_rodata_3D30	lbl_Tools_rodata_3D30
.rodata	0x00003D34	0x8	Tools/t_flr_at.cpp	local	lbl_Tools_rodata_3D34	lbl_Tools_rodata_3D34
.rodata	0x00003D3C	0x8	Tools/t_flr_at.cpp	local	lbl_Tools_rodata_3D3C	lbl_Tools_rodata_3D3C
.rodata	0x00003D44	0xC	Tools/t_flr_at.cpp	local	lbl_Tools_rodata_3D44	lbl_Tools_rodata_3D44
.rodata	0x00003D50	0x4	Tools/t_flr_at.cpp	local	lbl_Tools_rodata_3D50	lbl_Tools_rodata_3D50
.rodata	0x00003D54	0x4	Tools/t_flr_at.cpp	local	lbl_Tools_rodata_3D54	lbl_Tools_rodata_3D54
.rodata	0x00003D58	0x10	Tools/t_flr_at.cpp	local	lbl_Tools_rodata_3D58	lbl_Tools_rodata_3D58
.rodata	0x00003D68	0x10	Tools/t_flr_at.cpp	local	lbl_Tools_rodata_3D68	lbl_Tools_rodata_3D68
.rodata	0x00003D78	0x10	Tools/t_flr_at.cpp	local	lbl_Tools_rodata_3D78	lbl_Tools_rodata_3D78
.rodata	0x00003D88	0xC	Tools/t_flr_at.cpp	local	lbl_Tools_rodata_3D88	lbl_Tools_rodata_3D88
.rodata	0x00003D94	0x24	Tools/t_flr_at.cpp	local	lbl_Tools_rodata_3D94	lbl_Tools_rodata_3D94
.rodata	0x00003DB8	0x24	Tools/t_flr_at.cpp	local	lbl_Tools_rodata_3DB8	lbl_Tools_rodata_3DB8
.rodata	0x00003DDC	0x10	Tools/t_flr_at.cpp	local	lbl_Tools_rodata_3DDC	lbl_Tools_rodata_3DDC
.rodata	0x00003DEC	0x4	Tools/t_flr_at.cpp	local	lbl_Tools_rodata_3DEC	lbl_Tools_rodata_3DEC
.rodata	0x00003DF0	0x4	Tools/t_flr_at.cpp	local	lbl_Tools_rodata_3DF0	lbl_Tools_rodata_3DF0
.rodata	0x00003DF4	0x18	Tools/t_flr_at.cpp	local	lbl_Tools_rodata_3DF4	lbl_Tools_rodata_3DF4
.rodata	0x00003E0C	0x4	Tools/t_flr_at.cpp	local	lbl_Tools_rodata_3E0C	lbl_Tools_rodata_3E0C
.rodata	0x00003E10	0x14	Tools/t_flr_at.cpp	local	lbl_Tools_rodata_3E10	lbl_Tools_rodata_3E10
.rodata	0x00003E24	0x14	Tools/t_flr_at.cpp	local	lbl_Tools_rodata_3E24	lbl_Tools_rodata_3E24
.rodata	0x00003E38	0x8	Tools/t_flr_at.cpp	local	lbl_Tools_rodata_3E38	lbl_Tools_rodata_3E38
.rodata	0x00003E40	0x8	Tools/t_flr_at.cpp	local	lbl_Tools_rodata_3E40	lbl_Tools_rodata_3E40
.rodata	0x00003E48	0xC	Tools/t_flr_at.cpp	local	lbl_Tools_rodata_3E48	lbl_Tools_rodata_3E48
.rodata	0x00003E54	0xC	Tools/t_flr_at.cpp	local	lbl_Tools_rodata_3E54	lbl_Tools_rodata_3E54
.rodata	0x00003E60	0xC	Tools/t_flr_at.cpp	local	lbl_Tools_rodata_3E60	lbl_Tools_rodata_3E60
.rodata	0x00003E6C	0xC	Tools/t_flr_at.cpp	local	lbl_Tools_rodata_3E6C	lbl_Tools_rodata_3E6C
.rodata	0x00003E78	0x24	Tools/t_flr_at.cpp	local	lbl_Tools_rodata_3E78	lbl_Tools_rodata_3E78
.rodata	0x00003E9C	0x24	Tools/t_flr_at.cpp	local	lbl_Tools_rodata_3E9C	lbl_Tools_rodata_3E9C
.rodata	0x00003EC0	0x14	Tools/t_flr_at.cpp	local	lbl_Tools_rodata_3EC0	lbl_Tools_rodata_3EC0
.rodata	0x00003ED4	0x14	Tools/t_flr_at.cpp	local	lbl_Tools_rodata_3ED4	lbl_Tools_rodata_3ED4
.rodata	0x00003EE8	0xC	Tools/t_flr_at.cpp	local	lbl_Tools_rodata_3EE8	lbl_Tools_rodata_3EE8
.rodata	0x00003EF4	0x10	Tools/t_flr_at.cpp	local	lbl_Tools_rodata_3EF4	lbl_Tools_rodata_3EF4
.rodata	0x00003F04	0x10	Tools/t_flr_at.cpp	local	lbl_Tools_rodata_3F04	lbl_Tools_rodata_3F04
.rodata	0x00003F14	0x18	Tools/t_flr_at.cpp	local	lbl_Tools_rodata_3F14	lbl_Tools_rodata_3F14
.rodata	0x00003F2C	0x28	Tools/t_flr_at.cpp	local	lbl_Tools_rodata_3F2C	lbl_Tools_rodata_3F2C
.rodata	0x00003F54	0x28	Tools/t_flr_at.cpp	local	lbl_Tools_rodata_3F54	lbl_Tools_rodata_3F54
.rodata	0x00003F7C	0x38	Tools/t_flr_at.cpp	local	lbl_Tools_rodata_3F7C	lbl_Tools_rodata_3F7C
.rodata	0x00003FB4	0x28	Tools/t_flr_at.cpp	local	lbl_Tools_rodata_3FB4	lbl_Tools_rodata_3FB4
.rodata	0x00003FDC	0x1C	Tools/t_flr_at.cpp	local	lbl_Tools_rodata_3FDC	lbl_Tools_rodata_3FDC
.rodata	0x0000404C	0x24	Tools/t_lightarea.cpp	local	lbl_Tools_rodata_404C	lbl_Tools_rodata_404C
.rodata	0x00004070	0x4	Tools/t_lightarea.cpp	local	lbl_Tools_rodata_4070	lbl_Tools_rodata_4070
.rodata	0x00004074	0x18	Tools/t_lightarea.cpp	local	lbl_Tools_rodata_4074	lbl_Tools_rodata_4074
.rodata	0x0000408C	0x10	Tools/t_lightarea.cpp	local	lbl_Tools_rodata_408C	lbl_Tools_rodata_408C
.rodata	0x0000409C	0x8	Tools/t_lightarea.cpp	local	lbl_Tools_rodata_409C	lbl_Tools_rodata_409C
.rodata	0x000040A4	0x8	Tools/t_lightarea.cpp	local	lbl_Tools_rodata_40A4	lbl_Tools_rodata_40A4
.rodata	0x000040AC	0x8	Tools/t_lightarea.cpp	local	lbl_Tools_rodata_40AC	lbl_Tools_rodata_40AC
.rodata	0x000040B4	0xC	Tools/t_lightarea.cpp	local	lbl_Tools_rodata_40B4	lbl_Tools_rodata_40B4
.rodata	0x000040C0	0xC	Tools/t_lightarea.cpp	local	lbl_Tools_rodata_40C0	lbl_Tools_rodata_40C0
.rodata	0x000040CC	0x8	Tools/t_lightarea.cpp	local	lbl_Tools_rodata_40CC	lbl_Tools_rodata_40CC
.rodata	0x000040D4	0x8	Tools/t_lightarea.cpp	local	lbl_Tools_rodata_40D4	lbl_Tools_rodata_40D4
.rodata	0x000040DC	0xC	Tools/t_lightarea.cpp	local	lbl_Tools_rodata_40DC	lbl_Tools_rodata_40DC
.rodata	0x000040E8	0x4	Tools/t_lightarea.cpp	local	lbl_Tools_rodata_40E8	lbl_Tools_rodata_40E8
.rodata	0x000040EC	0x4	Tools/t_lightarea.cpp	local	lbl_Tools_rodata_40EC	lbl_Tools_rodata_40EC
.rodata	0x000040F0	0x4	Tools/t_lightarea.cpp	local	lbl_Tools_rodata_40F0	lbl_Tools_rodata_40F0
.rodata	0x000040F4	0x18	Tools/t_lightarea.cpp	local	lbl_Tools_rodata_40F4	lbl_Tools_rodata_40F4
.rodata	0x0000410C	0x4	Tools/t_lightarea.cpp	local	lbl_Tools_rodata_410C	lbl_Tools_rodata_410C
.rodata	0x00004110	0x4	Tools/t_lightarea.cpp	local	lbl_Tools_rodata_4110	lbl_Tools_rodata_4110
.rodata	0x00004114	0x4	Tools/t_lightarea.cpp	local	lbl_Tools_rodata_4114	lbl_Tools_rodata_4114
.rodata	0x00004118	0xC	Tools/t_lightarea.cpp	local	lbl_Tools_rodata_4118	lbl_Tools_rodata_4118
.rodata	0x00004124	0xC	Tools/t_lightarea.cpp	local	lbl_Tools_rodata_4124	lbl_Tools_rodata_4124
.rodata	0x00004130	0xC	Tools/t_lightarea.cpp	local	lbl_Tools_rodata_4130	lbl_Tools_rodata_4130
.rodata	0x0000413C	0xC	Tools/t_lightarea.cpp	local	lbl_Tools_rodata_413C	lbl_Tools_rodata_413C
.rodata	0x00004148	0xC	Tools/t_lightarea.cpp	local	lbl_Tools_rodata_4148	lbl_Tools_rodata_4148
.rodata	0x00004154	0xC	Tools/t_lightarea.cpp	local	lbl_Tools_rodata_4154	lbl_Tools_rodata_4154
.rodata	0x00004160	0x10	Tools/t_lightarea.cpp	local	lbl_Tools_rodata_4160	lbl_Tools_rodata_4160
.rodata	0x00004170	0x8	Tools/t_lightarea.cpp	local	lbl_Tools_rodata_4170	lbl_Tools_rodata_4170
.rodata	0x00004178	0xC	Tools/t_lightarea.cpp	local	lbl_Tools_rodata_4178	lbl_Tools_rodata_4178
.rodata	0x00004184	0x8	Tools/t_lightarea.cpp	local	lbl_Tools_rodata_4184	lbl_Tools_rodata_4184
.rodata	0x0000418C	0x20	Tools/t_lightarea.cpp	local	lbl_Tools_rodata_418C	lbl_Tools_rodata_418C
.rodata	0x000041AC	0x8	Tools/t_lightarea.cpp	local	lbl_Tools_rodata_41AC	lbl_Tools_rodata_41AC
.rodata	0x000041B4	0x8	Tools/t_lightarea.cpp	local	lbl_Tools_rodata_41B4	lbl_Tools_rodata_41B4
.rodata	0x000041BC	0x8	Tools/t_lightarea.cpp	local	lbl_Tools_rodata_41BC	lbl_Tools_rodata_41BC
.rodata	0x000041C4	0x8	Tools/t_lightarea.cpp	local	lbl_Tools_rodata_41C4	lbl_Tools_rodata_41C4
.rodata	0x000041CC	0x8	Tools/t_lightarea.cpp	local	lbl_Tools_rodata_41CC	lbl_Tools_rodata_41CC
.rodata	0x000041D4	0x1C	Tools/t_lightarea.cpp	local	lbl_Tools_rodata_41D4	lbl_Tools_rodata_41D4
.rodata	0x000041F0	0x8	Tools/t_lightarea.cpp	local	lbl_Tools_rodata_41F0	lbl_Tools_rodata_41F0
.rodata	0x000041F8	0x8	Tools/t_lightarea.cpp	local	lbl_Tools_rodata_41F8	lbl_Tools_rodata_41F8
.rodata	0x00004200	0x20	Tools/t_lightarea.cpp	local	lbl_Tools_rodata_4200	lbl_Tools_rodata_4200
.rodata	0x00004220	0x8	Tools/t_lightarea.cpp	local	lbl_Tools_rodata_4220	lbl_Tools_rodata_4220
.rodata	0x00004228	0x10	Tools/t_lightarea.cpp	local	lbl_Tools_rodata_4228	lbl_Tools_rodata_4228
.rodata	0x00004238	0x10	Tools/t_lightarea.cpp	local	lbl_Tools_rodata_4238	lbl_Tools_rodata_4238
.rodata	0x00004248	0x10	Tools/t_lightarea.cpp	local	lbl_Tools_rodata_4248	lbl_Tools_rodata_4248
.rodata	0x00004258	0x8	Tools/t_lightarea.cpp	local	lbl_Tools_rodata_4258	lbl_Tools_rodata_4258
.rodata	0x00004260	0x4	Tools/t_lightarea.cpp	local	lbl_Tools_rodata_4260	lbl_Tools_rodata_4260
.rodata	0x00004264	0x20	Tools/t_lightarea.cpp	local	lbl_Tools_rodata_4264	lbl_Tools_rodata_4264
.rodata	0x00004284	0x30	Tools/t_lightarea.cpp	local	lbl_Tools_rodata_4284	lbl_Tools_rodata_4284
.rodata	0x000042B4	0x1C	Tools/t_lightarea.cpp	local	lbl_Tools_rodata_42B4	lbl_Tools_rodata_42B4
.rodata	0x000042D0	0x10	Tools/t_lightarea.cpp	local	lbl_Tools_rodata_42D0	lbl_Tools_rodata_42D0
.rodata	0x000042E0	0x10	Tools/t_lightarea.cpp	local	lbl_Tools_rodata_42E0	lbl_Tools_rodata_42E0
.rodata	0x000042F0	0x1C	Tools/t_lightarea.cpp	local	lbl_Tools_rodata_42F0	lbl_Tools_rodata_42F0
.rodata	0x0000430C	0xC	Tools/t_lightarea.cpp	local	lbl_Tools_rodata_430C	lbl_Tools_rodata_430C
.rodata	0x00004318	0x1C	Tools/t_lightarea.cpp	local	lbl_Tools_rodata_4318	lbl_Tools_rodata_4318
.rodata	0x00004334	0x20	Tools/t_lightarea.cpp	local	lbl_Tools_rodata_4334	lbl_Tools_rodata_4334
.rodata	0x00004354	0x10	Tools/t_lightarea.cpp	local	lbl_Tools_rodata_4354	lbl_Tools_rodata_4354
.rodata	0x00004364	0xC	Tools/t_lightarea.cpp	local	lbl_Tools_rodata_4364	lbl_Tools_rodata_4364
.rodata	0x00004370	0x4	Tools/t_lightarea.cpp	local	lbl_Tools_rodata_4370	lbl_Tools_rodata_4370
.rodata	0x00004374	0xC	Tools/t_lightarea.cpp	local	lbl_Tools_rodata_4374	lbl_Tools_rodata_4374
.rodata	0x00004380	0x1C	Tools/t_lightarea.cpp	local	lbl_Tools_rodata_4380	lbl_Tools_rodata_4380
.rodata	0x0000439C	0x4	Tools/t_lightarea.cpp	local	lbl_Tools_rodata_439C	lbl_Tools_rodata_439C
.rodata	0x000043A0	0x8	Tools/t_lightarea.cpp	local	lbl_Tools_rodata_43A0	lbl_Tools_rodata_43A0
.rodata	0x000043A8	0x4	Tools/t_lightarea.cpp	local	lbl_Tools_rodata_43A8	lbl_Tools_rodata_43A8
.rodata	0x000043AC	0x4	Tools/t_lightarea.cpp	local	lbl_Tools_rodata_43AC	lbl_Tools_rodata_43AC
.rodata	0x000043B0	0x4	Tools/t_lightarea.cpp	local	lbl_Tools_rodata_43B0	lbl_Tools_rodata_43B0
.rodata	0x000043B4	0x4	Tools/t_lightarea.cpp	local	lbl_Tools_rodata_43B4	lbl_Tools_rodata_43B4
.rodata	0x000043B8	0x4	Tools/t_lightarea.cpp	local	lbl_Tools_rodata_43B8	lbl_Tools_rodata_43B8
.rodata	0x000043BC	0x4	Tools/t_lightarea.cpp	local	lbl_Tools_rodata_43BC	lbl_Tools_rodata_43BC
.rodata	0x000043C0	0x4	Tools/t_lightarea.cpp	local	lbl_Tools_rodata_43C0	lbl_Tools_rodata_43C0
.rodata	0x000043C4	0x4	Tools/t_lightarea.cpp	local	lbl_Tools_rodata_43C4	lbl_Tools_rodata_43C4
.rodata	0x000043C8	0x4	Tools/t_lightarea.cpp	local	lbl_Tools_rodata_43C8	lbl_Tools_rodata_43C8
.rodata	0x000043CC	0x28	Tools/t_lightarea.cpp	local	lbl_Tools_rodata_43CC	lbl_Tools_rodata_43CC
.rodata	0x000043F4	0x28	Tools/t_lightarea.cpp	local	lbl_Tools_rodata_43F4	lbl_Tools_rodata_43F4
.rodata	0x0000441C	0x38	Tools/t_lightarea.cpp	local	lbl_Tools_rodata_441C	lbl_Tools_rodata_441C
.rodata	0x00004454	0x28	Tools/t_lightarea.cpp	local	lbl_Tools_rodata_4454	lbl_Tools_rodata_4454
.rodata	0x0000447C	0x1C	Tools/t_lightarea.cpp	local	lbl_Tools_rodata_447C	lbl_Tools_rodata_447C
.rodata	0x00004498	0x1C	Tools/t_lightarea.cpp	local	lbl_Tools_rodata_4498	lbl_Tools_rodata_4498
.rodata	0x000044B4	0x8	Tools/t_lightarea.cpp	local	lbl_Tools_rodata_44B4	lbl_Tools_rodata_44B4
.rodata	0x000044BC	0x8	Tools/t_lightarea.cpp	local	lbl_Tools_rodata_44BC	lbl_Tools_rodata_44BC
.rodata	0x000044C4	0x8	Tools/t_lightarea.cpp	local	lbl_Tools_rodata_44C4	lbl_Tools_rodata_44C4
.rodata	0x000044CC	0x8	Tools/t_lightarea.cpp	local	lbl_Tools_rodata_44CC	lbl_Tools_rodata_44CC
.rodata	0x000044D4	0x4	Tools/t_lightarea.cpp	local	lbl_Tools_rodata_44D4	lbl_Tools_rodata_44D4
.rodata	0x000044D8	0x8	Tools/t_lightarea.cpp	local	lbl_Tools_rodata_44D8	lbl_Tools_rodata_44D8
.rodata	0x000044E0	0x4	Tools/t_lightarea.cpp	local	lbl_Tools_rodata_44E0	lbl_Tools_rodata_44E0
.rodata	0x000044E4	0x4	Tools/t_lightarea.cpp	local	lbl_Tools_rodata_44E4	lbl_Tools_rodata_44E4
.rodata	0x000044E8	0x4	Tools/t_lightarea.cpp	local	lbl_Tools_rodata_44E8	lbl_Tools_rodata_44E8
.rodata	0x000044EC	0x4	Tools/t_lightarea.cpp	local	lbl_Tools_rodata_44EC	lbl_Tools_rodata_44EC
.rodata	0x000044F0	0x8	Tools/t_lightarea.cpp	local	lbl_Tools_rodata_44F0	lbl_Tools_rodata_44F0
.rodata	0x000044F8	0x58	Tools/t_lightarea.cpp	global	lbl_Tools_rodata_44F8	lbl_Tools_rodata_44F8
.rodata	0x00004550	0x18	Tools/t_lightarea.cpp	global	lbl_Tools_rodata_4550	lbl_Tools_rodata_4550
.rodata	0x00004568	0x118	Tools/t_lightarea.cpp	global	lbl_Tools_rodata_4568	lbl_Tools_rodata_4568
.rodata	0x00004680	0x10	Tools/t_mes.cpp	local	lbl_Tools_rodata_4680	lbl_Tools_rodata_4680
.rodata	0x00004690	0xC	Tools/t_mes.cpp	local	lbl_Tools_rodata_4690	lbl_Tools_rodata_4690
.rodata	0x0000469C	0x10	Tools/t_mes.cpp	local	lbl_Tools_rodata_469C	lbl_Tools_rodata_469C
.rodata	0x000046AC	0xC	Tools/t_mes.cpp	local	lbl_Tools_rodata_46AC	lbl_Tools_rodata_46AC
.rodata	0x000046B8	0xC	Tools/t_mes.cpp	local	lbl_Tools_rodata_46B8	lbl_Tools_rodata_46B8
.rodata	0x000046C4	0x10	Tools/t_mes.cpp	local	lbl_Tools_rodata_46C4	lbl_Tools_rodata_46C4
.rodata	0x000046D4	0xC	Tools/t_mes.cpp	local	lbl_Tools_rodata_46D4	lbl_Tools_rodata_46D4
.rodata	0x000046E0	0xC	Tools/t_mes.cpp	local	lbl_Tools_rodata_46E0	lbl_Tools_rodata_46E0
.rodata	0x000046EC	0x10	Tools/t_mes.cpp	local	lbl_Tools_rodata_46EC	lbl_Tools_rodata_46EC
.rodata	0x000046FC	0xC	Tools/t_mes.cpp	local	lbl_Tools_rodata_46FC	lbl_Tools_rodata_46FC
.rodata	0x00004708	0x4	Tools/t_mes.cpp	local	lbl_Tools_rodata_4708	lbl_Tools_rodata_4708
.rodata	0x0000470C	0x8	Tools/t_mes.cpp	local	lbl_Tools_rodata_470C	lbl_Tools_rodata_470C
.rodata	0x00004714	0x8	Tools/t_mes.cpp	local	lbl_Tools_rodata_4714	lbl_Tools_rodata_4714
.rodata	0x0000471C	0x8	Tools/t_mes.cpp	local	lbl_Tools_rodata_471C	lbl_Tools_rodata_471C
.rodata	0x00004724	0x8	Tools/t_mes.cpp	local	lbl_Tools_rodata_4724	lbl_Tools_rodata_4724
.rodata	0x0000472C	0x8	Tools/t_mes.cpp	local	lbl_Tools_rodata_472C	lbl_Tools_rodata_472C
.rodata	0x00004734	0xC	Tools/t_mes.cpp	local	lbl_Tools_rodata_4734	lbl_Tools_rodata_4734
.rodata	0x00004740	0x8	Tools/t_mes.cpp	local	lbl_Tools_rodata_4740	lbl_Tools_rodata_4740
.rodata	0x00004748	0x8	Tools/t_mes.cpp	local	lbl_Tools_rodata_4748	lbl_Tools_rodata_4748
.rodata	0x00004750	0x14	Tools/t_mes.cpp	local	lbl_Tools_rodata_4750	lbl_Tools_rodata_4750
.rodata	0x00004764	0x10	Tools/t_mes.cpp	local	lbl_Tools_rodata_4764	lbl_Tools_rodata_4764
.rodata	0x00004774	0x8	Tools/t_mes.cpp	local	lbl_Tools_rodata_4774	lbl_Tools_rodata_4774
.rodata	0x0000477C	0x4	Tools/t_mes.cpp	local	lbl_Tools_rodata_477C	lbl_Tools_rodata_477C
.rodata	0x00004780	0x8	Tools/t_mes.cpp	local	lbl_Tools_rodata_4780	lbl_Tools_rodata_4780
.rodata	0x00004788	0x8	Tools/t_mes.cpp	local	lbl_Tools_rodata_4788	lbl_Tools_rodata_4788
.rodata	0x00004790	0x8	Tools/t_mes.cpp	local	lbl_Tools_rodata_4790	lbl_Tools_rodata_4790
.rodata	0x00004798	0x8	Tools/t_mes.cpp	local	lbl_Tools_rodata_4798	lbl_Tools_rodata_4798
.rodata	0x000047A0	0x18	Tools/t_mes.cpp	local	lbl_Tools_rodata_47A0	lbl_Tools_rodata_47A0
.rodata	0x000047B8	0xC	Tools/t_mes.cpp	local	lbl_Tools_rodata_47B8	lbl_Tools_rodata_47B8
.rodata	0x000047C4	0x8	Tools/t_mes.cpp	local	lbl_Tools_rodata_47C4	lbl_Tools_rodata_47C4
.rodata	0x000047CC	0x8	Tools/t_mes.cpp	local	lbl_Tools_rodata_47CC	lbl_Tools_rodata_47CC
.rodata	0x000047D4	0x8	Tools/t_mes.cpp	local	lbl_Tools_rodata_47D4	lbl_Tools_rodata_47D4
.rodata	0x000047DC	0x8	Tools/t_mes.cpp	local	lbl_Tools_rodata_47DC	lbl_Tools_rodata_47DC
.rodata	0x000047E4	0x10	Tools/t_mes.cpp	local	lbl_Tools_rodata_47E4	lbl_Tools_rodata_47E4
.rodata	0x000047F4	0x8	Tools/t_mes.cpp	local	lbl_Tools_rodata_47F4	lbl_Tools_rodata_47F4
.rodata	0x000047FC	0x8	Tools/t_mes.cpp	local	lbl_Tools_rodata_47FC	lbl_Tools_rodata_47FC
.rodata	0x00004804	0x8	Tools/t_mes.cpp	local	lbl_Tools_rodata_4804	lbl_Tools_rodata_4804
.rodata	0x0000480C	0x8	Tools/t_mes.cpp	local	lbl_Tools_rodata_480C	lbl_Tools_rodata_480C
.rodata	0x00004814	0xC	Tools/t_mes.cpp	local	lbl_Tools_rodata_4814	lbl_Tools_rodata_4814
.rodata	0x00004820	0xC	Tools/t_mes.cpp	local	lbl_Tools_rodata_4820	lbl_Tools_rodata_4820
.rodata	0x0000482C	0x4	Tools/t_mes.cpp	local	lbl_Tools_rodata_482C	lbl_Tools_rodata_482C
.rodata	0x00004830	0x18	Tools/t_mes.cpp	global	lbl_Tools_rodata_4830	lbl_Tools_rodata_4830
.rodata	0x00004848	0x18	Tools/t_mes.cpp	global	lbl_Tools_rodata_4848	lbl_Tools_rodata_4848
.rodata	0x000048A8	0x24	Tools/t_motseq.cpp	local	lbl_Tools_rodata_48A8	lbl_Tools_rodata_48A8
.rodata	0x000048CC	0x4	Tools/t_motseq.cpp	local	lbl_Tools_rodata_48CC	lbl_Tools_rodata_48CC
.rodata	0x000048D0	0x4	Tools/t_motseq.cpp	local	lbl_Tools_rodata_48D0	lbl_Tools_rodata_48D0
.rodata	0x000048D4	0x4	Tools/t_motseq.cpp	local	lbl_Tools_rodata_48D4	lbl_Tools_rodata_48D4
.rodata	0x000048D8	0x4	Tools/t_motseq.cpp	local	lbl_Tools_rodata_48D8	lbl_Tools_rodata_48D8
.rodata	0x000048DC	0x4	Tools/t_motseq.cpp	local	lbl_Tools_rodata_48DC	lbl_Tools_rodata_48DC
.rodata	0x000048E0	0x10	Tools/t_motseq.cpp	local	lbl_Tools_rodata_48E0	lbl_Tools_rodata_48E0
.rodata	0x000048F0	0x10	Tools/t_motseq.cpp	local	lbl_Tools_rodata_48F0	lbl_Tools_rodata_48F0
.rodata	0x00004900	0x8	Tools/t_motseq.cpp	local	lbl_Tools_rodata_4900	lbl_Tools_rodata_4900
.rodata	0x00004908	0x8	Tools/t_motseq.cpp	local	lbl_Tools_rodata_4908	lbl_Tools_rodata_4908
.rodata	0x00004910	0x8	Tools/t_motseq.cpp	local	lbl_Tools_rodata_4910	lbl_Tools_rodata_4910
.rodata	0x00004918	0x18	Tools/t_motseq.cpp	local	lbl_Tools_rodata_4918	lbl_Tools_rodata_4918
.rodata	0x00004930	0x10	Tools/t_motseq.cpp	local	lbl_Tools_rodata_4930	lbl_Tools_rodata_4930
.rodata	0x00004940	0x14	Tools/t_motseq.cpp	local	lbl_Tools_rodata_4940	lbl_Tools_rodata_4940
.rodata	0x00004954	0x24	Tools/t_motseq.cpp	local	lbl_Tools_rodata_4954	lbl_Tools_rodata_4954
.rodata	0x00004978	0xC	Tools/t_motseq.cpp	local	lbl_Tools_rodata_4978	lbl_Tools_rodata_4978
.rodata	0x00004984	0xC	Tools/t_motseq.cpp	local	lbl_Tools_rodata_4984	lbl_Tools_rodata_4984
.rodata	0x00004990	0x14	Tools/t_motseq.cpp	local	lbl_Tools_rodata_4990	lbl_Tools_rodata_4990
.rodata	0x000049A4	0x1C	Tools/t_motseq.cpp	local	lbl_Tools_rodata_49A4	lbl_Tools_rodata_49A4
.rodata	0x000049C0	0x20	Tools/t_motseq.cpp	local	lbl_Tools_rodata_49C0	lbl_Tools_rodata_49C0
.rodata	0x000049E0	0x20	Tools/t_motseq.cpp	local	lbl_Tools_rodata_49E0	lbl_Tools_rodata_49E0
.rodata	0x00004A00	0x20	Tools/t_motseq.cpp	local	lbl_Tools_rodata_4A00	lbl_Tools_rodata_4A00
.rodata	0x00004A20	0x20	Tools/t_motseq.cpp	local	lbl_Tools_rodata_4A20	lbl_Tools_rodata_4A20
.rodata	0x00004A40	0x1C	Tools/t_motseq.cpp	local	lbl_Tools_rodata_4A40	lbl_Tools_rodata_4A40
.rodata	0x00004A5C	0x4	Tools/t_motseq.cpp	local	lbl_Tools_rodata_4A5C	lbl_Tools_rodata_4A5C
.rodata	0x00004A60	0x18	Tools/t_motseq.cpp	local	lbl_Tools_rodata_4A60	lbl_Tools_rodata_4A60
.rodata	0x00004A78	0x10	Tools/t_motseq.cpp	local	lbl_Tools_rodata_4A78	lbl_Tools_rodata_4A78
.rodata	0x00004A88	0x1C	Tools/t_motseq.cpp	local	lbl_Tools_rodata_4A88	lbl_Tools_rodata_4A88
.rodata	0x00004AA4	0x14	Tools/t_motseq.cpp	local	lbl_Tools_rodata_4AA4	lbl_Tools_rodata_4AA4
.rodata	0x00004AB8	0x14	Tools/t_motseq.cpp	local	lbl_Tools_rodata_4AB8	lbl_Tools_rodata_4AB8
.rodata	0x00004ACC	0x18	Tools/t_motseq.cpp	local	lbl_Tools_rodata_4ACC	lbl_Tools_rodata_4ACC
.rodata	0x00004AE4	0x14	Tools/t_motseq.cpp	local	lbl_Tools_rodata_4AE4	lbl_Tools_rodata_4AE4
.rodata	0x00004AF8	0x14	Tools/t_motseq.cpp	local	lbl_Tools_rodata_4AF8	lbl_Tools_rodata_4AF8
.rodata	0x00004B0C	0x18	Tools/t_motseq.cpp	local	lbl_Tools_rodata_4B0C	lbl_Tools_rodata_4B0C
.rodata	0x00004B24	0x1C	Tools/t_motseq.cpp	local	lbl_Tools_rodata_4B24	lbl_Tools_rodata_4B24
.rodata	0x00004B40	0x14	Tools/t_motseq.cpp	local	lbl_Tools_rodata_4B40	lbl_Tools_rodata_4B40
.rodata	0x00004B54	0x14	Tools/t_motseq.cpp	local	lbl_Tools_rodata_4B54	lbl_Tools_rodata_4B54
.rodata	0x00004B68	0x10	Tools/t_motseq.cpp	local	lbl_Tools_rodata_4B68	lbl_Tools_rodata_4B68
.rodata	0x00004B78	0xC	Tools/t_motseq.cpp	local	lbl_Tools_rodata_4B78	lbl_Tools_rodata_4B78
.rodata	0x00004B84	0x4	Tools/t_motseq.cpp	local	lbl_Tools_rodata_4B84	lbl_Tools_rodata_4B84
.rodata	0x00004B88	0x4	Tools/t_motseq.cpp	local	lbl_Tools_rodata_4B88	lbl_Tools_rodata_4B88
.rodata	0x00004B8C	0x14	Tools/t_motseq.cpp	local	lbl_Tools_rodata_4B8C	lbl_Tools_rodata_4B8C
.rodata	0x00004BA0	0x10	Tools/t_motseq.cpp	local	lbl_Tools_rodata_4BA0	lbl_Tools_rodata_4BA0
.rodata	0x00004BB0	0x14	Tools/t_motseq.cpp	local	lbl_Tools_rodata_4BB0	lbl_Tools_rodata_4BB0
.rodata	0x00004BC4	0x10	Tools/t_motseq.cpp	local	lbl_Tools_rodata_4BC4	lbl_Tools_rodata_4BC4
.rodata	0x00004BD4	0x14	Tools/t_motseq.cpp	local	lbl_Tools_rodata_4BD4	lbl_Tools_rodata_4BD4
.rodata	0x00004BE8	0x10	Tools/t_motseq.cpp	local	lbl_Tools_rodata_4BE8	lbl_Tools_rodata_4BE8
.rodata	0x00004BF8	0xC	Tools/t_motseq.cpp	local	lbl_Tools_rodata_4BF8	lbl_Tools_rodata_4BF8
.rodata	0x00004C04	0x10	Tools/t_motseq.cpp	local	lbl_Tools_rodata_4C04	lbl_Tools_rodata_4C04
.rodata	0x00004C14	0xC	Tools/t_motseq.cpp	local	lbl_Tools_rodata_4C14	lbl_Tools_rodata_4C14
.rodata	0x00004C20	0xC	Tools/t_motseq.cpp	local	lbl_Tools_rodata_4C20	lbl_Tools_rodata_4C20
.rodata	0x00004C2C	0x10	Tools/t_motseq.cpp	local	lbl_Tools_rodata_4C2C	lbl_Tools_rodata_4C2C
.rodata	0x00004C3C	0x10	Tools/t_motseq.cpp	local	lbl_Tools_rodata_4C3C	lbl_Tools_rodata_4C3C
.rodata	0x00004C4C	0x10	Tools/t_motseq.cpp	local	lbl_Tools_rodata_4C4C	lbl_Tools_rodata_4C4C
.rodata	0x00004C5C	0x10	Tools/t_motseq.cpp	local	lbl_Tools_rodata_4C5C	lbl_Tools_rodata_4C5C
.rodata	0x00004C6C	0x10	Tools/t_motseq.cpp	local	lbl_Tools_rodata_4C6C	lbl_Tools_rodata_4C6C
.rodata	0x00004C7C	0x10	Tools/t_motseq.cpp	local	lbl_Tools_rodata_4C7C	lbl_Tools_rodata_4C7C
.rodata	0x00004C8C	0x10	Tools/t_motseq.cpp	local	lbl_Tools_rodata_4C8C	lbl_Tools_rodata_4C8C
.rodata	0x00004C9C	0x14	Tools/t_motseq.cpp	local	lbl_Tools_rodata_4C9C	lbl_Tools_rodata_4C9C
.rodata	0x00004CB0	0x8	Tools/t_motseq.cpp	local	lbl_Tools_rodata_4CB0	lbl_Tools_rodata_4CB0
.rodata	0x00004CB8	0x4	Tools/t_motseq.cpp	local	lbl_Tools_rodata_4CB8	lbl_Tools_rodata_4CB8
.rodata	0x00004CBC	0x4	Tools/t_motseq.cpp	local	lbl_Tools_rodata_4CBC	lbl_Tools_rodata_4CBC
.rodata	0x00004CC0	0x4	Tools/t_motseq.cpp	local	lbl_Tools_rodata_4CC0	lbl_Tools_rodata_4CC0
.rodata	0x00004CC4	0x4	Tools/t_motseq.cpp	local	lbl_Tools_rodata_4CC4	lbl_Tools_rodata_4CC4
.rodata	0x00004CC8	0x4	Tools/t_motseq.cpp	local	lbl_Tools_rodata_4CC8	lbl_Tools_rodata_4CC8
.rodata	0x00004CCC	0x4	Tools/t_motseq.cpp	local	lbl_Tools_rodata_4CCC	lbl_Tools_rodata_4CCC
.rodata	0x00004CD0	0x4	Tools/t_motseq.cpp	local	lbl_Tools_rodata_4CD0	lbl_Tools_rodata_4CD0
.rodata	0x00004CD4	0x4	Tools/t_motseq.cpp	local	lbl_Tools_rodata_4CD4	lbl_Tools_rodata_4CD4
.rodata	0x00004CD8	0x4	Tools/t_motseq.cpp	local	lbl_Tools_rodata_4CD8	lbl_Tools_rodata_4CD8
.rodata	0x00004CDC	0x4	Tools/t_motseq.cpp	local	lbl_Tools_rodata_4CDC	lbl_Tools_rodata_4CDC
.rodata	0x00004CE0	0x4	Tools/t_motseq.cpp	local	lbl_Tools_rodata_4CE0	lbl_Tools_rodata_4CE0
.rodata	0x00004CE4	0x4	Tools/t_motseq.cpp	local	lbl_Tools_rodata_4CE4	lbl_Tools_rodata_4CE4
.rodata	0x00004CE8	0x4	Tools/t_motseq.cpp	local	lbl_Tools_rodata_4CE8	lbl_Tools_rodata_4CE8
.rodata	0x00004CEC	0x4	Tools/t_motseq.cpp	local	lbl_Tools_rodata_4CEC	lbl_Tools_rodata_4CEC
.rodata	0x00004CF0	0x4	Tools/t_motseq.cpp	local	lbl_Tools_rodata_4CF0	lbl_Tools_rodata_4CF0
.rodata	0x00004CF4	0x4	Tools/t_motseq.cpp	local	lbl_Tools_rodata_4CF4	lbl_Tools_rodata_4CF4
.rodata	0x00004CF8	0x24	Tools/t_motseq.cpp	local	lbl_Tools_rodata_4CF8	lbl_Tools_rodata_4CF8
.rodata	0x00004D1C	0x24	Tools/t_motseq.cpp	local	lbl_Tools_rodata_4D1C	lbl_Tools_rodata_4D1C
.rodata	0x00004D40	0x28	Tools/t_motseq.cpp	local	lbl_Tools_rodata_4D40	lbl_Tools_rodata_4D40
.rodata	0x00004D68	0x28	Tools/t_motseq.cpp	local	lbl_Tools_rodata_4D68	lbl_Tools_rodata_4D68
.rodata	0x00004D90	0x38	Tools/t_motseq.cpp	local	lbl_Tools_rodata_4D90	lbl_Tools_rodata_4D90
.rodata	0x00004DC8	0x28	Tools/t_motseq.cpp	local	lbl_Tools_rodata_4DC8	lbl_Tools_rodata_4DC8
.rodata	0x00004DF0	0x20	Tools/t_motseq.cpp	local	lbl_Tools_rodata_4DF0	lbl_Tools_rodata_4DF0
.rodata	0x00004E94	0x4	Tools/t_mv.cpp	local	lbl_Tools_rodata_4E94	lbl_Tools_rodata_4E94
.rodata	0x00004E98	0x4	Tools/t_mv.cpp	local	lbl_Tools_rodata_4E98	lbl_Tools_rodata_4E98
.rodata	0x00004E9C	0x4	Tools/t_mv.cpp	local	lbl_Tools_rodata_4E9C	lbl_Tools_rodata_4E9C
.rodata	0x00004EA0	0x10	Tools/t_mv.cpp	local	lbl_Tools_rodata_4EA0	lbl_Tools_rodata_4EA0
.rodata	0x00004EB0	0x10	Tools/t_mv.cpp	local	lbl_Tools_rodata_4EB0	lbl_Tools_rodata_4EB0
.rodata	0x00004EC0	0x4	Tools/t_mv.cpp	local	lbl_Tools_rodata_4EC0	lbl_Tools_rodata_4EC0
.rodata	0x00004EC4	0x4	Tools/t_mv.cpp	local	lbl_Tools_rodata_4EC4	lbl_Tools_rodata_4EC4
.rodata	0x00004EC8	0xC	Tools/t_mv.cpp	local	lbl_Tools_rodata_4EC8	lbl_Tools_rodata_4EC8
.rodata	0x00004ED4	0x28	Tools/t_mv.cpp	local	lbl_Tools_rodata_4ED4	lbl_Tools_rodata_4ED4
.rodata	0x00004EFC	0x28	Tools/t_mv.cpp	local	lbl_Tools_rodata_4EFC	lbl_Tools_rodata_4EFC
.rodata	0x00004F24	0x38	Tools/t_mv.cpp	local	lbl_Tools_rodata_4F24	lbl_Tools_rodata_4F24
.rodata	0x00004F5C	0x28	Tools/t_mv.cpp	local	lbl_Tools_rodata_4F5C	lbl_Tools_rodata_4F5C
.rodata	0x00004F84	0x1C	Tools/t_mv.cpp	local	lbl_Tools_rodata_4F84	lbl_Tools_rodata_4F84
.rodata	0x00004FA0	0x4	Tools/t_prim.cpp	local	lbl_Tools_rodata_4FA0	lbl_Tools_rodata_4FA0
.rodata	0x00004FA4	0x4	Tools/t_prim.cpp	local	lbl_Tools_rodata_4FA4	lbl_Tools_rodata_4FA4
.rodata	0x00004FA8	0x4	Tools/t_prim.cpp	local	lbl_Tools_rodata_4FA8	lbl_Tools_rodata_4FA8
.rodata	0x00004FAC	0x4	Tools/t_prim.cpp	local	lbl_Tools_rodata_4FAC	lbl_Tools_rodata_4FAC
.rodata	0x00004FB0	0x4	Tools/t_prim.cpp	local	lbl_Tools_rodata_4FB0	lbl_Tools_rodata_4FB0
.rodata	0x00004FB4	0x8	Tools/t_prim.cpp	local	lbl_Tools_rodata_4FB4	lbl_Tools_rodata_4FB4
.rodata	0x00004FBC	0x4	Tools/t_prim.cpp	local	lbl_Tools_rodata_4FBC	lbl_Tools_rodata_4FBC
.rodata	0x00004FC0	0x4	Tools/t_prim.cpp	local	lbl_Tools_rodata_4FC0	lbl_Tools_rodata_4FC0
.rodata	0x00004FC4	0x60	Tools/t_prim.cpp	local	lbl_Tools_rodata_4FC4	lbl_Tools_rodata_4FC4
.rodata	0x0000503C	0x18	Tools/t_rck.cpp	local	lbl_Tools_rodata_503C	lbl_Tools_rodata_503C
.rodata	0x00005054	0x4	Tools/t_rck.cpp	local	lbl_Tools_rodata_5054	lbl_Tools_rodata_5054
.rodata	0x00005058	0x4	Tools/t_rck.cpp	local	lbl_Tools_rodata_5058	lbl_Tools_rodata_5058
.rodata	0x0000505C	0x4	Tools/t_rck.cpp	local	lbl_Tools_rodata_505C	lbl_Tools_rodata_505C
.rodata	0x00005060	0x8	Tools/t_rck.cpp	local	lbl_Tools_rodata_5060	lbl_Tools_rodata_5060
.rodata	0x00005068	0x8	Tools/t_rck.cpp	local	lbl_Tools_rodata_5068	lbl_Tools_rodata_5068
.rodata	0x00005070	0x8	Tools/t_rck.cpp	local	lbl_Tools_rodata_5070	lbl_Tools_rodata_5070
.rodata	0x00005078	0x8	Tools/t_rck.cpp	local	lbl_Tools_rodata_5078	lbl_Tools_rodata_5078
.rodata	0x00005080	0x8	Tools/t_rck.cpp	local	lbl_Tools_rodata_5080	lbl_Tools_rodata_5080
.rodata	0x00005088	0xC	Tools/t_rck.cpp	local	lbl_Tools_rodata_5088	lbl_Tools_rodata_5088
.rodata	0x00005094	0x8	Tools/t_rck.cpp	local	lbl_Tools_rodata_5094	lbl_Tools_rodata_5094
.rodata	0x0000509C	0xC	Tools/t_rck.cpp	local	lbl_Tools_rodata_509C	lbl_Tools_rodata_509C
.rodata	0x000050A8	0xC	Tools/t_rck.cpp	local	lbl_Tools_rodata_50A8	lbl_Tools_rodata_50A8
.rodata	0x000050B4	0xC	Tools/t_rck.cpp	local	lbl_Tools_rodata_50B4	lbl_Tools_rodata_50B4
.rodata	0x000050C0	0xC	Tools/t_rck.cpp	local	lbl_Tools_rodata_50C0	lbl_Tools_rodata_50C0
.rodata	0x000050CC	0xC	Tools/t_rck.cpp	local	lbl_Tools_rodata_50CC	lbl_Tools_rodata_50CC
.rodata	0x000050D8	0xC	Tools/t_rck.cpp	local	lbl_Tools_rodata_50D8	lbl_Tools_rodata_50D8
.rodata	0x000050E4	0xC	Tools/t_rck.cpp	local	lbl_Tools_rodata_50E4	lbl_Tools_rodata_50E4
.rodata	0x000050F0	0xC	Tools/t_rck.cpp	local	lbl_Tools_rodata_50F0	lbl_Tools_rodata_50F0
.rodata	0x000050FC	0xC	Tools/t_rck.cpp	local	lbl_Tools_rodata_50FC	lbl_Tools_rodata_50FC
.rodata	0x00005108	0xC	Tools/t_rck.cpp	local	lbl_Tools_rodata_5108	lbl_Tools_rodata_5108
.rodata	0x00005114	0xC	Tools/t_rck.cpp	local	lbl_Tools_rodata_5114	lbl_Tools_rodata_5114
.rodata	0x00005120	0x4	Tools/t_rck.cpp	local	lbl_Tools_rodata_5120	lbl_Tools_rodata_5120
.rodata	0x00005124	0x4	Tools/t_rck.cpp	local	lbl_Tools_rodata_5124	lbl_Tools_rodata_5124
.rodata	0x00005128	0x8	Tools/t_rck.cpp	local	lbl_Tools_rodata_5128	lbl_Tools_rodata_5128
.rodata	0x00005130	0x8	Tools/t_rck.cpp	local	lbl_Tools_rodata_5130	lbl_Tools_rodata_5130
.rodata	0x00005138	0x4	Tools/t_rck.cpp	local	lbl_Tools_rodata_5138	lbl_Tools_rodata_5138
.rodata	0x0000513C	0x4	Tools/t_rck.cpp	local	lbl_Tools_rodata_513C	lbl_Tools_rodata_513C
.rodata	0x00005140	0x4	Tools/t_rck.cpp	local	lbl_Tools_rodata_5140	lbl_Tools_rodata_5140
.rodata	0x00005144	0x18	Tools/t_rck.cpp	local	lbl_Tools_rodata_5144	lbl_Tools_rodata_5144
.rodata	0x0000515C	0x18	Tools/t_rck.cpp	local	lbl_Tools_rodata_515C	lbl_Tools_rodata_515C
.rodata	0x00005174	0x4	Tools/t_rck.cpp	local	lbl_Tools_rodata_5174	lbl_Tools_rodata_5174
.rodata	0x00005178	0x4	Tools/t_rck.cpp	local	lbl_Tools_rodata_5178	lbl_Tools_rodata_5178
.rodata	0x0000517C	0x4	Tools/t_rck.cpp	local	lbl_Tools_rodata_517C	lbl_Tools_rodata_517C
.rodata	0x00005180	0x4	Tools/t_rck.cpp	local	lbl_Tools_rodata_5180	lbl_Tools_rodata_5180
.rodata	0x00005184	0x4	Tools/t_rck.cpp	local	lbl_Tools_rodata_5184	lbl_Tools_rodata_5184
.rodata	0x00005188	0x4	Tools/t_rck.cpp	local	lbl_Tools_rodata_5188	lbl_Tools_rodata_5188
.rodata	0x0000518C	0x4	Tools/t_rck.cpp	local	lbl_Tools_rodata_518C	lbl_Tools_rodata_518C
.rodata	0x00005190	0x8	Tools/t_rck.cpp	local	lbl_Tools_rodata_5190	lbl_Tools_rodata_5190
.rodata	0x00005198	0xC	Tools/t_rck.cpp	local	lbl_Tools_rodata_5198	lbl_Tools_rodata_5198
.rodata	0x000051A4	0xC	Tools/t_rck.cpp	local	lbl_Tools_rodata_51A4	lbl_Tools_rodata_51A4
.rodata	0x000051B0	0x14	Tools/t_rck.cpp	local	lbl_Tools_rodata_51B0	lbl_Tools_rodata_51B0
.rodata	0x000051C4	0x14	Tools/t_rck.cpp	local	lbl_Tools_rodata_51C4	lbl_Tools_rodata_51C4
.rodata	0x000051D8	0x14	Tools/t_rck.cpp	local	lbl_Tools_rodata_51D8	lbl_Tools_rodata_51D8
.rodata	0x000051EC	0x14	Tools/t_rck.cpp	local	lbl_Tools_rodata_51EC	lbl_Tools_rodata_51EC
.rodata	0x00005200	0x10	Tools/t_rck.cpp	local	lbl_Tools_rodata_5200	lbl_Tools_rodata_5200
.rodata	0x00005210	0x10	Tools/t_rck.cpp	local	lbl_Tools_rodata_5210	lbl_Tools_rodata_5210
.rodata	0x00005220	0x8	Tools/t_rck.cpp	local	lbl_Tools_rodata_5220	lbl_Tools_rodata_5220
.rodata	0x00005228	0x14	Tools/t_rck.cpp	local	lbl_Tools_rodata_5228	lbl_Tools_rodata_5228
.rodata	0x0000523C	0x8	Tools/t_rck.cpp	local	lbl_Tools_rodata_523C	lbl_Tools_rodata_523C
.rodata	0x00005244	0x8	Tools/t_rck.cpp	local	lbl_Tools_rodata_5244	lbl_Tools_rodata_5244
.rodata	0x0000524C	0x14	Tools/t_rck.cpp	local	lbl_Tools_rodata_524C	lbl_Tools_rodata_524C
.rodata	0x00005260	0x8	Tools/t_rck.cpp	local	lbl_Tools_rodata_5260	lbl_Tools_rodata_5260
.rodata	0x00005268	0x8	Tools/t_rck.cpp	local	lbl_Tools_rodata_5268	lbl_Tools_rodata_5268
.rodata	0x00005270	0x8	Tools/t_rck.cpp	local	lbl_Tools_rodata_5270	lbl_Tools_rodata_5270
.rodata	0x00005278	0xC	Tools/t_rck.cpp	local	lbl_Tools_rodata_5278	lbl_Tools_rodata_5278
.rodata	0x00005284	0x14	Tools/t_rck.cpp	local	lbl_Tools_rodata_5284	lbl_Tools_rodata_5284
.rodata	0x00005298	0xC	Tools/t_rck.cpp	local	lbl_Tools_rodata_5298	lbl_Tools_rodata_5298
.rodata	0x000052A4	0x4	Tools/t_rck.cpp	local	lbl_Tools_rodata_52A4	lbl_Tools_rodata_52A4
.rodata	0x000052A8	0x8	Tools/t_rck.cpp	local	lbl_Tools_rodata_52A8	lbl_Tools_rodata_52A8
.rodata	0x000052B0	0x8	Tools/t_rck.cpp	local	lbl_Tools_rodata_52B0	lbl_Tools_rodata_52B0
.rodata	0x000052B8	0x8	Tools/t_rck.cpp	local	lbl_Tools_rodata_52B8	lbl_Tools_rodata_52B8
.rodata	0x000052C0	0x8	Tools/t_rck.cpp	local	lbl_Tools_rodata_52C0	lbl_Tools_rodata_52C0
.rodata	0x000052C8	0x4	Tools/t_rck.cpp	local	lbl_Tools_rodata_52C8	lbl_Tools_rodata_52C8
.rodata	0x000052CC	0x4	Tools/t_rck.cpp	local	lbl_Tools_rodata_52CC	lbl_Tools_rodata_52CC
.rodata	0x000052D0	0x4	Tools/t_rck.cpp	local	lbl_Tools_rodata_52D0	lbl_Tools_rodata_52D0
.rodata	0x000052D4	0x4	Tools/t_rck.cpp	local	lbl_Tools_rodata_52D4	lbl_Tools_rodata_52D4
.rodata	0x000052D8	0x4	Tools/t_rck.cpp	local	lbl_Tools_rodata_52D8	lbl_Tools_rodata_52D8
.rodata	0x000052DC	0x8	Tools/t_rck.cpp	local	lbl_Tools_rodata_52DC	lbl_Tools_rodata_52DC
.rodata	0x000052E4	0x28	Tools/t_rck.cpp	local	lbl_Tools_rodata_52E4	lbl_Tools_rodata_52E4
.rodata	0x0000530C	0x8	Tools/t_rck.cpp	local	lbl_Tools_rodata_530C	lbl_Tools_rodata_530C
.rodata	0x00005314	0xC	Tools/t_rck.cpp	local	lbl_Tools_rodata_5314	lbl_Tools_rodata_5314
.rodata	0x00005320	0x18	Tools/t_rck.cpp	local	lbl_Tools_rodata_5320	lbl_Tools_rodata_5320
.rodata	0x00005338	0xC	Tools/t_rck.cpp	local	lbl_Tools_rodata_5338	lbl_Tools_rodata_5338
.rodata	0x00005344	0x8	Tools/t_rck.cpp	local	lbl_Tools_rodata_5344	lbl_Tools_rodata_5344
.rodata	0x0000534C	0x4	Tools/t_rck.cpp	local	lbl_Tools_rodata_534C	lbl_Tools_rodata_534C
.rodata	0x00005350	0x2C	Tools/t_rck.cpp	local	lbl_Tools_rodata_5350	lbl_Tools_rodata_5350
.rodata	0x0000537C	0x2C	Tools/t_rck.cpp	local	lbl_Tools_rodata_537C	lbl_Tools_rodata_537C
.rodata	0x000053A8	0x10	Tools/t_rck.cpp	local	lbl_Tools_rodata_53A8	lbl_Tools_rodata_53A8
.rodata	0x00005450	0x8	Tools/t_sce_at.cpp	local	lbl_Tools_rodata_5450	lbl_Tools_rodata_5450
.rodata	0x00005458	0x8	Tools/t_sce_at.cpp	local	lbl_Tools_rodata_5458	lbl_Tools_rodata_5458
.rodata	0x00005460	0x8	Tools/t_sce_at.cpp	local	lbl_Tools_rodata_5460	lbl_Tools_rodata_5460
.rodata	0x00005468	0x4	Tools/t_sce_at.cpp	local	lbl_Tools_rodata_5468	lbl_Tools_rodata_5468
.rodata	0x0000546C	0x4	Tools/t_sce_at.cpp	local	lbl_Tools_rodata_546C	lbl_Tools_rodata_546C
.rodata	0x00005470	0x8	Tools/t_sce_at.cpp	local	lbl_Tools_rodata_5470	lbl_Tools_rodata_5470
.rodata	0x00005478	0x8	Tools/t_sce_at.cpp	local	lbl_Tools_rodata_5478	lbl_Tools_rodata_5478
.rodata	0x00005480	0x8	Tools/t_sce_at.cpp	local	lbl_Tools_rodata_5480	lbl_Tools_rodata_5480
.rodata	0x00005488	0x8	Tools/t_sce_at.cpp	local	lbl_Tools_rodata_5488	lbl_Tools_rodata_5488
.rodata	0x00005490	0xC	Tools/t_sce_at.cpp	local	lbl_Tools_rodata_5490	lbl_Tools_rodata_5490
.rodata	0x0000549C	0x8	Tools/t_sce_at.cpp	local	lbl_Tools_rodata_549C	lbl_Tools_rodata_549C
.rodata	0x000054A4	0x8	Tools/t_sce_at.cpp	local	lbl_Tools_rodata_54A4	lbl_Tools_rodata_54A4
.rodata	0x000054AC	0xC	Tools/t_sce_at.cpp	local	lbl_Tools_rodata_54AC	lbl_Tools_rodata_54AC
.rodata	0x000054B8	0xC	Tools/t_sce_at.cpp	local	lbl_Tools_rodata_54B8	lbl_Tools_rodata_54B8
.rodata	0x000054C4	0x8	Tools/t_sce_at.cpp	local	lbl_Tools_rodata_54C4	lbl_Tools_rodata_54C4
.rodata	0x000054CC	0xC	Tools/t_sce_at.cpp	local	lbl_Tools_rodata_54CC	lbl_Tools_rodata_54CC
.rodata	0x000054D8	0x8	Tools/t_sce_at.cpp	local	lbl_Tools_rodata_54D8	lbl_Tools_rodata_54D8
.rodata	0x000054E0	0x4	Tools/t_sce_at.cpp	local	lbl_Tools_rodata_54E0	lbl_Tools_rodata_54E0
.rodata	0x000054E4	0x8	Tools/t_sce_at.cpp	local	lbl_Tools_rodata_54E4	lbl_Tools_rodata_54E4
.rodata	0x000054EC	0xC	Tools/t_sce_at.cpp	local	lbl_Tools_rodata_54EC	lbl_Tools_rodata_54EC
.rodata	0x000054F8	0xC	Tools/t_sce_at.cpp	local	lbl_Tools_rodata_54F8	lbl_Tools_rodata_54F8
.rodata	0x00005504	0x18	Tools/t_sce_at.cpp	local	lbl_Tools_rodata_5504	lbl_Tools_rodata_5504
.rodata	0x0000551C	0x18	Tools/t_sce_at.cpp	local	lbl_Tools_rodata_551C	lbl_Tools_rodata_551C
.rodata	0x00005534	0x20	Tools/t_sce_at.cpp	local	lbl_Tools_rodata_5534	lbl_Tools_rodata_5534
.rodata	0x00005554	0x1C	Tools/t_sce_at.cpp	local	lbl_Tools_rodata_5554	lbl_Tools_rodata_5554
.rodata	0x00005570	0x24	Tools/t_sce_at.cpp	local	lbl_Tools_rodata_5570	lbl_Tools_rodata_5570
.rodata	0x00005594	0x24	Tools/t_sce_at.cpp	local	lbl_Tools_rodata_5594	lbl_Tools_rodata_5594
.rodata	0x000055B8	0x4	Tools/t_sce_at.cpp	local	lbl_Tools_rodata_55B8	lbl_Tools_rodata_55B8
.rodata	0x000055BC	0x4	Tools/t_sce_at.cpp	local	lbl_Tools_rodata_55BC	lbl_Tools_rodata_55BC
.rodata	0x000055C0	0x8	Tools/t_sce_at.cpp	local	lbl_Tools_rodata_55C0	lbl_Tools_rodata_55C0
.rodata	0x000055C8	0xC	Tools/t_sce_at.cpp	local	lbl_Tools_rodata_55C8	lbl_Tools_rodata_55C8
.rodata	0x000055D4	0x8	Tools/t_sce_at.cpp	local	lbl_Tools_rodata_55D4	lbl_Tools_rodata_55D4
.rodata	0x000055DC	0xC	Tools/t_sce_at.cpp	local	lbl_Tools_rodata_55DC	lbl_Tools_rodata_55DC
.rodata	0x000055E8	0xC	Tools/t_sce_at.cpp	local	lbl_Tools_rodata_55E8	lbl_Tools_rodata_55E8
.rodata	0x000055F4	0x8	Tools/t_sce_at.cpp	local	lbl_Tools_rodata_55F4	lbl_Tools_rodata_55F4
.rodata	0x000055FC	0x10	Tools/t_sce_at.cpp	local	lbl_Tools_rodata_55FC	lbl_Tools_rodata_55FC
.rodata	0x0000560C	0x14	Tools/t_sce_at.cpp	local	lbl_Tools_rodata_560C	lbl_Tools_rodata_560C
.rodata	0x00005620	0x10	Tools/t_sce_at.cpp	local	lbl_Tools_rodata_5620	lbl_Tools_rodata_5620
.rodata	0x00005630	0xC	Tools/t_sce_at.cpp	local	lbl_Tools_rodata_5630	lbl_Tools_rodata_5630
.rodata	0x0000563C	0x4	Tools/t_sce_at.cpp	local	lbl_Tools_rodata_563C	lbl_Tools_rodata_563C
.rodata	0x00005640	0x8	Tools/t_sce_at.cpp	local	lbl_Tools_rodata_5640	lbl_Tools_rodata_5640
.rodata	0x00005648	0xC	Tools/t_sce_at.cpp	local	lbl_Tools_rodata_5648	lbl_Tools_rodata_5648
.rodata	0x00005654	0xC	Tools/t_sce_at.cpp	local	lbl_Tools_rodata_5654	lbl_Tools_rodata_5654
.rodata	0x00005660	0xC	Tools/t_sce_at.cpp	local	lbl_Tools_rodata_5660	lbl_Tools_rodata_5660
.rodata	0x0000566C	0x10	Tools/t_sce_at.cpp	local	lbl_Tools_rodata_566C	lbl_Tools_rodata_566C
.rodata	0x0000567C	0xC	Tools/t_sce_at.cpp	local	lbl_Tools_rodata_567C	lbl_Tools_rodata_567C
.rodata	0x00005688	0xC	Tools/t_sce_at.cpp	local	lbl_Tools_rodata_5688	lbl_Tools_rodata_5688
.rodata	0x00005694	0xC	Tools/t_sce_at.cpp	local	lbl_Tools_rodata_5694	lbl_Tools_rodata_5694
.rodata	0x000056A0	0xC	Tools/t_sce_at.cpp	local	lbl_Tools_rodata_56A0	lbl_Tools_rodata_56A0
.rodata	0x000056AC	0x8	Tools/t_sce_at.cpp	local	lbl_Tools_rodata_56AC	lbl_Tools_rodata_56AC
.rodata	0x000056B4	0x8	Tools/t_sce_at.cpp	local	lbl_Tools_rodata_56B4	lbl_Tools_rodata_56B4
.rodata	0x000056BC	0x8	Tools/t_sce_at.cpp	local	lbl_Tools_rodata_56BC	lbl_Tools_rodata_56BC
.rodata	0x000056C4	0x4	Tools/t_sce_at.cpp	local	lbl_Tools_rodata_56C4	lbl_Tools_rodata_56C4
.rodata	0x000056C8	0x4	Tools/t_sce_at.cpp	local	lbl_Tools_rodata_56C8	lbl_Tools_rodata_56C8
.rodata	0x000056CC	0x4	Tools/t_sce_at.cpp	local	lbl_Tools_rodata_56CC	lbl_Tools_rodata_56CC
.rodata	0x000056D0	0xC	Tools/t_sce_at.cpp	local	lbl_Tools_rodata_56D0	lbl_Tools_rodata_56D0
.rodata	0x000056DC	0x4	Tools/t_sce_at.cpp	local	lbl_Tools_rodata_56DC	lbl_Tools_rodata_56DC
.rodata	0x000056E0	0x8	Tools/t_sce_at.cpp	local	lbl_Tools_rodata_56E0	lbl_Tools_rodata_56E0
.rodata	0x000056E8	0x4	Tools/t_sce_at.cpp	local	lbl_Tools_rodata_56E8	lbl_Tools_rodata_56E8
.rodata	0x000056EC	0x4	Tools/t_sce_at.cpp	local	lbl_Tools_rodata_56EC	lbl_Tools_rodata_56EC
.rodata	0x000056F0	0x8	Tools/t_sce_at.cpp	local	lbl_Tools_rodata_56F0	lbl_Tools_rodata_56F0
.rodata	0x000056F8	0x8	Tools/t_sce_at.cpp	local	lbl_Tools_rodata_56F8	lbl_Tools_rodata_56F8
.rodata	0x00005700	0x4	Tools/t_sce_at.cpp	local	lbl_Tools_rodata_5700	lbl_Tools_rodata_5700
.rodata	0x00005704	0xC	Tools/t_sce_at.cpp	local	lbl_Tools_rodata_5704	lbl_Tools_rodata_5704
.rodata	0x00005710	0x8	Tools/t_sce_at.cpp	local	lbl_Tools_rodata_5710	lbl_Tools_rodata_5710
.rodata	0x00005718	0x8	Tools/t_sce_at.cpp	local	lbl_Tools_rodata_5718	lbl_Tools_rodata_5718
.rodata	0x00005720	0x8	Tools/t_sce_at.cpp	local	lbl_Tools_rodata_5720	lbl_Tools_rodata_5720
.rodata	0x00005728	0x8	Tools/t_sce_at.cpp	local	lbl_Tools_rodata_5728	lbl_Tools_rodata_5728
.rodata	0x00005730	0x4	Tools/t_sce_at.cpp	local	lbl_Tools_rodata_5730	lbl_Tools_rodata_5730
.rodata	0x00005734	0x54	Tools/t_sce_at.cpp	local	lbl_Tools_rodata_5734	lbl_Tools_rodata_5734
.rodata	0x00005788	0x8	Tools/t_sce_at.cpp	local	lbl_Tools_rodata_5788	lbl_Tools_rodata_5788
.rodata	0x00005790	0x8	Tools/t_sce_at.cpp	local	lbl_Tools_rodata_5790	lbl_Tools_rodata_5790
.rodata	0x00005798	0xC	Tools/t_sce_at.cpp	local	lbl_Tools_rodata_5798	lbl_Tools_rodata_5798
.rodata	0x000057A4	0xC	Tools/t_sce_at.cpp	local	lbl_Tools_rodata_57A4	lbl_Tools_rodata_57A4
.rodata	0x000057B0	0x8	Tools/t_sce_at.cpp	local	lbl_Tools_rodata_57B0	lbl_Tools_rodata_57B0
.rodata	0x000057B8	0x8	Tools/t_sce_at.cpp	local	lbl_Tools_rodata_57B8	lbl_Tools_rodata_57B8
.rodata	0x000057C0	0xC	Tools/t_sce_at.cpp	local	lbl_Tools_rodata_57C0	lbl_Tools_rodata_57C0
.rodata	0x000057CC	0x8	Tools/t_sce_at.cpp	local	lbl_Tools_rodata_57CC	lbl_Tools_rodata_57CC
.rodata	0x000057D4	0x4	Tools/t_sce_at.cpp	local	lbl_Tools_rodata_57D4	lbl_Tools_rodata_57D4
.rodata	0x000057D8	0x8	Tools/t_sce_at.cpp	local	lbl_Tools_rodata_57D8	lbl_Tools_rodata_57D8
.rodata	0x000057E0	0x8	Tools/t_sce_at.cpp	local	lbl_Tools_rodata_57E0	lbl_Tools_rodata_57E0
.rodata	0x000057E8	0xC	Tools/t_sce_at.cpp	local	lbl_Tools_rodata_57E8	lbl_Tools_rodata_57E8
.rodata	0x000057F4	0xC	Tools/t_sce_at.cpp	local	lbl_Tools_rodata_57F4	lbl_Tools_rodata_57F4
.rodata	0x00005800	0xC	Tools/t_sce_at.cpp	local	lbl_Tools_rodata_5800	lbl_Tools_rodata_5800
.rodata	0x0000580C	0xC	Tools/t_sce_at.cpp	local	lbl_Tools_rodata_580C	lbl_Tools_rodata_580C
.rodata	0x00005818	0x10	Tools/t_sce_at.cpp	local	lbl_Tools_rodata_5818	lbl_Tools_rodata_5818
.rodata	0x00005828	0x10	Tools/t_sce_at.cpp	local	lbl_Tools_rodata_5828	lbl_Tools_rodata_5828
.rodata	0x00005838	0x10	Tools/t_sce_at.cpp	local	lbl_Tools_rodata_5838	lbl_Tools_rodata_5838
.rodata	0x00005848	0x10	Tools/t_sce_at.cpp	local	lbl_Tools_rodata_5848	lbl_Tools_rodata_5848
.rodata	0x00005858	0x10	Tools/t_sce_at.cpp	local	lbl_Tools_rodata_5858	lbl_Tools_rodata_5858
.rodata	0x00005868	0x10	Tools/t_sce_at.cpp	local	lbl_Tools_rodata_5868	lbl_Tools_rodata_5868
.rodata	0x00005878	0x10	Tools/t_sce_at.cpp	local	lbl_Tools_rodata_5878	lbl_Tools_rodata_5878
.rodata	0x00005888	0x10	Tools/t_sce_at.cpp	local	lbl_Tools_rodata_5888	lbl_Tools_rodata_5888
.rodata	0x00005898	0x14	Tools/t_sce_at.cpp	local	lbl_Tools_rodata_5898	lbl_Tools_rodata_5898
.rodata	0x000058AC	0x4	Tools/t_sce_at.cpp	local	lbl_Tools_rodata_58AC	lbl_Tools_rodata_58AC
.rodata	0x000058B0	0x4	Tools/t_sce_at.cpp	local	lbl_Tools_rodata_58B0	lbl_Tools_rodata_58B0
.rodata	0x000058B4	0x20	Tools/t_sce_at.cpp	local	lbl_Tools_rodata_58B4	lbl_Tools_rodata_58B4
.rodata	0x000058D4	0x8	Tools/t_sce_at.cpp	local	lbl_Tools_rodata_58D4	lbl_Tools_rodata_58D4
.rodata	0x000058DC	0x1C	Tools/t_sce_at.cpp	local	lbl_Tools_rodata_58DC	lbl_Tools_rodata_58DC
.rodata	0x000058F8	0x4	Tools/t_sce_at.cpp	local	lbl_Tools_rodata_58F8	lbl_Tools_rodata_58F8
.rodata	0x000058FC	0xC	Tools/t_sce_at.cpp	local	lbl_Tools_rodata_58FC	lbl_Tools_rodata_58FC
.rodata	0x00005908	0xC	Tools/t_sce_at.cpp	local	lbl_Tools_rodata_5908	lbl_Tools_rodata_5908
.rodata	0x00005914	0xC	Tools/t_sce_at.cpp	local	lbl_Tools_rodata_5914	lbl_Tools_rodata_5914
.rodata	0x00005920	0x10	Tools/t_sce_at.cpp	local	lbl_Tools_rodata_5920	lbl_Tools_rodata_5920
.rodata	0x00005930	0x10	Tools/t_sce_at.cpp	local	lbl_Tools_rodata_5930	lbl_Tools_rodata_5930
.rodata	0x00005940	0xC	Tools/t_sce_at.cpp	local	lbl_Tools_rodata_5940	lbl_Tools_rodata_5940
.rodata	0x0000594C	0xC	Tools/t_sce_at.cpp	local	lbl_Tools_rodata_594C	lbl_Tools_rodata_594C
.rodata	0x00005958	0x10	Tools/t_sce_at.cpp	local	lbl_Tools_rodata_5958	lbl_Tools_rodata_5958
.rodata	0x00005968	0x10	Tools/t_sce_at.cpp	local	lbl_Tools_rodata_5968	lbl_Tools_rodata_5968
.rodata	0x00005978	0x10	Tools/t_sce_at.cpp	local	lbl_Tools_rodata_5978	lbl_Tools_rodata_5978
.rodata	0x00005988	0x10	Tools/t_sce_at.cpp	local	lbl_Tools_rodata_5988	lbl_Tools_rodata_5988
.rodata	0x00005998	0x10	Tools/t_sce_at.cpp	local	lbl_Tools_rodata_5998	lbl_Tools_rodata_5998
.rodata	0x000059A8	0x10	Tools/t_sce_at.cpp	local	lbl_Tools_rodata_59A8	lbl_Tools_rodata_59A8
.rodata	0x000059B8	0x10	Tools/t_sce_at.cpp	local	lbl_Tools_rodata_59B8	lbl_Tools_rodata_59B8
.rodata	0x000059C8	0x10	Tools/t_sce_at.cpp	local	lbl_Tools_rodata_59C8	lbl_Tools_rodata_59C8
.rodata	0x000059D8	0x8	Tools/t_sce_at.cpp	local	lbl_Tools_rodata_59D8	lbl_Tools_rodata_59D8
.rodata	0x000059E0	0xC	Tools/t_sce_at.cpp	local	lbl_Tools_rodata_59E0	lbl_Tools_rodata_59E0
.rodata	0x000059EC	0x8	Tools/t_sce_at.cpp	local	lbl_Tools_rodata_59EC	lbl_Tools_rodata_59EC
.rodata	0x000059F4	0xC	Tools/t_sce_at.cpp	local	lbl_Tools_rodata_59F4	lbl_Tools_rodata_59F4
.rodata	0x00005A00	0xC	Tools/t_sce_at.cpp	local	lbl_Tools_rodata_5A00	lbl_Tools_rodata_5A00
.rodata	0x00005A0C	0x8	Tools/t_sce_at.cpp	local	lbl_Tools_rodata_5A0C	lbl_Tools_rodata_5A0C
.rodata	0x00005A14	0x10	Tools/t_sce_at.cpp	local	lbl_Tools_rodata_5A14	lbl_Tools_rodata_5A14
.rodata	0x00005A24	0x10	Tools/t_sce_at.cpp	local	lbl_Tools_rodata_5A24	lbl_Tools_rodata_5A24
.rodata	0x00005A34	0x8	Tools/t_sce_at.cpp	local	lbl_Tools_rodata_5A34	lbl_Tools_rodata_5A34
.rodata	0x00005A3C	0x8	Tools/t_sce_at.cpp	local	lbl_Tools_rodata_5A3C	lbl_Tools_rodata_5A3C
.rodata	0x00005A44	0x8	Tools/t_sce_at.cpp	local	lbl_Tools_rodata_5A44	lbl_Tools_rodata_5A44
.rodata	0x00005A4C	0x8	Tools/t_sce_at.cpp	local	lbl_Tools_rodata_5A4C	lbl_Tools_rodata_5A4C
.rodata	0x00005A54	0x8	Tools/t_sce_at.cpp	local	lbl_Tools_rodata_5A54	lbl_Tools_rodata_5A54
.rodata	0x00005A5C	0x4	Tools/t_sce_at.cpp	local	lbl_Tools_rodata_5A5C	lbl_Tools_rodata_5A5C
.rodata	0x00005A60	0x4	Tools/t_sce_at.cpp	local	lbl_Tools_rodata_5A60	lbl_Tools_rodata_5A60
.rodata	0x00005A64	0x4	Tools/t_sce_at.cpp	local	lbl_Tools_rodata_5A64	lbl_Tools_rodata_5A64
.rodata	0x00005A68	0x4	Tools/t_sce_at.cpp	local	lbl_Tools_rodata_5A68	lbl_Tools_rodata_5A68
.rodata	0x00005A6C	0x4	Tools/t_sce_at.cpp	local	lbl_Tools_rodata_5A6C	lbl_Tools_rodata_5A6C
.rodata	0x00005A70	0x4	Tools/t_sce_at.cpp	local	lbl_Tools_rodata_5A70	lbl_Tools_rodata_5A70
.rodata	0x00005A74	0x4	Tools/t_sce_at.cpp	local	lbl_Tools_rodata_5A74	lbl_Tools_rodata_5A74
.rodata	0x00005A78	0x4	Tools/t_sce_at.cpp	local	lbl_Tools_rodata_5A78	lbl_Tools_rodata_5A78
.rodata	0x00005A7C	0x4	Tools/t_sce_at.cpp	local	lbl_Tools_rodata_5A7C	lbl_Tools_rodata_5A7C
.rodata	0x00005A80	0x8	Tools/t_sce_at.cpp	local	lbl_Tools_rodata_5A80	lbl_Tools_rodata_5A80
.rodata	0x00005A88	0x8	Tools/t_sce_at.cpp	local	lbl_Tools_rodata_5A88	lbl_Tools_rodata_5A88
.rodata	0x00005A90	0xC	Tools/t_sce_at.cpp	local	lbl_Tools_rodata_5A90	lbl_Tools_rodata_5A90
.rodata	0x00005A9C	0x8	Tools/t_sce_at.cpp	local	lbl_Tools_rodata_5A9C	lbl_Tools_rodata_5A9C
.rodata	0x00005AA4	0x8	Tools/t_sce_at.cpp	local	lbl_Tools_rodata_5AA4	lbl_Tools_rodata_5AA4
.rodata	0x00005AAC	0xC	Tools/t_sce_at.cpp	local	lbl_Tools_rodata_5AAC	lbl_Tools_rodata_5AAC
.rodata	0x00005AB8	0x8	Tools/t_sce_at.cpp	local	lbl_Tools_rodata_5AB8	lbl_Tools_rodata_5AB8
.rodata	0x00005AC0	0xC	Tools/t_sce_at.cpp	local	lbl_Tools_rodata_5AC0	lbl_Tools_rodata_5AC0
.rodata	0x00005ACC	0xC	Tools/t_sce_at.cpp	local	lbl_Tools_rodata_5ACC	lbl_Tools_rodata_5ACC
.rodata	0x00005AD8	0x8	Tools/t_sce_at.cpp	local	lbl_Tools_rodata_5AD8	lbl_Tools_rodata_5AD8
.rodata	0x00005AE0	0x8	Tools/t_sce_at.cpp	local	lbl_Tools_rodata_5AE0	lbl_Tools_rodata_5AE0
.rodata	0x00005AE8	0x8	Tools/t_sce_at.cpp	local	lbl_Tools_rodata_5AE8	lbl_Tools_rodata_5AE8
.rodata	0x00005AF0	0x8	Tools/t_sce_at.cpp	local	lbl_Tools_rodata_5AF0	lbl_Tools_rodata_5AF0
.rodata	0x00005AF8	0x8	Tools/t_sce_at.cpp	local	lbl_Tools_rodata_5AF8	lbl_Tools_rodata_5AF8
.rodata	0x00005B00	0x8	Tools/t_sce_at.cpp	local	lbl_Tools_rodata_5B00	lbl_Tools_rodata_5B00
.rodata	0x00005B08	0x8	Tools/t_sce_at.cpp	local	lbl_Tools_rodata_5B08	lbl_Tools_rodata_5B08
.rodata	0x00005B10	0xC	Tools/t_sce_at.cpp	local	lbl_Tools_rodata_5B10	lbl_Tools_rodata_5B10
.rodata	0x00005B1C	0xC	Tools/t_sce_at.cpp	local	lbl_Tools_rodata_5B1C	lbl_Tools_rodata_5B1C
.rodata	0x00005B28	0x10	Tools/t_sce_at.cpp	local	lbl_Tools_rodata_5B28	lbl_Tools_rodata_5B28
.rodata	0x00005B38	0x10	Tools/t_sce_at.cpp	local	lbl_Tools_rodata_5B38	lbl_Tools_rodata_5B38
.rodata	0x00005B48	0xC	Tools/t_sce_at.cpp	local	lbl_Tools_rodata_5B48	lbl_Tools_rodata_5B48
.rodata	0x00005B54	0x4	Tools/t_sce_at.cpp	local	lbl_Tools_rodata_5B54	lbl_Tools_rodata_5B54
.rodata	0x00005B58	0x4	Tools/t_sce_at.cpp	local	lbl_Tools_rodata_5B58	lbl_Tools_rodata_5B58
.rodata	0x00005B5C	0xC	Tools/t_sce_at.cpp	local	lbl_Tools_rodata_5B5C	lbl_Tools_rodata_5B5C
.rodata	0x00005B68	0xC	Tools/t_sce_at.cpp	local	lbl_Tools_rodata_5B68	lbl_Tools_rodata_5B68
.rodata	0x00005B74	0xC	Tools/t_sce_at.cpp	local	lbl_Tools_rodata_5B74	lbl_Tools_rodata_5B74
.rodata	0x00005B80	0x4	Tools/t_sce_at.cpp	local	lbl_Tools_rodata_5B80	lbl_Tools_rodata_5B80
.rodata	0x00005B84	0x4	Tools/t_sce_at.cpp	local	lbl_Tools_rodata_5B84	lbl_Tools_rodata_5B84
.rodata	0x00005B88	0x4	Tools/t_sce_at.cpp	local	lbl_Tools_rodata_5B88	lbl_Tools_rodata_5B88
.rodata	0x00005B8C	0x8	Tools/t_sce_at.cpp	local	lbl_Tools_rodata_5B8C	lbl_Tools_rodata_5B8C
.rodata	0x00005B94	0xC	Tools/t_sce_at.cpp	local	lbl_Tools_rodata_5B94	lbl_Tools_rodata_5B94
.rodata	0x00005BA0	0x10	Tools/t_sce_at.cpp	local	lbl_Tools_rodata_5BA0	lbl_Tools_rodata_5BA0
.rodata	0x00005BB0	0x10	Tools/t_sce_at.cpp	local	lbl_Tools_rodata_5BB0	lbl_Tools_rodata_5BB0
.rodata	0x00005BC0	0x10	Tools/t_sce_at.cpp	local	lbl_Tools_rodata_5BC0	lbl_Tools_rodata_5BC0
.rodata	0x00005BD0	0x10	Tools/t_sce_at.cpp	local	lbl_Tools_rodata_5BD0	lbl_Tools_rodata_5BD0
.rodata	0x00005BE0	0x10	Tools/t_sce_at.cpp	local	lbl_Tools_rodata_5BE0	lbl_Tools_rodata_5BE0
.rodata	0x00005BF0	0x8	Tools/t_sce_at.cpp	local	lbl_Tools_rodata_5BF0	lbl_Tools_rodata_5BF0
.rodata	0x00005BF8	0x8	Tools/t_sce_at.cpp	local	lbl_Tools_rodata_5BF8	lbl_Tools_rodata_5BF8
.rodata	0x00005C00	0x8	Tools/t_sce_at.cpp	local	lbl_Tools_rodata_5C00	lbl_Tools_rodata_5C00
.rodata	0x00005C08	0x8	Tools/t_sce_at.cpp	local	lbl_Tools_rodata_5C08	lbl_Tools_rodata_5C08
.rodata	0x00005C10	0xC	Tools/t_sce_at.cpp	local	lbl_Tools_rodata_5C10	lbl_Tools_rodata_5C10
.rodata	0x00005C1C	0xC	Tools/t_sce_at.cpp	local	lbl_Tools_rodata_5C1C	lbl_Tools_rodata_5C1C
.rodata	0x00005C28	0x10	Tools/t_sce_at.cpp	local	lbl_Tools_rodata_5C28	lbl_Tools_rodata_5C28
.rodata	0x00005C38	0x8	Tools/t_sce_at.cpp	local	lbl_Tools_rodata_5C38	lbl_Tools_rodata_5C38
.rodata	0x00005C40	0x4	Tools/t_sce_at.cpp	local	lbl_Tools_rodata_5C40	lbl_Tools_rodata_5C40
.rodata	0x00005C44	0x4	Tools/t_sce_at.cpp	local	lbl_Tools_rodata_5C44	lbl_Tools_rodata_5C44
.rodata	0x00005C48	0x4	Tools/t_sce_at.cpp	local	lbl_Tools_rodata_5C48	lbl_Tools_rodata_5C48
.rodata	0x00005C4C	0x4	Tools/t_sce_at.cpp	local	lbl_Tools_rodata_5C4C	lbl_Tools_rodata_5C4C
.rodata	0x00005C50	0xC	Tools/t_sce_at.cpp	local	lbl_Tools_rodata_5C50	lbl_Tools_rodata_5C50
.rodata	0x00005C5C	0xC	Tools/t_sce_at.cpp	local	lbl_Tools_rodata_5C5C	lbl_Tools_rodata_5C5C
.rodata	0x00005C68	0xC	Tools/t_sce_at.cpp	local	lbl_Tools_rodata_5C68	lbl_Tools_rodata_5C68
.rodata	0x00005C74	0xC	Tools/t_sce_at.cpp	local	lbl_Tools_rodata_5C74	lbl_Tools_rodata_5C74
.rodata	0x00005C80	0xC	Tools/t_sce_at.cpp	local	lbl_Tools_rodata_5C80	lbl_Tools_rodata_5C80
.rodata	0x00005C8C	0xC	Tools/t_sce_at.cpp	local	lbl_Tools_rodata_5C8C	lbl_Tools_rodata_5C8C
.rodata	0x00005C98	0xC	Tools/t_sce_at.cpp	local	lbl_Tools_rodata_5C98	lbl_Tools_rodata_5C98
.rodata	0x00005CA4	0x8	Tools/t_sce_at.cpp	local	lbl_Tools_rodata_5CA4	lbl_Tools_rodata_5CA4
.rodata	0x00005CAC	0xC	Tools/t_sce_at.cpp	local	lbl_Tools_rodata_5CAC	lbl_Tools_rodata_5CAC
.rodata	0x00005CB8	0x8	Tools/t_sce_at.cpp	local	lbl_Tools_rodata_5CB8	lbl_Tools_rodata_5CB8
.rodata	0x00005CC0	0xC	Tools/t_sce_at.cpp	local	lbl_Tools_rodata_5CC0	lbl_Tools_rodata_5CC0
.rodata	0x00005CCC	0x10	Tools/t_sce_at.cpp	local	lbl_Tools_rodata_5CCC	lbl_Tools_rodata_5CCC
.rodata	0x00005CDC	0x10	Tools/t_sce_at.cpp	local	lbl_Tools_rodata_5CDC	lbl_Tools_rodata_5CDC
.rodata	0x00005CEC	0x10	Tools/t_sce_at.cpp	local	lbl_Tools_rodata_5CEC	lbl_Tools_rodata_5CEC
.rodata	0x00005CFC	0xC	Tools/t_sce_at.cpp	local	lbl_Tools_rodata_5CFC	lbl_Tools_rodata_5CFC
.rodata	0x00005D08	0x10	Tools/t_sce_at.cpp	local	lbl_Tools_rodata_5D08	lbl_Tools_rodata_5D08
.rodata	0x00005D18	0x10	Tools/t_sce_at.cpp	local	lbl_Tools_rodata_5D18	lbl_Tools_rodata_5D18
.rodata	0x00005D28	0xC	Tools/t_sce_at.cpp	local	lbl_Tools_rodata_5D28	lbl_Tools_rodata_5D28
.rodata	0x00005D34	0x10	Tools/t_sce_at.cpp	local	lbl_Tools_rodata_5D34	lbl_Tools_rodata_5D34
.rodata	0x00005D44	0x8	Tools/t_sce_at.cpp	local	lbl_Tools_rodata_5D44	lbl_Tools_rodata_5D44
.rodata	0x00005D4C	0x8	Tools/t_sce_at.cpp	local	lbl_Tools_rodata_5D4C	lbl_Tools_rodata_5D4C
.rodata	0x00005D54	0xC	Tools/t_sce_at.cpp	local	lbl_Tools_rodata_5D54	lbl_Tools_rodata_5D54
.rodata	0x00005D60	0x8	Tools/t_sce_at.cpp	local	lbl_Tools_rodata_5D60	lbl_Tools_rodata_5D60
.rodata	0x00005D68	0x8	Tools/t_sce_at.cpp	local	lbl_Tools_rodata_5D68	lbl_Tools_rodata_5D68
.rodata	0x00005D70	0xC	Tools/t_sce_at.cpp	local	lbl_Tools_rodata_5D70	lbl_Tools_rodata_5D70
.rodata	0x00005D7C	0x4	Tools/t_sce_at.cpp	local	lbl_Tools_rodata_5D7C	lbl_Tools_rodata_5D7C
.rodata	0x00005D80	0x4	Tools/t_sce_at.cpp	local	lbl_Tools_rodata_5D80	lbl_Tools_rodata_5D80
.rodata	0x00005D84	0x4	Tools/t_sce_at.cpp	local	lbl_Tools_rodata_5D84	lbl_Tools_rodata_5D84
.rodata	0x00005D88	0x4	Tools/t_sce_at.cpp	local	lbl_Tools_rodata_5D88	lbl_Tools_rodata_5D88
.rodata	0x00005D8C	0x4	Tools/t_sce_at.cpp	local	lbl_Tools_rodata_5D8C	lbl_Tools_rodata_5D8C
.rodata	0x00005D90	0x4	Tools/t_sce_at.cpp	local	lbl_Tools_rodata_5D90	lbl_Tools_rodata_5D90
.rodata	0x00005D94	0x4	Tools/t_sce_at.cpp	local	lbl_Tools_rodata_5D94	lbl_Tools_rodata_5D94
.rodata	0x00005D98	0x4	Tools/t_sce_at.cpp	local	lbl_Tools_rodata_5D98	lbl_Tools_rodata_5D98
.rodata	0x00005D9C	0x4	Tools/t_sce_at.cpp	local	lbl_Tools_rodata_5D9C	lbl_Tools_rodata_5D9C
.rodata	0x00005DA0	0x4	Tools/t_sce_at.cpp	local	lbl_Tools_rodata_5DA0	lbl_Tools_rodata_5DA0
.rodata	0x00005DA4	0x4	Tools/t_sce_at.cpp	local	lbl_Tools_rodata_5DA4	lbl_Tools_rodata_5DA4
.rodata	0x00005DA8	0x4	Tools/t_sce_at.cpp	local	lbl_Tools_rodata_5DA8	lbl_Tools_rodata_5DA8
.rodata	0x00005DAC	0xC	Tools/t_sce_at.cpp	local	lbl_Tools_rodata_5DAC	lbl_Tools_rodata_5DAC
.rodata	0x00005DB8	0x4	Tools/t_sce_at.cpp	local	lbl_Tools_rodata_5DB8	lbl_Tools_rodata_5DB8
.rodata	0x00005DBC	0x4	Tools/t_sce_at.cpp	local	lbl_Tools_rodata_5DBC	lbl_Tools_rodata_5DBC
.rodata	0x00005DC0	0x4	Tools/t_sce_at.cpp	local	lbl_Tools_rodata_5DC0	lbl_Tools_rodata_5DC0
.rodata	0x00005DC4	0x4	Tools/t_sce_at.cpp	local	lbl_Tools_rodata_5DC4	lbl_Tools_rodata_5DC4
.rodata	0x00005DC8	0xC	Tools/t_sce_at.cpp	local	lbl_Tools_rodata_5DC8	lbl_Tools_rodata_5DC8
.rodata	0x00005DD4	0xC	Tools/t_sce_at.cpp	local	lbl_Tools_rodata_5DD4	lbl_Tools_rodata_5DD4
.rodata	0x00005DE0	0x8	Tools/t_sce_at.cpp	local	lbl_Tools_rodata_5DE0	lbl_Tools_rodata_5DE0
.rodata	0x00005DE8	0x10	Tools/t_sce_at.cpp	local	lbl_Tools_rodata_5DE8	lbl_Tools_rodata_5DE8
.rodata	0x00005DF8	0x10	Tools/t_sce_at.cpp	local	lbl_Tools_rodata_5DF8	lbl_Tools_rodata_5DF8
.rodata	0x00005E08	0x10	Tools/t_sce_at.cpp	local	lbl_Tools_rodata_5E08	lbl_Tools_rodata_5E08
.rodata	0x00005E18	0x10	Tools/t_sce_at.cpp	local	lbl_Tools_rodata_5E18	lbl_Tools_rodata_5E18
.rodata	0x00005E28	0xC	Tools/t_sce_at.cpp	local	lbl_Tools_rodata_5E28	lbl_Tools_rodata_5E28
.rodata	0x00005E34	0x10	Tools/t_sce_at.cpp	local	lbl_Tools_rodata_5E34	lbl_Tools_rodata_5E34
.rodata	0x00005E44	0xC	Tools/t_sce_at.cpp	local	lbl_Tools_rodata_5E44	lbl_Tools_rodata_5E44
.rodata	0x00005E50	0xC	Tools/t_sce_at.cpp	local	lbl_Tools_rodata_5E50	lbl_Tools_rodata_5E50
.rodata	0x00005E5C	0x8	Tools/t_sce_at.cpp	local	lbl_Tools_rodata_5E5C	lbl_Tools_rodata_5E5C
.rodata	0x00005E64	0x8	Tools/t_sce_at.cpp	local	lbl_Tools_rodata_5E64	lbl_Tools_rodata_5E64
.rodata	0x00005E6C	0x8	Tools/t_sce_at.cpp	local	lbl_Tools_rodata_5E6C	lbl_Tools_rodata_5E6C
.rodata	0x00005E74	0x4	Tools/t_sce_at.cpp	local	lbl_Tools_rodata_5E74	lbl_Tools_rodata_5E74
.rodata	0x00005E78	0x4	Tools/t_sce_at.cpp	local	lbl_Tools_rodata_5E78	lbl_Tools_rodata_5E78
.rodata	0x00005E7C	0x4	Tools/t_sce_at.cpp	local	lbl_Tools_rodata_5E7C	lbl_Tools_rodata_5E7C
.rodata	0x00005E80	0x4	Tools/t_sce_at.cpp	local	lbl_Tools_rodata_5E80	lbl_Tools_rodata_5E80
.rodata	0x00005E84	0x4	Tools/t_sce_at.cpp	local	lbl_Tools_rodata_5E84	lbl_Tools_rodata_5E84
.rodata	0x00005E88	0x4	Tools/t_sce_at.cpp	local	lbl_Tools_rodata_5E88	lbl_Tools_rodata_5E88
.rodata	0x00005E8C	0x4	Tools/t_sce_at.cpp	local	lbl_Tools_rodata_5E8C	lbl_Tools_rodata_5E8C
.rodata	0x00005E90	0x4	Tools/t_sce_at.cpp	local	lbl_Tools_rodata_5E90	lbl_Tools_rodata_5E90
.rodata	0x00005E94	0x4	Tools/t_sce_at.cpp	local	lbl_Tools_rodata_5E94	lbl_Tools_rodata_5E94
.rodata	0x00005E98	0xC	Tools/t_sce_at.cpp	local	lbl_Tools_rodata_5E98	lbl_Tools_rodata_5E98
.rodata	0x00005EA4	0x4	Tools/t_sce_at.cpp	local	lbl_Tools_rodata_5EA4	lbl_Tools_rodata_5EA4
.rodata	0x00005EA8	0x4	Tools/t_sce_at.cpp	local	lbl_Tools_rodata_5EA8	lbl_Tools_rodata_5EA8
.rodata	0x00005EAC	0x4	Tools/t_sce_at.cpp	local	lbl_Tools_rodata_5EAC	lbl_Tools_rodata_5EAC
.rodata	0x00005EB0	0x4	Tools/t_sce_at.cpp	local	lbl_Tools_rodata_5EB0	lbl_Tools_rodata_5EB0
.rodata	0x00005EB4	0x4	Tools/t_sce_at.cpp	local	lbl_Tools_rodata_5EB4	lbl_Tools_rodata_5EB4
.rodata	0x00005EB8	0x4	Tools/t_sce_at.cpp	local	lbl_Tools_rodata_5EB8	lbl_Tools_rodata_5EB8
.rodata	0x00005EBC	0x4	Tools/t_sce_at.cpp	local	lbl_Tools_rodata_5EBC	lbl_Tools_rodata_5EBC
.rodata	0x00005EC0	0x8	Tools/t_sce_at.cpp	local	lbl_Tools_rodata_5EC0	lbl_Tools_rodata_5EC0
.rodata	0x00005EC8	0x4	Tools/t_sce_at.cpp	local	lbl_Tools_rodata_5EC8	lbl_Tools_rodata_5EC8
.rodata	0x00005ECC	0xC	Tools/t_sce_at.cpp	local	lbl_Tools_rodata_5ECC	lbl_Tools_rodata_5ECC
.rodata	0x00005ED8	0xC	Tools/t_sce_at.cpp	local	lbl_Tools_rodata_5ED8	lbl_Tools_rodata_5ED8
.rodata	0x00005EE4	0x10	Tools/t_sce_at.cpp	local	lbl_Tools_rodata_5EE4	lbl_Tools_rodata_5EE4
.rodata	0x00005EF4	0xC	Tools/t_sce_at.cpp	local	lbl_Tools_rodata_5EF4	lbl_Tools_rodata_5EF4
.rodata	0x00005F00	0x4	Tools/t_sce_at.cpp	local	lbl_Tools_rodata_5F00	lbl_Tools_rodata_5F00
.rodata	0x00005F04	0x4	Tools/t_sce_at.cpp	local	lbl_Tools_rodata_5F04	lbl_Tools_rodata_5F04
.rodata	0x00005F08	0x4	Tools/t_sce_at.cpp	local	lbl_Tools_rodata_5F08	lbl_Tools_rodata_5F08
.rodata	0x00005F0C	0x4	Tools/t_sce_at.cpp	local	lbl_Tools_rodata_5F0C	lbl_Tools_rodata_5F0C
.rodata	0x00005F10	0x4	Tools/t_sce_at.cpp	local	lbl_Tools_rodata_5F10	lbl_Tools_rodata_5F10
.rodata	0x00005F14	0x4	Tools/t_sce_at.cpp	local	lbl_Tools_rodata_5F14	lbl_Tools_rodata_5F14
.rodata	0x00005F18	0x4	Tools/t_sce_at.cpp	local	lbl_Tools_rodata_5F18	lbl_Tools_rodata_5F18
.rodata	0x00005F1C	0x4	Tools/t_sce_at.cpp	local	lbl_Tools_rodata_5F1C	lbl_Tools_rodata_5F1C
.rodata	0x00005F20	0x4	Tools/t_sce_at.cpp	local	lbl_Tools_rodata_5F20	lbl_Tools_rodata_5F20
.rodata	0x00005F24	0x8	Tools/t_sce_at.cpp	local	lbl_Tools_rodata_5F24	lbl_Tools_rodata_5F24
.rodata	0x00005F2C	0x10	Tools/t_sce_at.cpp	local	lbl_Tools_rodata_5F2C	lbl_Tools_rodata_5F2C
.rodata	0x00005F3C	0x10	Tools/t_sce_at.cpp	local	lbl_Tools_rodata_5F3C	lbl_Tools_rodata_5F3C
.rodata	0x00005F4C	0x10	Tools/t_sce_at.cpp	local	lbl_Tools_rodata_5F4C	lbl_Tools_rodata_5F4C
.rodata	0x00005F5C	0x10	Tools/t_sce_at.cpp	local	lbl_Tools_rodata_5F5C	lbl_Tools_rodata_5F5C
.rodata	0x00005F6C	0xC	Tools/t_sce_at.cpp	local	lbl_Tools_rodata_5F6C	lbl_Tools_rodata_5F6C
.rodata	0x00005F78	0x4	Tools/t_sce_at.cpp	local	lbl_Tools_rodata_5F78	lbl_Tools_rodata_5F78
.rodata	0x00005F7C	0x4	Tools/t_sce_at.cpp	local	lbl_Tools_rodata_5F7C	lbl_Tools_rodata_5F7C
.rodata	0x00005F80	0x4	Tools/t_sce_at.cpp	local	lbl_Tools_rodata_5F80	lbl_Tools_rodata_5F80
.rodata	0x00005F84	0x4	Tools/t_sce_at.cpp	local	lbl_Tools_rodata_5F84	lbl_Tools_rodata_5F84
.rodata	0x00005F88	0x4	Tools/t_sce_at.cpp	local	lbl_Tools_rodata_5F88	lbl_Tools_rodata_5F88
.rodata	0x00005F8C	0x4	Tools/t_sce_at.cpp	local	lbl_Tools_rodata_5F8C	lbl_Tools_rodata_5F8C
.rodata	0x00005F90	0x4	Tools/t_sce_at.cpp	local	lbl_Tools_rodata_5F90	lbl_Tools_rodata_5F90
.rodata	0x00005F94	0x4	Tools/t_sce_at.cpp	local	lbl_Tools_rodata_5F94	lbl_Tools_rodata_5F94
.rodata	0x00005F98	0x4	Tools/t_sce_at.cpp	local	lbl_Tools_rodata_5F98	lbl_Tools_rodata_5F98
.rodata	0x00005F9C	0x4	Tools/t_sce_at.cpp	local	lbl_Tools_rodata_5F9C	lbl_Tools_rodata_5F9C
.rodata	0x00005FA0	0x4	Tools/t_sce_at.cpp	local	lbl_Tools_rodata_5FA0	lbl_Tools_rodata_5FA0
.rodata	0x00005FA4	0x4	Tools/t_sce_at.cpp	local	lbl_Tools_rodata_5FA4	lbl_Tools_rodata_5FA4
.rodata	0x00005FA8	0x4	Tools/t_sce_at.cpp	local	lbl_Tools_rodata_5FA8	lbl_Tools_rodata_5FA8
.rodata	0x00005FAC	0x4	Tools/t_sce_at.cpp	local	lbl_Tools_rodata_5FAC	lbl_Tools_rodata_5FAC
.rodata	0x00005FB0	0x4	Tools/t_sce_at.cpp	local	lbl_Tools_rodata_5FB0	lbl_Tools_rodata_5FB0
.rodata	0x00005FB4	0x4	Tools/t_sce_at.cpp	local	lbl_Tools_rodata_5FB4	lbl_Tools_rodata_5FB4
.rodata	0x00005FB8	0x4	Tools/t_sce_at.cpp	local	lbl_Tools_rodata_5FB8	lbl_Tools_rodata_5FB8
.rodata	0x00005FBC	0x4	Tools/t_sce_at.cpp	local	lbl_Tools_rodata_5FBC	lbl_Tools_rodata_5FBC
.rodata	0x00005FC0	0x4	Tools/t_sce_at.cpp	local	lbl_Tools_rodata_5FC0	lbl_Tools_rodata_5FC0
.rodata	0x00005FC4	0x4	Tools/t_sce_at.cpp	local	lbl_Tools_rodata_5FC4	lbl_Tools_rodata_5FC4
.rodata	0x00005FC8	0x8	Tools/t_sce_at.cpp	local	lbl_Tools_rodata_5FC8	lbl_Tools_rodata_5FC8
.rodata	0x00005FD0	0x8	Tools/t_sce_at.cpp	local	lbl_Tools_rodata_5FD0	lbl_Tools_rodata_5FD0
.rodata	0x00005FD8	0xC	Tools/t_sce_at.cpp	local	lbl_Tools_rodata_5FD8	lbl_Tools_rodata_5FD8
.rodata	0x00005FE4	0xC	Tools/t_sce_at.cpp	local	lbl_Tools_rodata_5FE4	lbl_Tools_rodata_5FE4
.rodata	0x00005FF0	0x4	Tools/t_sce_at.cpp	local	lbl_Tools_rodata_5FF0	lbl_Tools_rodata_5FF0
.rodata	0x00005FF4	0x14	Tools/t_sce_at.cpp	local	lbl_Tools_rodata_5FF4	lbl_Tools_rodata_5FF4
.rodata	0x00006008	0x14	Tools/t_sce_at.cpp	local	lbl_Tools_rodata_6008	lbl_Tools_rodata_6008
.rodata	0x0000601C	0xC	Tools/t_sce_at.cpp	local	lbl_Tools_rodata_601C	lbl_Tools_rodata_601C
.rodata	0x00006028	0xC	Tools/t_sce_at.cpp	local	lbl_Tools_rodata_6028	lbl_Tools_rodata_6028
.rodata	0x00006034	0x1C	Tools/t_sce_at.cpp	local	lbl_Tools_rodata_6034	lbl_Tools_rodata_6034
.rodata	0x00006050	0x14	Tools/t_sce_at.cpp	local	lbl_Tools_rodata_6050	lbl_Tools_rodata_6050
.rodata	0x00006064	0x14	Tools/t_sce_at.cpp	local	lbl_Tools_rodata_6064	lbl_Tools_rodata_6064
.rodata	0x00006078	0xC	Tools/t_sce_at.cpp	local	lbl_Tools_rodata_6078	lbl_Tools_rodata_6078
.rodata	0x00006084	0xC	Tools/t_sce_at.cpp	local	lbl_Tools_rodata_6084	lbl_Tools_rodata_6084
.rodata	0x00006090	0x10	Tools/t_sce_at.cpp	local	lbl_Tools_rodata_6090	lbl_Tools_rodata_6090
.rodata	0x000060A0	0x4	Tools/t_sce_at.cpp	local	lbl_Tools_rodata_60A0	lbl_Tools_rodata_60A0
.rodata	0x000060A4	0x4	Tools/t_sce_at.cpp	local	lbl_Tools_rodata_60A4	lbl_Tools_rodata_60A4
.rodata	0x000060A8	0x4	Tools/t_sce_at.cpp	local	lbl_Tools_rodata_60A8	lbl_Tools_rodata_60A8
.rodata	0x000060AC	0x4	Tools/t_sce_at.cpp	local	lbl_Tools_rodata_60AC	lbl_Tools_rodata_60AC
.rodata	0x000060B0	0x4	Tools/t_sce_at.cpp	local	lbl_Tools_rodata_60B0	lbl_Tools_rodata_60B0
.rodata	0x000060B4	0x8	Tools/t_sce_at.cpp	local	lbl_Tools_rodata_60B4	lbl_Tools_rodata_60B4
.rodata	0x000060BC	0x8	Tools/t_sce_at.cpp	local	lbl_Tools_rodata_60BC	lbl_Tools_rodata_60BC
.rodata	0x000060C4	0x8	Tools/t_sce_at.cpp	local	lbl_Tools_rodata_60C4	lbl_Tools_rodata_60C4
.rodata	0x000060CC	0x20	Tools/t_sce_at.cpp	local	lbl_Tools_rodata_60CC	lbl_Tools_rodata_60CC
.rodata	0x000060EC	0x28	Tools/t_sce_at.cpp	local	lbl_Tools_rodata_60EC	lbl_Tools_rodata_60EC
.rodata	0x00006114	0x28	Tools/t_sce_at.cpp	local	lbl_Tools_rodata_6114	lbl_Tools_rodata_6114
.rodata	0x0000613C	0x38	Tools/t_sce_at.cpp	local	lbl_Tools_rodata_613C	lbl_Tools_rodata_613C
.rodata	0x00006174	0x28	Tools/t_sce_at.cpp	local	lbl_Tools_rodata_6174	lbl_Tools_rodata_6174
.rodata	0x0000619C	0x1C	Tools/t_sce_at.cpp	local	lbl_Tools_rodata_619C	lbl_Tools_rodata_619C
.rodata	0x00006200	0x2C	Tools/t_tplview.cpp	local	lbl_Tools_rodata_6200	lbl_Tools_rodata_6200
.rodata	0x0000622C	0x8	Tools/t_tplview.cpp	local	lbl_Tools_rodata_622C	lbl_Tools_rodata_622C
.rodata	0x00006234	0x8	Tools/t_tplview.cpp	local	lbl_Tools_rodata_6234	lbl_Tools_rodata_6234
.rodata	0x0000623C	0x8	Tools/t_tplview.cpp	local	lbl_Tools_rodata_623C	lbl_Tools_rodata_623C
.rodata	0x00006244	0xC	Tools/t_tplview.cpp	local	lbl_Tools_rodata_6244	lbl_Tools_rodata_6244
.rodata	0x00006250	0x4	Tools/t_tplview.cpp	local	lbl_Tools_rodata_6250	lbl_Tools_rodata_6250
.rodata	0x00006254	0x4	Tools/t_tplview.cpp	local	lbl_Tools_rodata_6254	lbl_Tools_rodata_6254
.rodata	0x00006258	0x8	Tools/t_tplview.cpp	local	lbl_Tools_rodata_6258	lbl_Tools_rodata_6258
.rodata	0x00006260	0xC	Tools/t_tplview.cpp	local	lbl_Tools_rodata_6260	lbl_Tools_rodata_6260
.rodata	0x0000626C	0x8	Tools/t_tplview.cpp	local	lbl_Tools_rodata_626C	lbl_Tools_rodata_626C
.rodata	0x00006274	0x8	Tools/t_tplview.cpp	local	lbl_Tools_rodata_6274	lbl_Tools_rodata_6274
.rodata	0x0000627C	0x4	Tools/t_tplview.cpp	local	lbl_Tools_rodata_627C	lbl_Tools_rodata_627C
.rodata	0x00006280	0x4	Tools/t_tplview.cpp	local	lbl_Tools_rodata_6280	lbl_Tools_rodata_6280
.rodata	0x00006284	0x10	Tools/t_tplview.cpp	local	lbl_Tools_rodata_6284	lbl_Tools_rodata_6284
.rodata	0x00006294	0x10	Tools/t_tplview.cpp	local	lbl_Tools_rodata_6294	lbl_Tools_rodata_6294
.rodata	0x000062A4	0x28	Tools/t_tplview.cpp	local	lbl_Tools_rodata_62A4	lbl_Tools_rodata_62A4
.rodata	0x000062CC	0x28	Tools/t_tplview.cpp	local	lbl_Tools_rodata_62CC	lbl_Tools_rodata_62CC
.rodata	0x000062F4	0x38	Tools/t_tplview.cpp	local	lbl_Tools_rodata_62F4	lbl_Tools_rodata_62F4
.rodata	0x0000632C	0x28	Tools/t_tplview.cpp	local	lbl_Tools_rodata_632C	lbl_Tools_rodata_632C
.rodata	0x00006354	0x1C	Tools/t_tplview.cpp	local	lbl_Tools_rodata_6354	lbl_Tools_rodata_6354
.rodata	0x000063B8	0x4	Tools/t_util.cpp	local	lbl_Tools_rodata_63B8	lbl_Tools_rodata_63B8
.rodata	0x000063BC	0x4	Tools/t_util.cpp	local	lbl_Tools_rodata_63BC	lbl_Tools_rodata_63BC
.rodata	0x000063C0	0x4	Tools/t_util.cpp	local	lbl_Tools_rodata_63C0	lbl_Tools_rodata_63C0
.rodata	0x000063C4	0x4	Tools/t_util.cpp	local	lbl_Tools_rodata_63C4	lbl_Tools_rodata_63C4
.rodata	0x000063C8	0x4	Tools/t_util.cpp	local	lbl_Tools_rodata_63C8	lbl_Tools_rodata_63C8
.rodata	0x000063CC	0x4	Tools/t_util.cpp	local	lbl_Tools_rodata_63CC	lbl_Tools_rodata_63CC
.rodata	0x000063D0	0x4	Tools/t_util.cpp	local	lbl_Tools_rodata_63D0	lbl_Tools_rodata_63D0
.rodata	0x000063D4	0x8	Tools/t_util.cpp	local	lbl_Tools_rodata_63D4	lbl_Tools_rodata_63D4
.rodata	0x000063DC	0x4	Tools/t_util.cpp	local	lbl_Tools_rodata_63DC	lbl_Tools_rodata_63DC
.rodata	0x000063E0	0x4	Tools/t_util.cpp	local	lbl_Tools_rodata_63E0	lbl_Tools_rodata_63E0
.rodata	0x000063E4	0x28	Tools/t_util.cpp	local	lbl_Tools_rodata_63E4	lbl_Tools_rodata_63E4
.rodata	0x0000640C	0x28	Tools/t_util.cpp	local	lbl_Tools_rodata_640C	lbl_Tools_rodata_640C
.rodata	0x00006434	0x38	Tools/t_util.cpp	local	lbl_Tools_rodata_6434	lbl_Tools_rodata_6434
.rodata	0x0000646C	0x28	Tools/t_util.cpp	local	lbl_Tools_rodata_646C	lbl_Tools_rodata_646C
.rodata	0x00006494	0x1C	Tools/t_util.cpp	local	lbl_Tools_rodata_6494	lbl_Tools_rodata_6494
.rodata	0x000064B0	0x18	Tools/t_vib.cpp	local	lbl_Tools_rodata_64B0	lbl_Tools_rodata_64B0
.rodata	0x000064C8	0x1C	Tools/t_vib.cpp	local	lbl_Tools_rodata_64C8	lbl_Tools_rodata_64C8
.rodata	0x000064E4	0x8	Tools/t_vib.cpp	local	lbl_Tools_rodata_64E4	lbl_Tools_rodata_64E4
.rodata	0x000064EC	0x24	Tools/t_vib.cpp	local	lbl_Tools_rodata_64EC	lbl_Tools_rodata_64EC
.rodata	0x00006510	0x1C	Tools/t_vib.cpp	local	lbl_Tools_rodata_6510	lbl_Tools_rodata_6510
.rodata	0x0000652C	0x8	Tools/t_vib.cpp	local	lbl_Tools_rodata_652C	lbl_Tools_rodata_652C
.rodata	0x00006534	0x24	Tools/t_vib.cpp	local	lbl_Tools_rodata_6534	lbl_Tools_rodata_6534
.rodata	0x00006558	0x14	Tools/t_vib.cpp	local	lbl_Tools_rodata_6558	lbl_Tools_rodata_6558
.rodata	0x0000656C	0x14	Tools/t_vib.cpp	local	lbl_Tools_rodata_656C	lbl_Tools_rodata_656C
.rodata	0x00006580	0x14	Tools/t_vib.cpp	local	lbl_Tools_rodata_6580	lbl_Tools_rodata_6580
.rodata	0x00006594	0x8	Tools/t_vib.cpp	local	lbl_Tools_rodata_6594	lbl_Tools_rodata_6594
.rodata	0x0000659C	0x14	Tools/t_vib.cpp	local	lbl_Tools_rodata_659C	lbl_Tools_rodata_659C
.rodata	0x000065B0	0x4	Tools/t_vib.cpp	local	lbl_Tools_rodata_65B0	lbl_Tools_rodata_65B0
.rodata	0x000065B4	0x4	Tools/t_vib.cpp	local	lbl_Tools_rodata_65B4	lbl_Tools_rodata_65B4
.rodata	0x000065B8	0x14	Tools/t_vib.cpp	local	lbl_Tools_rodata_65B8	lbl_Tools_rodata_65B8
.rodata	0x000065CC	0x14	Tools/t_vib.cpp	local	lbl_Tools_rodata_65CC	lbl_Tools_rodata_65CC
.rodata	0x000065E0	0x14	Tools/t_vib.cpp	local	lbl_Tools_rodata_65E0	lbl_Tools_rodata_65E0
.rodata	0x000065F4	0x1C	Tools/t_vib.cpp	local	lbl_Tools_rodata_65F4	lbl_Tools_rodata_65F4
.rodata	0x00006610	0x14	Tools/t_vib.cpp	local	lbl_Tools_rodata_6610	lbl_Tools_rodata_6610
.rodata	0x00006624	0x10	Tools/t_vib.cpp	local	lbl_Tools_rodata_6624	lbl_Tools_rodata_6624
.rodata	0x00006634	0x10	Tools/t_vib.cpp	local	lbl_Tools_rodata_6634	lbl_Tools_rodata_6634
.rodata	0x00006644	0x14	Tools/t_vib.cpp	local	lbl_Tools_rodata_6644	lbl_Tools_rodata_6644
.rodata	0x00006658	0xC	Tools/t_vib.cpp	local	lbl_Tools_rodata_6658	lbl_Tools_rodata_6658
.rodata	0x00006664	0xC	Tools/t_vib.cpp	local	lbl_Tools_rodata_6664	lbl_Tools_rodata_6664
.rodata	0x00006670	0x14	Tools/t_vib.cpp	local	lbl_Tools_rodata_6670	lbl_Tools_rodata_6670
.rodata	0x00006684	0x8	Tools/t_vib.cpp	local	lbl_Tools_rodata_6684	lbl_Tools_rodata_6684
.rodata	0x0000668C	0x8	Tools/t_vib.cpp	local	lbl_Tools_rodata_668C	lbl_Tools_rodata_668C
.rodata	0x00006694	0x18	Tools/t_vib.cpp	local	lbl_Tools_rodata_6694	lbl_Tools_rodata_6694
.rodata	0x000066AC	0xC	Tools/t_vib.cpp	local	lbl_Tools_rodata_66AC	lbl_Tools_rodata_66AC
.rodata	0x000066B8	0x14	Tools/t_vib.cpp	local	lbl_Tools_rodata_66B8	lbl_Tools_rodata_66B8
.rodata	0x000066CC	0x18	Tools/t_vib.cpp	local	lbl_Tools_rodata_66CC	lbl_Tools_rodata_66CC
.rodata	0x000066E4	0x14	Tools/t_vib.cpp	local	lbl_Tools_rodata_66E4	lbl_Tools_rodata_66E4
.rodata	0x000066F8	0x14	Tools/t_vib.cpp	local	lbl_Tools_rodata_66F8	lbl_Tools_rodata_66F8
.rodata	0x0000670C	0x18	Tools/t_vib.cpp	local	lbl_Tools_rodata_670C	lbl_Tools_rodata_670C
.rodata	0x00006724	0x18	Tools/t_vib.cpp	local	lbl_Tools_rodata_6724	lbl_Tools_rodata_6724
.rodata	0x0000673C	0x10	Tools/t_vib.cpp	local	lbl_Tools_rodata_673C	lbl_Tools_rodata_673C
.rodata	0x0000674C	0x10	Tools/t_vib.cpp	local	lbl_Tools_rodata_674C	lbl_Tools_rodata_674C
.rodata	0x0000675C	0x1C	Tools/t_vib.cpp	local	lbl_Tools_rodata_675C	lbl_Tools_rodata_675C
.rodata	0x00006778	0x10	Tools/t_vib.cpp	local	lbl_Tools_rodata_6778	lbl_Tools_rodata_6778
.rodata	0x00006788	0x34	Tools/t_vib.cpp	local	lbl_Tools_rodata_6788	lbl_Tools_rodata_6788
.rodata	0x000067BC	0x4	Tools/t_vib.cpp	local	lbl_Tools_rodata_67BC	lbl_Tools_rodata_67BC
.rodata	0x000067C0	0x8	Tools/t_vib.cpp	local	lbl_Tools_rodata_67C0	lbl_Tools_rodata_67C0
.rodata	0x000067C8	0x8	Tools/t_vib.cpp	local	lbl_Tools_rodata_67C8	lbl_Tools_rodata_67C8
.rodata	0x000067D0	0x14	Tools/t_vib.cpp	local	lbl_Tools_rodata_67D0	lbl_Tools_rodata_67D0
.rodata	0x000067E4	0x14	Tools/t_vib.cpp	local	lbl_Tools_rodata_67E4	lbl_Tools_rodata_67E4
.rodata	0x000067F8	0x20	Tools/t_vib.cpp	local	lbl_Tools_rodata_67F8	lbl_Tools_rodata_67F8
.rodata	0x00006818	0xC	Tools/tools.cpp	local	lbl_Tools_rodata_6818	lbl_Tools_rodata_6818
.rodata	0x00006824	0xC	Tools/tools.cpp	local	lbl_Tools_rodata_6824	lbl_Tools_rodata_6824
.rodata	0x00006830	0x10	Tools/tools.cpp	local	lbl_Tools_rodata_6830	lbl_Tools_rodata_6830
.rodata	0x00006840	0x10	Tools/tools.cpp	local	lbl_Tools_rodata_6840	lbl_Tools_rodata_6840
.rodata	0x00006850	0x9C	Tools/tools.cpp	local	lbl_Tools_rodata_6850	lbl_Tools_rodata_6850
.rodata	0x000068EC	0x28	Tools/tools.cpp	local	lbl_Tools_rodata_68EC	lbl_Tools_rodata_68EC
.rodata	0x00006914	0x28	Tools/tools.cpp	local	lbl_Tools_rodata_6914	lbl_Tools_rodata_6914
.rodata	0x0000693C	0x38	Tools/tools.cpp	local	lbl_Tools_rodata_693C	lbl_Tools_rodata_693C
.rodata	0x00006974	0x28	Tools/tools.cpp	local	lbl_Tools_rodata_6974	lbl_Tools_rodata_6974
.rodata	0x0000699C	0x1C	Tools/tools.cpp	local	lbl_Tools_rodata_699C	lbl_Tools_rodata_699C
.data	0x00000000	0x28	Tools/db_light.cpp	global	lbl_Tools_data_0	lbl_Tools_data_0
.data	0x00000028	0x40	Tools/db_light.cpp	local	lbl_Tools_data_28	lbl_Tools_data_28
.data	0x00000068	0x40	Tools/db_light.cpp	local	lbl_Tools_data_68	lbl_Tools_data_68
.data	0x000000A8	0x40	Tools/db_light.cpp	local	lbl_Tools_data_A8	lbl_Tools_data_A8
.data	0x000000E8	0x40	Tools/db_light.cpp	local	lbl_Tools_data_E8	lbl_Tools_data_E8
.data	0x00000128	0x40	Tools/db_light.cpp	local	lbl_Tools_data_128	lbl_Tools_data_128
.data	0x00000168	0x40	Tools/db_light.cpp	local	lbl_Tools_data_168	lbl_Tools_data_168
.data	0x000001A8	0xC	Tools/db_light.cpp	local	lbl_Tools_data_1A8	lbl_Tools_data_1A8
.data	0x000001B4	0x14	Tools/db_light.cpp	local	lbl_Tools_data_1B4	lbl_Tools_data_1B4
.data	0x000001C8	0x14	Tools/db_light.cpp	local	lbl_Tools_data_1C8	lbl_Tools_data_1C8
.data	0x000001DC	0x4	Tools/db_light.cpp	local	lbl_Tools_data_1DC	lbl_Tools_data_1DC
.data	0x000001E0	0x4	Tools/db_light.cpp	local	lbl_Tools_data_1E0	lbl_Tools_data_1E0
.data	0x000001E4	0x4	Tools/db_light.cpp	local	lbl_Tools_data_1E4	lbl_Tools_data_1E4
.data	0x000001E8	0x4	Tools/db_light.cpp	local	lbl_Tools_data_1E8	lbl_Tools_data_1E8
.data	0x000001EC	0x4	Tools/db_light.cpp	local	lbl_Tools_data_1EC	lbl_Tools_data_1EC
.data	0x000001F0	0x4	Tools/db_light.cpp	local	lbl_Tools_data_1F0	lbl_Tools_data_1F0
.data	0x000001F4	0x4	Tools/db_light.cpp	local	lbl_Tools_data_1F4	lbl_Tools_data_1F4
.data	0x000001F8	0x4	Tools/db_light.cpp	local	lbl_Tools_data_1F8	lbl_Tools_data_1F8
.data	0x000001FC	0x1C	Tools/db_light.cpp	local	lbl_Tools_data_1FC	lbl_Tools_data_1FC
.data	0x00000218	0x18	Tools/db_light.cpp	local	lbl_Tools_data_218	lbl_Tools_data_218
.data	0x00000230	0x34	Tools/db_light.cpp	local	lbl_Tools_data_230	lbl_Tools_data_230
.data	0x00000264	0x30	Tools/db_light.cpp	local	lbl_Tools_data_264	lbl_Tools_data_264
.data	0x00000294	0x10	Tools/db_light.cpp	local	lbl_Tools_data_294	lbl_Tools_data_294
.data	0x000002A4	0x8	Tools/db_light.cpp	local	lbl_Tools_data_2A4	lbl_Tools_data_2A4
.data	0x000002AC	0x18	Tools/db_light.cpp	local	lbl_Tools_data_2AC	lbl_Tools_data_2AC
.data	0x000002C4	0xA0	Tools/db_light.cpp	local	lbl_Tools_data_2C4	lbl_Tools_data_2C4
.data	0x00000364	0x60	Tools/db_light.cpp	local	lbl_Tools_data_364	lbl_Tools_data_364
.data	0x000003C4	0x28	Tools/db_light.cpp	local	lbl_Tools_data_3C4	lbl_Tools_data_3C4
.data	0x000003EC	0x28	Tools/db_light.cpp	local	lbl_Tools_data_3EC	lbl_Tools_data_3EC
.data	0x00000414	0x18	Tools/db_light.cpp	local	lbl_Tools_data_414	lbl_Tools_data_414
.data	0x0000042C	0x8	Tools/db_light.cpp	local	lbl_Tools_data_42C	lbl_Tools_data_42C
.data	0x00000434	0x4	Tools/db_light.cpp	local	lbl_Tools_data_434	lbl_Tools_data_434
.data	0x00000438	0x40	Tools/db_light.cpp	local	lbl_Tools_data_438	lbl_Tools_data_438
.data	0x00000478	0xC	Tools/db_light.cpp	local	lbl_Tools_data_478	lbl_Tools_data_478
.data	0x00000484	0x10	Tools/db_light.cpp	local	lbl_Tools_data_484	lbl_Tools_data_484
.data	0x00000494	0x4	Tools/db_light.cpp	local	lbl_Tools_data_494	lbl_Tools_data_494
.data	0x00000498	0x4	Tools/db_light.cpp	local	lbl_Tools_data_498	lbl_Tools_data_498
.data	0x0000049C	0x4	Tools/db_light.cpp	local	lbl_Tools_data_49C	lbl_Tools_data_49C
.data	0x000004A0	0x4	Tools/db_light.cpp	local	lbl_Tools_data_4A0	lbl_Tools_data_4A0
.data	0x000004A4	0x4	Tools/db_light.cpp	local	lbl_Tools_data_4A4	lbl_Tools_data_4A4
.data	0x000004A8	0x4	Tools/db_light.cpp	local	lbl_Tools_data_4A8	lbl_Tools_data_4A8
.data	0x000004AC	0x10	Tools/db_light.cpp	local	lbl_Tools_data_4AC	lbl_Tools_data_4AC
.data	0x000004BC	0x4	Tools/db_light.cpp	local	lbl_Tools_data_4BC	lbl_Tools_data_4BC
.data	0x000004C0	0x4	Tools/db_light.cpp	local	lbl_Tools_data_4C0	lbl_Tools_data_4C0
.data	0x000004C4	0x4	Tools/db_light.cpp	local	lbl_Tools_data_4C4	lbl_Tools_data_4C4
.data	0x000004C8	0x10	Tools/db_light.cpp	local	lbl_Tools_data_4C8	lbl_Tools_data_4C8
.data	0x000004D8	0x10	Tools/db_light.cpp	local	lbl_Tools_data_4D8	lbl_Tools_data_4D8
.data	0x000004E8	0x8	Tools/db_light.cpp	local	lbl_Tools_data_4E8	lbl_Tools_data_4E8
.data	0x000004F0	0x8	Tools/db_light.cpp	local	lbl_Tools_data_4F0	lbl_Tools_data_4F0
.data	0x000004F8	0x8	Tools/db_light.cpp	local	lbl_Tools_data_4F8	lbl_Tools_data_4F8
.data	0x00000500	0x4	Tools/db_mod.cpp	local	lbl_Tools_data_500	lbl_Tools_data_500
.data	0x00000504	0x4	Tools/db_mod.cpp	local	lbl_Tools_data_504	lbl_Tools_data_504
.data	0x00000508	0x3C	Tools/db_mod.cpp	local	lbl_Tools_data_508	lbl_Tools_data_508
.data	0x00000544	0xC0	Tools/db_mod.cpp	local	lbl_Tools_data_544	lbl_Tools_data_544
.data	0x00000604	0x2	Tools/db_mod.cpp	local	lbl_Tools_data_604	lbl_Tools_data_604
.data	0x00000606	0x2	Tools/db_mod.cpp	local	lbl_Tools_data_606	lbl_Tools_data_606
.data	0x00000608	0x20	Tools/db_mod.cpp	local	lbl_Tools_data_608	lbl_Tools_data_608
.data	0x00000628	0xC	Tools/db_mod.cpp	local	lbl_Tools_data_628	lbl_Tools_data_628
.data	0x00000634	0x20	Tools/db_mod.cpp	local	lbl_Tools_data_634	lbl_Tools_data_634
.data	0x00000654	0x8	Tools/db_mod.cpp	local	lbl_Tools_data_654	lbl_Tools_data_654
.data	0x0000065C	0x14	Tools/db_mod.cpp	local	lbl_Tools_data_65C	lbl_Tools_data_65C
.data	0x00000670	0x10	Tools/db_mod.cpp	local	lbl_Tools_data_670	lbl_Tools_data_670
.data	0x00000680	0xC	Tools/db_mod.cpp	local	lbl_Tools_data_680	lbl_Tools_data_680
.data	0x0000068C	0x8	Tools/db_mod.cpp	local	lbl_Tools_data_68C	lbl_Tools_data_68C
.data	0x00000694	0x14	Tools/db_mod.cpp	local	lbl_Tools_data_694	lbl_Tools_data_694
.data	0x000006A8	0x4	Tools/db_mod.cpp	local	lbl_Tools_data_6A8	lbl_Tools_data_6A8
.data	0x000006AC	0x4	Tools/db_mod.cpp	local	lbl_Tools_data_6AC	lbl_Tools_data_6AC
.data	0x000006B0	0xC	Tools/db_mod.cpp	local	lbl_Tools_data_6B0	lbl_Tools_data_6B0
.data	0x000006BC	0x18	Tools/db_mod.cpp	local	lbl_Tools_data_6BC	lbl_Tools_data_6BC
.data	0x000006D4	0x4	Tools/db_mod.cpp	local	lbl_Tools_data_6D4	lbl_Tools_data_6D4
.data	0x000006D8	0x4	Tools/db_mod.cpp	local	lbl_Tools_data_6D8	lbl_Tools_data_6D8
.data	0x000006DC	0x4	Tools/db_mod.cpp	local	lbl_Tools_data_6DC	lbl_Tools_data_6DC
.data	0x000006E0	0x4	Tools/db_mod.cpp	local	lbl_Tools_data_6E0	lbl_Tools_data_6E0
.data	0x000006E4	0x18	Tools/db_mod.cpp	local	lbl_Tools_data_6E4	lbl_Tools_data_6E4
.data	0x000006FC	0x14	Tools/db_mod.cpp	local	lbl_Tools_data_6FC	lbl_Tools_data_6FC
.data	0x00000710	0xC	Tools/db_mod.cpp	local	lbl_Tools_data_710	lbl_Tools_data_710
.data	0x0000071C	0x4	Tools/db_mod.cpp	local	lbl_Tools_data_71C	lbl_Tools_data_71C
.data	0x00000720	0x8	Tools/db_mod.cpp	local	lbl_Tools_data_720	lbl_Tools_data_720
.data	0x00000728	0x80	Tools/t_atari.cpp	local	lbl_Tools_data_728	lbl_Tools_data_728
.data	0x000007A8	0x24	Tools/t_atari.cpp	local	lbl_Tools_data_7A8	lbl_Tools_data_7A8
.data	0x000007CC	0x20	Tools/t_atari.cpp	local	lbl_Tools_data_7CC	lbl_Tools_data_7CC
.data	0x000007EC	0x8	Tools/t_atari.cpp	local	lbl_Tools_data_7EC	lbl_Tools_data_7EC
.data	0x000007F4	0x4	Tools/t_atari.cpp	local	lbl_Tools_data_7F4	lbl_Tools_data_7F4
.data	0x000007F8	0x4	Tools/t_cons.cpp	local	lbl_Tools_data_7F8	lbl_Tools_data_7F8
.data	0x000007FC	0x4	Tools/t_cons.cpp	local	lbl_Tools_data_7FC	lbl_Tools_data_7FC
.data	0x00000800	0x4B0	Tools/t_cons.cpp	local	lbl_Tools_data_800	lbl_Tools_data_800
.data	0x00000CB0	0x14	Tools/t_cons.cpp	local	lbl_Tools_data_CB0	lbl_Tools_data_CB0
.data	0x00000CC4	0x14	Tools/t_cons.cpp	local	lbl_Tools_data_CC4	lbl_Tools_data_CC4
.data	0x00000CD8	0x18	Tools/t_dr.cpp	local	lbl_Tools_data_CD8	lbl_Tools_data_CD8
.data	0x00000CF0	0x30	Tools/t_dr.cpp	local	lbl_Tools_data_CF0	lbl_Tools_data_CF0
.data	0x00000D20	0xC	Tools/t_dr.cpp	local	lbl_Tools_data_D20	lbl_Tools_data_D20
.data	0x00000D2C	0x30	Tools/t_dr.cpp	local	lbl_Tools_data_D2C	lbl_Tools_data_D2C
.data	0x00000D5C	0x8	Tools/t_dr.cpp	local	lbl_Tools_data_D5C	lbl_Tools_data_D5C
.data	0x00000D64	0x24	Tools/t_dr.cpp	local	lbl_Tools_data_D64	lbl_Tools_data_D64
.data	0x00000D88	0x28	Tools/t_dr.cpp	local	lbl_Tools_data_D88	lbl_Tools_data_D88
.data	0x00000DB0	0x140	Tools/t_eminfo.cpp	local	lbl_Tools_data_DB0	lbl_Tools_data_DB0
.data	0x00000EF0	0xA00	Tools/t_eminfo.cpp	local	lbl_Tools_data_EF0	lbl_Tools_data_EF0
.data	0x000018F0	0x50	Tools/t_eminfo.cpp	global	lbl_Tools_data_18F0	lbl_Tools_data_18F0
.data	0x00001940	0x50	Tools/t_eminfo.cpp	local	lbl_Tools_data_1940	lbl_Tools_data_1940
.data	0x00001990	0x480	Tools/t_eminfo.cpp	local	lbl_Tools_data_1990	lbl_Tools_data_1990
.data	0x00001E10	0x8	Tools/t_eminfo.cpp	local	lbl_Tools_data_1E10	lbl_Tools_data_1E10
.data	0x00001E18	0x4	Tools/t_esp_area.cpp	local	lbl_Tools_data_1E18	lbl_Tools_data_1E18
.data	0x00001E1C	0xC	Tools/t_esp_area.cpp	local	lbl_Tools_data_1E1C	lbl_Tools_data_1E1C
.data	0x00001E28	0x4	Tools/t_esp_area.cpp	local	lbl_Tools_data_1E28	lbl_Tools_data_1E28
.data	0x00001E2C	0xC	Tools/t_esp_area.cpp	local	lbl_Tools_data_1E2C	lbl_Tools_data_1E2C
.data	0x00001E38	0x10	Tools/t_flr_at.cpp	local	lbl_Tools_data_1E38	lbl_Tools_data_1E38
.data	0x00001E48	0xC	Tools/t_flr_at.cpp	local	lbl_Tools_data_1E48	lbl_Tools_data_1E48
.data	0x00001E54	0x3	Tools/t_flr_at.cpp	local	lbl_Tools_data_1E54	lbl_Tools_data_1E54
.data	0x00001E57	0x1	Tools/t_flr_at.cpp	local	lbl_Tools_data_1E57	lbl_Tools_data_1E57
.data	0x00001E58	0x10	Tools/t_flr_at.cpp	local	lbl_Tools_data_1E58	lbl_Tools_data_1E58
.data	0x00001E68	0x3C	Tools/t_flr_at.cpp	local	lbl_Tools_data_1E68	lbl_Tools_data_1E68
.data	0x00001EA4	0x24	Tools/t_flr_at.cpp	local	lbl_Tools_data_1EA4	lbl_Tools_data_1EA4
.data	0x00001EC8	0x24	Tools/t_flr_at.cpp	local	lbl_Tools_data_1EC8	lbl_Tools_data_1EC8
.data	0x00001EEC	0x48	Tools/t_flr_at.cpp	local	lbl_Tools_data_1EEC	lbl_Tools_data_1EEC
.data	0x00001F34	0x18	Tools/t_flr_at.cpp	local	lbl_Tools_data_1F34	lbl_Tools_data_1F34
.data	0x00001F4C	0x10	Tools/t_flr_at.cpp	local	lbl_Tools_data_1F4C	lbl_Tools_data_1F4C
.data	0x00001F5C	0x60	Tools/t_flr_at.cpp	local	lbl_Tools_data_1F5C	lbl_Tools_data_1F5C
.data	0x00001FBC	0x20	Tools/t_flr_at.cpp	local	lbl_Tools_data_1FBC	lbl_Tools_data_1FBC
.data	0x00001FDC	0x24	Tools/t_flr_at.cpp	local	lbl_Tools_data_1FDC	lbl_Tools_data_1FDC
.data	0x00002000	0xC0	Tools/t_flr_at.cpp	local	lbl_Tools_data_2000	lbl_Tools_data_2000
.data	0x000020C0	0x3C	Tools/t_flr_at.cpp	local	lbl_Tools_data_20C0	lbl_Tools_data_20C0
.data	0x000020FC	0x24	Tools/t_flr_at.cpp	local	lbl_Tools_data_20FC	lbl_Tools_data_20FC
.data	0x00002120	0xC	Tools/t_flr_at.cpp	local	lbl_Tools_data_2120	lbl_Tools_data_2120
.data	0x0000212C	0x18	Tools/t_flr_at.cpp	local	lbl_Tools_data_212C	lbl_Tools_data_212C
.data	0x00002144	0xC	Tools/t_flr_at.cpp	local	lbl_Tools_data_2144	lbl_Tools_data_2144
.data	0x00002150	0x4	Tools/t_lightarea.cpp	local	lbl_Tools_data_2150	lbl_Tools_data_2150
.data	0x00002154	0xC	Tools/t_lightarea.cpp	local	lbl_Tools_data_2154	lbl_Tools_data_2154
.data	0x00002160	0x4	Tools/t_lightarea.cpp	local	lbl_Tools_data_2160	lbl_Tools_data_2160
.data	0x00002164	0xC	Tools/t_lightarea.cpp	local	lbl_Tools_data_2164	lbl_Tools_data_2164
.data	0x0000219C	0x24	Tools/t_mes.cpp	local	lbl_Tools_data_219C	lbl_Tools_data_219C
.data	0x000021C0	0x1	Tools/t_mes.cpp	local	lbl_Tools_data_21C0	lbl_Tools_data_21C0
.data	0x000021C1	0x3	Tools/t_mes.cpp	local	lbl_Tools_data_21C1	lbl_Tools_data_21C1
.data	0x000021C4	0x14	Tools/t_mes.cpp	local	lbl_Tools_data_21C4	lbl_Tools_data_21C4
.data	0x000021D8	0x10	Tools/t_mes.cpp	local	lbl_Tools_data_21D8	lbl_Tools_data_21D8
.data	0x000021E8	0x4	Tools/t_motseq.cpp	local	lbl_Tools_data_21E8	lbl_Tools_data_21E8
.data	0x000021EC	0x20	Tools/t_motseq.cpp	local	lbl_Tools_data_21EC	lbl_Tools_data_21EC
.data	0x0000220C	0x54	Tools/t_motseq.cpp	local	lbl_Tools_data_220C	lbl_Tools_data_220C
.data	0x00002260	0x4	Tools/t_mv.cpp	global	lbl_Tools_data_2260	lbl_Tools_data_2260
.data	0x00002264	0xC	Tools/t_mv.cpp	local	lbl_Tools_data_2264	lbl_Tools_data_2264
.data	0x00002270	0x8	Tools/t_mv.cpp	local	lbl_Tools_data_2270	lbl_Tools_data_2270
.data	0x00002278	0x18	Tools/t_prim.cpp	local	lbl_Tools_data_2278	lbl_Tools_data_2278
.data	0x00002290	0x4	Tools/t_prim.cpp	local	lbl_Tools_data_2290	lbl_Tools_data_2290
.data	0x00002294	0x34	Tools/t_prim.cpp	local	lbl_Tools_data_2294	lbl_Tools_data_2294
.data	0x000022C8	0x8	Tools/t_rck.cpp	local	lbl_Tools_data_22C8	lbl_Tools_data_22C8
.data	0x000022D0	0x8	Tools/t_rck.cpp	local	lbl_Tools_data_22D0	lbl_Tools_data_22D0
.data	0x000022D8	0x14	Tools/t_rck.cpp	local	lbl_Tools_data_22D8	lbl_Tools_data_22D8
.data	0x000022EC	0x14	Tools/t_rck.cpp	local	lbl_Tools_data_22EC	lbl_Tools_data_22EC
.data	0x00002300	0x14	Tools/t_rck.cpp	local	lbl_Tools_data_2300	lbl_Tools_data_2300
.data	0x00002314	0x8	Tools/t_rck.cpp	local	lbl_Tools_data_2314	lbl_Tools_data_2314
.data	0x0000231C	0x14	Tools/t_rck.cpp	local	lbl_Tools_data_231C	lbl_Tools_data_231C
.data	0x00002330	0x8	Tools/t_rck.cpp	local	lbl_Tools_data_2330	lbl_Tools_data_2330
.data	0x00002338	0x4	Tools/t_rck.cpp	local	lbl_Tools_data_2338	lbl_Tools_data_2338
.data	0x0000233C	0x4	Tools/t_rck.cpp	local	lbl_Tools_data_233C	lbl_Tools_data_233C
.data	0x00002340	0x4	Tools/t_rck.cpp	local	lbl_Tools_data_2340	lbl_Tools_data_2340
.data	0x00002344	0x4	Tools/t_rck.cpp	local	lbl_Tools_data_2344	lbl_Tools_data_2344
.data	0x00002348	0x8	Tools/t_rck.cpp	local	lbl_Tools_data_2348	lbl_Tools_data_2348
.data	0x00002350	0x54	Tools/t_sce_at.cpp	local	lbl_Tools_data_2350	lbl_Tools_data_2350
.data	0x000023A4	0x18	Tools/t_sce_at.cpp	local	lbl_Tools_data_23A4	lbl_Tools_data_23A4
.data	0x000023BC	0x24	Tools/t_sce_at.cpp	local	lbl_Tools_data_23BC	lbl_Tools_data_23BC
.data	0x000023E0	0x18	Tools/t_sce_at.cpp	local	lbl_Tools_data_23E0	lbl_Tools_data_23E0
.data	0x000023F8	0x24	Tools/t_sce_at.cpp	local	lbl_Tools_data_23F8	lbl_Tools_data_23F8
.data	0x0000241C	0x48	Tools/t_sce_at.cpp	local	lbl_Tools_data_241C	lbl_Tools_data_241C
.data	0x00002464	0x24	Tools/t_sce_at.cpp	local	lbl_Tools_data_2464	lbl_Tools_data_2464
.data	0x00002488	0x10	Tools/t_sce_at.cpp	local	lbl_Tools_data_2488	lbl_Tools_data_2488
.data	0x00002498	0x24	Tools/t_sce_at.cpp	local	lbl_Tools_data_2498	lbl_Tools_data_2498
.data	0x000024BC	0x40	Tools/t_sce_at.cpp	local	lbl_Tools_data_24BC	lbl_Tools_data_24BC
.data	0x000024FC	0x60	Tools/t_sce_at.cpp	local	lbl_Tools_data_24FC	lbl_Tools_data_24FC
.data	0x0000255C	0xFC	Tools/t_sce_at.cpp	local	lbl_Tools_data_255C	lbl_Tools_data_255C
.data	0x00002658	0xC	Tools/t_sce_at.cpp	local	lbl_Tools_data_2658	lbl_Tools_data_2658
.data	0x00002664	0xC	Tools/t_sce_at.cpp	local	lbl_Tools_data_2664	lbl_Tools_data_2664
.data	0x00002670	0x9C	Tools/t_sce_at.cpp	local	lbl_Tools_data_2670	lbl_Tools_data_2670
.data	0x0000270C	0x84	Tools/t_sce_at.cpp	local	lbl_Tools_data_270C	lbl_Tools_data_270C
.data	0x00002790	0xC	Tools/t_sce_at.cpp	local	lbl_Tools_data_2790	lbl_Tools_data_2790
.data	0x0000279C	0x84	Tools/t_sce_at.cpp	local	lbl_Tools_data_279C	lbl_Tools_data_279C
.data	0x00002820	0x78	Tools/t_sce_at.cpp	local	lbl_Tools_data_2820	lbl_Tools_data_2820
.data	0x00002898	0xA8	Tools/t_sce_at.cpp	local	lbl_Tools_data_2898	lbl_Tools_data_2898
.data	0x00002940	0x1C	Tools/t_sce_at.cpp	local	lbl_Tools_data_2940	lbl_Tools_data_2940
.data	0x0000295C	0x144	Tools/t_sce_at.cpp	local	lbl_Tools_data_295C	lbl_Tools_data_295C
.data	0x00002AA0	0x9C	Tools/t_sce_at.cpp	local	lbl_Tools_data_2AA0	lbl_Tools_data_2AA0
.data	0x00002B3C	0x6C	Tools/t_sce_at.cpp	local	lbl_Tools_data_2B3C	lbl_Tools_data_2B3C
.data	0x00002BA8	0x6C	Tools/t_sce_at.cpp	local	lbl_Tools_data_2BA8	lbl_Tools_data_2BA8
.data	0x00002C14	0xCC	Tools/t_sce_at.cpp	local	lbl_Tools_data_2C14	lbl_Tools_data_2C14
.data	0x00002CE0	0x6C	Tools/t_sce_at.cpp	local	lbl_Tools_data_2CE0	lbl_Tools_data_2CE0
.data	0x00002D4C	0x90	Tools/t_sce_at.cpp	local	lbl_Tools_data_2D4C	lbl_Tools_data_2D4C
.data	0x00002DDC	0x9C	Tools/t_sce_at.cpp	local	lbl_Tools_data_2DDC	lbl_Tools_data_2DDC
.data	0x00002E78	0x24	Tools/t_sce_at.cpp	local	lbl_Tools_data_2E78	lbl_Tools_data_2E78
.data	0x00002E9C	0x24	Tools/t_sce_at.cpp	local	lbl_Tools_data_2E9C	lbl_Tools_data_2E9C
.data	0x00002EC0	0x8	Tools/t_tplview.cpp	local	lbl_Tools_data_2EC0	lbl_Tools_data_2EC0
.data	0x00002EC8	0x4	Tools/t_util.cpp	local	lbl_Tools_data_2EC8	lbl_Tools_data_2EC8
.data	0x00002ECC	0x1	Tools/t_util.cpp	local	lbl_Tools_data_2ECC	lbl_Tools_data_2ECC
.data	0x00002ECD	0x3	Tools/t_util.cpp	local	lbl_Tools_data_2ECD	lbl_Tools_data_2ECD
.data	0x00002ED0	0x4	Tools/t_vib.cpp	local	lbl_Tools_data_2ED0	lbl_Tools_data_2ED0
.data	0x00002ED4	0x24	Tools/t_vib.cpp	local	lbl_Tools_data_2ED4	lbl_Tools_data_2ED4
.data	0x00002EF8	0x50	Tools/t_vib.cpp	local	lbl_Tools_data_2EF8	lbl_Tools_data_2EF8
.data	0x00002F48	0x2	Tools/t_vib.cpp	local	lbl_Tools_data_2F48	lbl_Tools_data_2F48
.data	0x00002F4A	0x2	Tools/t_vib.cpp	local	lbl_Tools_data_2F4A	lbl_Tools_data_2F4A
.data	0x00002F4C	0x2	Tools/t_vib.cpp	local	lbl_Tools_data_2F4C	lbl_Tools_data_2F4C
.data	0x00002F4E	0x2	Tools/t_vib.cpp	local	lbl_Tools_data_2F4E	lbl_Tools_data_2F4E
.data	0x00002F50	0x2	Tools/t_vib.cpp	local	lbl_Tools_data_2F50	lbl_Tools_data_2F50
.data	0x00002F52	0x2	Tools/t_vib.cpp	local	lbl_Tools_data_2F52	lbl_Tools_data_2F52
.data	0x00002F54	0x4	Tools/t_vib.cpp	local	lbl_Tools_data_2F54	lbl_Tools_data_2F54
.bss	0x00000000	0xC	Tools/db_light.cpp	global	lbl_Tools_bss_0	lbl_Tools_bss_0
.bss	0x0000000C	0xC	Tools/db_light.cpp	local	lbl_Tools_bss_C	lbl_Tools_bss_C
.bss	0x00000018	0x4	Tools/db_light.cpp	local	lbl_Tools_bss_18	lbl_Tools_bss_18
.bss	0x0000001C	0xC	Tools/db_light.cpp	local	lbl_Tools_bss_1C	lbl_Tools_bss_1C
.bss	0x00000028	0x3	Tools/db_light.cpp	local	lbl_Tools_bss_28	lbl_Tools_bss_28
.bss	0x0000002B	0x1	Tools/db_light.cpp	local	lbl_Tools_bss_2B	lbl_Tools_bss_2B
.bss	0x0000002C	0x4	Tools/db_light.cpp	local	lbl_Tools_bss_2C	lbl_Tools_bss_2C
.bss	0x00000030	0x20	Tools/db_light.cpp	local	lbl_Tools_bss_30	lbl_Tools_bss_30
.bss	0x00000050	0x8	Tools/db_light.cpp	local	lbl_Tools_bss_50	lbl_Tools_bss_50
.bss	0x00000058	0x3	Tools/db_light.cpp	local	lbl_Tools_bss_58	lbl_Tools_bss_58
.bss	0x0000005B	0x1	Tools/db_light.cpp	local	lbl_Tools_bss_5B	lbl_Tools_bss_5B
.bss	0x0000005C	0x4	Tools/db_light.cpp	local	lbl_Tools_bss_5C	lbl_Tools_bss_5C
.bss	0x00000060	0x20	Tools/db_light.cpp	local	lbl_Tools_bss_60	lbl_Tools_bss_60
.bss	0x00000080	0x8	Tools/db_light.cpp	local	lbl_Tools_bss_80	lbl_Tools_bss_80
.bss	0x00000088	0x4	Tools/db_light.cpp	local	lbl_Tools_bss_88	lbl_Tools_bss_88
.bss	0x0000008C	0x4	Tools/db_light.cpp	local	lbl_Tools_bss_8C	lbl_Tools_bss_8C
.bss	0x00000090	0x4	Tools/db_light.cpp	local	lbl_Tools_bss_90	lbl_Tools_bss_90
.bss	0x00000094	0x4	Tools/db_light.cpp	local	lbl_Tools_bss_94	lbl_Tools_bss_94
.bss	0x00000098	0x4	Tools/db_light.cpp	local	lbl_Tools_bss_98	lbl_Tools_bss_98
.bss	0x0000009C	0x4	Tools/db_light.cpp	local	lbl_Tools_bss_9C	lbl_Tools_bss_9C
.bss	0x000000A0	0x4	Tools/db_light.cpp	local	lbl_Tools_bss_A0	lbl_Tools_bss_A0
.bss	0x000000A4	0x4	Tools/db_light.cpp	local	lbl_Tools_bss_A4	lbl_Tools_bss_A4
.bss	0x000000A8	0x4	Tools/db_light.cpp	local	lbl_Tools_bss_A8	lbl_Tools_bss_A8
.bss	0x000000AC	0x1	Tools/db_mod.cpp	local	lbl_Tools_bss_AC	lbl_Tools_bss_AC
.bss	0x000000AD	0x3	Tools/db_mod.cpp	local	lbl_Tools_bss_AD	lbl_Tools_bss_AD
.bss	0x000000B0	0x4	Tools/db_mod.cpp	local	lbl_Tools_bss_B0	lbl_Tools_bss_B0
.bss	0x000000B4	0x4	Tools/db_mod.cpp	local	lbl_Tools_bss_B4	lbl_Tools_bss_B4
.bss	0x000000B8	0x20	Tools/db_mod.cpp	local	lbl_Tools_bss_B8	lbl_Tools_bss_B8
.bss	0x000000D8	0x10	Tools/db_mod.cpp	local	lbl_Tools_bss_D8	lbl_Tools_bss_D8
.bss	0x000000E8	0x9D500	Tools/db_mod.cpp	global	lbl_Tools_bss_E8	lbl_Tools_bss_E8
.bss	0x0009D5E8	0x9D500	Tools/db_mod.cpp	global	lbl_Tools_bss_9D5E8	lbl_Tools_bss_9D5E8
.bss	0x0013AAE8	0x4	Tools/db_mod.cpp	global	lbl_Tools_bss_13AAE8	lbl_Tools_bss_13AAE8
.bss	0x0013AAEC	0x4	Tools/db_mod.cpp	global	lbl_Tools_bss_13AAEC	lbl_Tools_bss_13AAEC
.bss	0x0013AAF0	0xC	Tools/t_atari.cpp	local	lbl_Tools_bss_13AAF0	lbl_Tools_bss_13AAF0
.bss	0x0013AAFC	0x18	Tools/t_atari.cpp	local	lbl_Tools_bss_13AAFC	lbl_Tools_bss_13AAFC
.bss	0x0013AB14	0x780	Tools/t_atari.cpp	local	lbl_Tools_bss_13AB14	lbl_Tools_bss_13AB14
.bss	0x0013B294	0x780	Tools/t_atari.cpp	local	lbl_Tools_bss_13B294	lbl_Tools_bss_13B294
.bss	0x0013BA14	0x538	Tools/t_atari.cpp	local	lbl_Tools_bss_13BA14	lbl_Tools_bss_13BA14
.bss	0x0013BF4C	0x860	Tools/t_cons.cpp	local	lbl_Tools_bss_13BF4C	lbl_Tools_bss_13BF4C
.bss	0x0013C7AC	0x4	Tools/t_cons.cpp	local	lbl_Tools_bss_13C7AC	lbl_Tools_bss_13C7AC
.bss	0x0013C7B0	0x4	Tools/t_dr.cpp	local	lbl_Tools_bss_13C7B0	lbl_Tools_bss_13C7B0
.bss	0x0013C7B4	0x4	Tools/t_eminfo.cpp	local	lbl_Tools_bss_13C7B4	lbl_Tools_bss_13C7B4
.bss	0x0013C7B8	0x4	Tools/t_eminfo.cpp	local	lbl_Tools_bss_13C7B8	lbl_Tools_bss_13C7B8
.bss	0x0013C7BC	0x1300	Tools/t_esp_area.cpp	local	lbl_Tools_bss_13C7BC	lbl_Tools_bss_13C7BC
.bss	0x0013DABC	0x2	Tools/t_flr_at.cpp	local	lbl_Tools_bss_13DABC	lbl_Tools_bss_13DABC
.bss	0x0013DABE	0x2	Tools/t_flr_at.cpp	local	lbl_Tools_bss_13DABE	lbl_Tools_bss_13DABE
.bss	0x0013DAC0	0x4	Tools/t_flr_at.cpp	local	lbl_Tools_bss_13DAC0	lbl_Tools_bss_13DAC0
.bss	0x0013DAC4	0x4	Tools/t_flr_at.cpp	local	lbl_Tools_bss_13DAC4	lbl_Tools_bss_13DAC4
.bss	0x0013DAC8	0x4	Tools/t_lightarea.cpp	local	lbl_Tools_bss_13DAC8	lbl_Tools_bss_13DAC8
.bss	0x0013DACC	0x4	Tools/t_lightarea.cpp	local	lbl_Tools_bss_13DACC	lbl_Tools_bss_13DACC
.bss	0x0013DAD0	0x30	Tools/t_mv.cpp	global	lbl_Tools_bss_13DAD0	lbl_Tools_bss_13DAD0
.bss	0x0013DB00	0x10	Tools/t_prim.cpp	local	lbl_Tools_bss_13DB00	lbl_Tools_bss_13DB00
.bss	0x0013DB10	0x4	Tools/t_prim.cpp	local	lbl_Tools_bss_13DB10	lbl_Tools_bss_13DB10
.bss	0x0013DB14	0x12C	Tools/t_prim.cpp	local	lbl_Tools_bss_13DB14	lbl_Tools_bss_13DB14
.bss	0x0013DC40	0x4	Tools/t_rck.cpp	local	lbl_Tools_bss_13DC40	lbl_Tools_bss_13DC40
.bss	0x0013DC44	0x4	Tools/t_rck.cpp	local	lbl_Tools_bss_13DC44	lbl_Tools_bss_13DC44
.bss	0x0013DC48	0x4	Tools/t_sce_at.cpp	local	lbl_Tools_bss_13DC48	lbl_Tools_bss_13DC48
.bss	0x0013DC4C	0x4	Tools/t_sce_at.cpp	local	lbl_Tools_bss_13DC4C	lbl_Tools_bss_13DC4C
.bss	0x0013DC50	0x4	Tools/t_tplview.cpp	local	lbl_Tools_bss_13DC50	lbl_Tools_bss_13DC50
.bss	0x0013DC54	0x28	Tools/t_tplview.cpp	global	lbl_Tools_bss_13DC54	lbl_Tools_bss_13DC54
.bss	0x0013DC7C	0xF8	Tools/t_util.cpp	local	lbl_Tools_bss_13DC7C	lbl_Tools_bss_13DC7C
.bss	0x0013DD74	0x10	Tools/t_util.cpp	global	lbl_Tools_bss_13DD74	lbl_Tools_bss_13DD74
.bss	0x0013DD84	0x4	Tools/t_util.cpp	global	lbl_Tools_bss_13DD84	lbl_Tools_bss_13DD84
.bss	0x0013DD88	0x4	Tools/t_util.cpp	global	lbl_Tools_bss_13DD88	lbl_Tools_bss_13DD88
.bss	0x0013DD8C	0x4	Tools/t_util.cpp	global	lbl_Tools_bss_13DD8C	lbl_Tools_bss_13DD8C
.bss	0x0013DD90	0x10	Tools/t_util.cpp	global	lbl_Tools_bss_13DD90	lbl_Tools_bss_13DD90
.bss	0x0013DDA0	0x34	Tools/db_light.cpp	global	common_Tools	common_Tools
