section	offset	size	unit	scope	name	demangled
.text	0x00000000	0x24	Sscrn/ss_cap.cpp	global	init__9SsCapInitP10SUB_SCREEN	SsCapInit::init
.text	0x00000024	0x254	Sscrn/ss_cap.cpp	global	move__9SsCapInitP10SUB_SCREEN	SsCapInit::move
.text	0x00000278	0x284	Sscrn/ss_cap.cpp	global	init__9SsCapMainP10SUB_SCREEN	SsCapMain::init
.text	0x000004FC	0x19C	Sscrn/ss_cap.cpp	global	move__9SsCapMainP10SUB_SCREEN	SsCapMain::move
.text	0x00000698	0xB4	Sscrn/ss_cap.cpp	global	quit__9SsCapMainP10SUB_SCREEN	SsCapMain::quit
.text	0x0000074C	0x48	Sscrn/ss_cap.cpp	local	sscrn_cap_out_init__FP10SUB_SCREEN	sscrn_cap_out_init
.text	0x00000794	0x94	Sscrn/ss_cap.cpp	local	sscrn_cap_out__FP10SUB_SCREEN	sscrn_cap_out
.text	0x00000828	0x100	Sscrn/ss_cap.cpp	global	dispCapList	dispCapList
.text	0x00000928	0x4	Sscrn/ss_cap.cpp	global	init__9CapSelectP10SUB_SCREEN	CapSelect::init
.text	0x0000092C	0x330	Sscrn/ss_cap.cpp	global	move__9CapSelectP10SUB_SCREEN	CapSelect::move
.text	0x00000C5C	0x4	Sscrn/ss_cap.cpp	global	quit__9CapSelectP10SUB_SCREEN	CapSelect::quit
.text	0x00000C60	0xBC	Sscrn/ss_cap.cpp	global	countActiveWork__t8cManager1Z6cLight	cManager<cLight>::countActiveWork
.text	0x00000D1C	0x158	Sscrn/ss_cap.cpp	global	create__t8cManager1Z6cLighti	cManager<cLight>::create
.text	0x00000E74	0x50	Sscrn/ss_cap.cpp	global	_._t6Widget1Z10SUB_SCREEN	Widget<SUB_SCREEN>::~Widget
.text	0x00000EC4	0x50	Sscrn/ss_cap.cpp	global	_._9SsCapInit	SsCapInit::~SsCapInit
.text	0x00000F14	0x50	Sscrn/ss_cap.cpp	global	_._9SsCapMain	SsCapMain::~SsCapMain
.text	0x00000F64	0x50	Sscrn/ss_cap.cpp	global	_._9CapSelect	CapSelect::~CapSelect
.text	0x00000FB4	0x4	Sscrn/ss_cap.cpp	global	quit__t6Widget1Z10SUB_SCREENP10SUB_SCREEN	Widget<SUB_SCREEN>::quit
.text	0x00000FB8	0x4	Sscrn/ss_cap.cpp	global	init__t6Widget1Z10SUB_SCREENP10SUB_SCREEN	Widget<SUB_SCREEN>::init
.text	0x00000FBC	0x4	Sscrn/ss_cap.cpp	global	move__t6Widget1Z10SUB_SCREENP10SUB_SCREEN	Widget<SUB_SCREEN>::move
.text	0x00000FC0	0x4C4	Sscrn/ss_debug.cpp	global	SscrnDebugMenu	SscrnDebugMenu
.text	0x00001484	0x80	Sscrn/ss_debug.cpp	global	init__9ssDbgPzzlP10SUB_SCREEN	ssDbgPzzl::init
.text	0x00001504	0x2C	Sscrn/ss_debug.cpp	global	quit__9ssDbgPzzl	ssDbgPzzl::quit
.text	0x00001530	0xAAC	Sscrn/ss_debug.cpp	global	move__9ssDbgPzzlP10SUB_SCREEN	ssDbgPzzl::move
.text	0x00001FDC	0x3B8	Sscrn/ss_debug.cpp	global	fn_Sscrn_1FDC	.
.text	0x00002394	0xC0	Sscrn/ss_debug.cpp	global	dispWorkNum__t8cManager1Z6cPartsiiii	cManager<cParts>::dispWorkNum
.text	0x00002454	0xC0	Sscrn/ss_debug.cpp	global	dispWorkNum__t8cManager1Z10cModelInfoiiii	cManager<cModelInfo>::dispWorkNum
.text	0x00002514	0x40	Sscrn/ss_file.cpp	global	getMsgNum	getMsgNum
.text	0x00002554	0x4C	Sscrn/ss_file.cpp	global	getMsgAttr	getMsgAttr
.text	0x000025A0	0xF0	Sscrn/ss_file.cpp	global	getTplName	getTplName
.text	0x00002690	0x18C	Sscrn/ss_file.cpp	global	setLogMesAddr	setLogMesAddr
.text	0x0000281C	0x20	Sscrn/ss_file.cpp	global	fileCameraInit	fileCameraInit
.text	0x0000283C	0x24	Sscrn/ss_file.cpp	global	init__10SsFileInitP10SUB_SCREEN	SsFileInit::init
.text	0x00002860	0x2CC	Sscrn/ss_file.cpp	global	move__10SsFileInitP10SUB_SCREEN	SsFileInit::move
.text	0x00002B2C	0x44	Sscrn/ss_file.cpp	global	fileId2No	fileId2No
.text	0x00002B70	0x44	Sscrn/ss_file.cpp	global	fileNo2Id	fileNo2Id
.text	0x00002BB4	0x44	Sscrn/ss_file.cpp	global	fileNo	fileNo
.text	0x00002BF8	0x538	Sscrn/ss_file.cpp	global	init__10SsFileMainP10SUB_SCREEN	SsFileMain::init
.text	0x00003130	0x3A8	Sscrn/ss_file.cpp	global	move__10SsFileMainP10SUB_SCREEN	SsFileMain::move
.text	0x000034D8	0xA0	Sscrn/ss_file.cpp	global	quit__10SsFileMainP10SUB_SCREEN	SsFileMain::quit
.text	0x00003578	0x68	Sscrn/ss_file.cpp	global	sscrn_file_out_init	sscrn_file_out_init
.text	0x000035E0	0x44	Sscrn/ss_file.cpp	local	sscrn_file_out__FP10SUB_SCREEN	sscrn_file_out
.text	0x00003624	0x4D4	Sscrn/ss_file.cpp	global	dispFileList	dispFileList
.text	0x00003AF8	0x4	Sscrn/ss_file.cpp	global	init__10FileSelectP10SUB_SCREEN	FileSelect::init
.text	0x00003AFC	0x564	Sscrn/ss_file.cpp	global	move__10FileSelectP10SUB_SCREEN	FileSelect::move
.text	0x00004060	0x4	Sscrn/ss_file.cpp	global	quit__10FileSelectP10SUB_SCREEN	FileSelect::quit
.text	0x00004064	0x24C	Sscrn/ss_file.cpp	global	init__14MessageDisplayP10SUB_SCREEN	MessageDisplay::init
.text	0x000042B0	0x704	Sscrn/ss_file.cpp	global	move__14MessageDisplayP10SUB_SCREEN	MessageDisplay::move
.text	0x000049B4	0xA4	Sscrn/ss_file.cpp	global	quit__14MessageDisplayP10SUB_SCREEN	MessageDisplay::quit
.text	0x00004A58	0x408	Sscrn/ss_file.cpp	global	fn_Sscrn_4A58	.
.text	0x00004E60	0x50	Sscrn/ss_file.cpp	global	_._10SsFileInit	SsFileInit::~SsFileInit
.text	0x00004EB0	0x50	Sscrn/ss_file.cpp	global	_._10SsFileMain	SsFileMain::~SsFileMain
.text	0x00004F00	0x50	Sscrn/ss_file.cpp	global	_._10FileSelect	FileSelect::~FileSelect
.text	0x00004F50	0x50	Sscrn/ss_file.cpp	global	_._14MessageDisplay	MessageDisplay::~MessageDisplay
.text	0x00004FA0	0xC	Sscrn/ss_file.cpp	global	fn_Sscrn_4FA0	.
.text	0x00004FAC	0x154	Sscrn/ss_item.cpp	global	itemNameDisp	itemNameDisp
.text	0x00005100	0x20	Sscrn/ss_item.cpp	global	itemCameraInit	itemCameraInit
.text	0x00005120	0x24	Sscrn/ss_item.cpp	global	init__10SsItemInitP10SUB_SCREEN	SsItemInit::init
.text	0x00005144	0x2CC	Sscrn/ss_item.cpp	global	move__10SsItemInitP10SUB_SCREEN	SsItemInit::move
.text	0x00005410	0x7F4	Sscrn/ss_item.cpp	global	init__10SsItemMainP10SUB_SCREEN	SsItemMain::init
.text	0x00005C04	0x694	Sscrn/ss_item.cpp	global	move__10SsItemMainP10SUB_SCREEN	SsItemMain::move
.text	0x00006298	0xE8	Sscrn/ss_item.cpp	global	quit__10SsItemMainP10SUB_SCREEN	SsItemMain::quit
.text	0x00006380	0x238	Sscrn/ss_item.cpp	global	sscrn_item_out_init	sscrn_item_out_init
.text	0x000065B8	0x44	Sscrn/ss_item.cpp	local	sscrn_item_out__FP10SUB_SCREEN	sscrn_item_out
.text	0x000065FC	0x94	Sscrn/ss_item.cpp	global	ITEM_PTR	ITEM_PTR
.text	0x00006690	0xA0	Sscrn/ss_item.cpp	global	ITEM_AT	ITEM_AT
.text	0x00006730	0xA0	Sscrn/ss_item.cpp	global	itemTexNo	itemTexNo
.text	0x000067D0	0x124	Sscrn/ss_item.cpp	global	frameMarkNo	frameMarkNo
.text	0x000068F4	0x220	Sscrn/ss_item.cpp	global	itemFrameSet	itemFrameSet
.text	0x00006B14	0x150	Sscrn/ss_item.cpp	global	itemFrameInit	itemFrameInit
.text	0x00006C64	0x1CC	Sscrn/ss_item.cpp	global	itemFrameMove	itemFrameMove
.text	0x00006E30	0x48	Sscrn/ss_item.cpp	global	itemListMake	itemListMake
.text	0x00006E78	0x30C	Sscrn/ss_item.cpp	global	itemSelect	itemSelect
.text	0x00007184	0x54	Sscrn/ss_item.cpp	global	init__10ItemSelectP10SUB_SCREEN	ItemSelect::init
.text	0x000071D8	0x214	Sscrn/ss_item.cpp	global	move__10ItemSelectP10SUB_SCREEN	ItemSelect::move
.text	0x000073EC	0xE8	Sscrn/ss_item.cpp	global	init__11ItemCommandP10SUB_SCREEN	ItemCommand::init
.text	0x000074D4	0x97C	Sscrn/ss_item.cpp	global	move__11ItemCommandP10SUB_SCREEN	ItemCommand::move
.text	0x00007E50	0x118	Sscrn/ss_item.cpp	global	init__11ItemCombineP10SUB_SCREEN	ItemCombine::init
.text	0x00007F68	0xC0	Sscrn/ss_item.cpp	global	quit__11ItemCombineP10SUB_SCREEN	ItemCombine::quit
.text	0x00008028	0x2A8	Sscrn/ss_item.cpp	global	move__11ItemCombineP10SUB_SCREEN	ItemCombine::move
.text	0x000082D0	0x1C4	Sscrn/ss_item.cpp	global	setCommandId	setCommandId
.text	0x00008494	0xD0	Sscrn/ss_item.cpp	global	itemMakeInit	itemMakeInit
.text	0x00008564	0x31C	Sscrn/ss_item.cpp	global	itemMakeMove	itemMakeMove
.text	0x00008880	0x26C	Sscrn/ss_item.cpp	global	itemMakeDisp	itemMakeDisp
.text	0x00008AEC	0x408	Sscrn/ss_item.cpp	global	fn_Sscrn_8AEC	.
.text	0x00008EF4	0x50	Sscrn/ss_item.cpp	global	_._10SsItemInit	SsItemInit::~SsItemInit
.text	0x00008F44	0x50	Sscrn/ss_item.cpp	global	_._10SsItemMain	SsItemMain::~SsItemMain
.text	0x00008F94	0x50	Sscrn/ss_item.cpp	global	_._10ItemSelect	ItemSelect::~ItemSelect
.text	0x00008FE4	0x50	Sscrn/ss_item.cpp	global	_._11ItemCommand	ItemCommand::~ItemCommand
.text	0x00009034	0x50	Sscrn/ss_item.cpp	global	_._11ItemCombine	ItemCombine::~ItemCombine
.text	0x00009084	0xC	Sscrn/ss_item.cpp	global	fn_Sscrn_9084	.
.text	0x00009090	0x98	Sscrn/ss_item_draw.cpp	global	ss_Draw_tpl	ss_Draw_tpl
.text	0x00009128	0x3C	Sscrn/ss_item_draw.cpp	local	ss_Draw_tpl_trans	ss_Draw_tpl_trans
.text	0x00009164	0x13C	Sscrn/ss_item_draw.cpp	global	ss_Draw_tpl_local	ss_Draw_tpl_local
.text	0x000092A0	0xC4	Sscrn/ss_item_draw.cpp	global	ss_Draw_line3d	ss_Draw_line3d
.text	0x00009364	0x64	Sscrn/ss_item_draw.cpp	local	ss_Draw_line3d_trans	ss_Draw_line3d_trans
.text	0x000093C8	0x20C	Sscrn/ss_item_draw.cpp	global	ss_Draw_line3d_local	ss_Draw_line3d_local
.text	0x000095D4	0xFC	Sscrn/ss_item_draw.cpp	global	ss_Draw_tile3d	ss_Draw_tile3d
.text	0x000096D0	0x44	Sscrn/ss_item_draw.cpp	local	ss_Draw_tile3d_trans	ss_Draw_tile3d_trans
.text	0x00009714	0x264	Sscrn/ss_item_draw.cpp	global	ss_Draw_tile3d_local	ss_Draw_tile3d_local
.text	0x00009978	0x64	Sscrn/ss_main.cpp	global	_prolog	_prolog
.text	0x000099DC	0x60	Sscrn/ss_main.cpp	global	_epilog	_epilog
.text	0x00009A3C	0x58	Sscrn/ss_main.cpp	global	_unresolved	_unresolved
.text	0x00009A94	0xC8	Sscrn/ss_main.cpp	global	sscrnCameraInit	sscrnCameraInit
.text	0x00009B5C	0x60	Sscrn/ss_main.cpp	global	sscrnKey2Game	sscrnKey2Game
.text	0x00009BBC	0xC4	Sscrn/ss_main.cpp	global	dispScrollBar	dispScrollBar
.text	0x00009C80	0xB8	Sscrn/ss_main.cpp	global	generalModelAlloc	generalModelAlloc
.text	0x00009D38	0x1428	Sscrn/ss_main.cpp	global	SubScreenTask	SubScreenTask
.text	0x0000B160	0xC	Sscrn/ss_main.cpp	global	init__10SsExitInitP10SUB_SCREEN	SsExitInit::init
.text	0x0000B16C	0x180	Sscrn/ss_main.cpp	global	move__10SsExitInitP10SUB_SCREEN	SsExitInit::move
.text	0x0000B2EC	0xC	Sscrn/ss_main.cpp	global	move__10SsExitMainP10SUB_SCREEN	SsExitMain::move
.text	0x0000B2F8	0xC	Sscrn/ss_main.cpp	global	init__13SsItemExamineP10SUB_SCREEN	SsItemExamine::init
.text	0x0000B304	0x6E8	Sscrn/ss_main.cpp	global	move__13SsItemExamineP10SUB_SCREEN	SsItemExamine::move
.text	0x0000B9EC	0x2C	Sscrn/ss_main.cpp	local	sscrnModelTrans__FP6cModel	sscrnModelTrans
.text	0x0000BA18	0x20	Sscrn/ss_main.cpp	global	sscrnMainMenuInit	sscrnMainMenuInit
.text	0x0000BA38	0x18C	Sscrn/ss_main.cpp	global	sscrnMainMenu	sscrnMainMenu
.text	0x0000BBC4	0x9C	Sscrn/ss_main.cpp	global	idMainMenu	idMainMenu
.text	0x0000BC60	0x68	Sscrn/ss_main.cpp	global	idMainMenuFade	idMainMenuFade
.text	0x0000BCC8	0x150	Sscrn/ss_main.cpp	global	IdSubErase	IdSubErase
.text	0x0000BE18	0xAC	Sscrn/ss_main.cpp	global	IdNumErase	IdNumErase
.text	0x0000BEC4	0x258	Sscrn/ss_main.cpp	global	clearZbuffer	clearZbuffer
.text	0x0000C11C	0x4C	Sscrn/ss_main.cpp	global	sscrnModelClear	sscrnModelClear
.text	0x0000C168	0x90	Sscrn/ss_main.cpp	global	sscrnModelFree	sscrnModelFree
.text	0x0000C1F8	0x254	Sscrn/ss_main.cpp	global	sscrnLightClear	sscrnLightClear
.text	0x0000C44C	0x6C	Sscrn/ss_main.cpp	global	sscrnLightCreate	sscrnLightCreate
.text	0x0000C4B8	0x280	Sscrn/ss_main.cpp	global	numDisp	numDisp
.text	0x0000C738	0x7C	Sscrn/ss_main.cpp	global	weaponChangeRequest	weaponChangeRequest
.text	0x0000C7B4	0x2C	Sscrn/ss_main.cpp	global	weaponChangeReadCheck	weaponChangeReadCheck
.text	0x0000C7E0	0x1C	Sscrn/ss_main.cpp	global	weaponChangeMoveCheck	weaponChangeMoveCheck
.text	0x0000C7FC	0x3E0	Sscrn/ss_main.cpp	local	weaponChangeTask__Fv	weaponChangeTask
.text	0x0000CBDC	0x3B8	Sscrn/ss_main.cpp	global	fn_Sscrn_CBDC	.
.text	0x0000CF94	0x2C	Sscrn/ss_main.cpp	global	roomInit__t8cManager1Z10cModelInfo	cManager<cModelInfo>::roomInit
.text	0x0000CFC0	0x60	Sscrn/ss_main.cpp	global	arrayFree__t8cManager1Z10cModelInfo	cManager<cModelInfo>::arrayFree
.text	0x0000D020	0x88	Sscrn/ss_main.cpp	global	arrayAlloc__t8cManager1Z10cModelInfoUl	cManager<cModelInfo>::arrayAlloc
.text	0x0000D0A8	0x2C	Sscrn/ss_main.cpp	global	roomInit__t8cManager1Z6cParts	cManager<cParts>::roomInit
.text	0x0000D0D4	0x60	Sscrn/ss_main.cpp	global	arrayFree__t8cManager1Z6cParts	cManager<cParts>::arrayFree
.text	0x0000D134	0x88	Sscrn/ss_main.cpp	global	arrayAlloc__t8cManager1Z6cPartsUl	cManager<cParts>::arrayAlloc
.text	0x0000D1BC	0x2C	Sscrn/ss_main.cpp	global	roomInit__t8cManager1Z4cMap	cManager<cMap>::roomInit
.text	0x0000D1E8	0x60	Sscrn/ss_main.cpp	global	arrayFree__t8cManager1Z4cMap	cManager<cMap>::arrayFree
.text	0x0000D248	0x88	Sscrn/ss_main.cpp	global	arrayAlloc__t8cManager1Z4cMapUl	cManager<cMap>::arrayAlloc
.text	0x0000D2D0	0xBC	Sscrn/ss_main.cpp	global	countActiveWork__t8cManager1Z4cMap	cManager<cMap>::countActiveWork
.text	0x0000D38C	0x138	Sscrn/ss_main.cpp	global	create__t8cManager1Z4cMapiUl	cManager<cMap>::create
.text	0x0000D4C4	0x80	Sscrn/ss_main.cpp	global	destroyAll__t8cManager1Z4cMap	cManager<cMap>::destroyAll
.text	0x0000D544	0x70	Sscrn/ss_main.cpp	global	__static_initialization_and_destruction_0	__static_initialization_and_destruction_0
.text	0x0000D5B4	0x2C	Sscrn/ss_main.cpp	global	LightSetModel2	LightSetModel2
.text	0x0000D5E0	0x50	Sscrn/ss_main.cpp	global	fn_Sscrn_D5E0	.
.text	0x0000D630	0x50	Sscrn/ss_main.cpp	global	_._10SsExitInit	SsExitInit::~SsExitInit
.text	0x0000D680	0x50	Sscrn/ss_main.cpp	global	_._10SsExitMain	SsExitMain::~SsExitMain
.text	0x0000D6D0	0x50	Sscrn/ss_main.cpp	global	_._13SsItemExamine	SsItemExamine::~SsItemExamine
.text	0x0000D720	0xC	Sscrn/ss_main.cpp	global	fn_Sscrn_D720	.
.text	0x0000D72C	0x48	Sscrn/ss_main.cpp	global	log__t8cManager1Z6cPartsPCce	cManager<cParts>::log
.text	0x0000D774	0x48	Sscrn/ss_main.cpp	global	log__t8cManager1Z10cModelInfoPCce	cManager<cModelInfo>::log
.text	0x0000D7BC	0x34	Sscrn/ss_main.cpp	global	_._t8cManager1Z6cParts	cManager<cParts>::~cManager
.text	0x0000D7F0	0x34	Sscrn/ss_main.cpp	global	_._t8cManager1Z10cModelInfo	cManager<cModelInfo>::~cManager
.text	0x0000D824	0x218	Sscrn/ss_main.cpp	global	destroy__t8cManager1Z6cPartsP6cParts	cManager<cParts>::destroy
.text	0x0000DA3C	0x218	Sscrn/ss_main.cpp	global	destroy__t8cManager1Z10cModelInfoP10cModelInfo	cManager<cModelInfo>::destroy
.text	0x0000DC54	0x2C	Sscrn/ss_main.cpp	local	global_constructors_keyed_to_prolog	global constructors keyed to _prolog
.text	0x0000DC80	0x2C	Sscrn/ss_main.cpp	local	global_destructors_keyed_to_prolog	global destructors keyed to _prolog
.text	0x0000DCAC	0x58	Sscrn/ss_map.cpp	global	getStageNo	getStageNo
.text	0x0000DD04	0x23C	Sscrn/ss_map.cpp	global	getAreaNo	getAreaNo
.text	0x0000DF40	0x120	Sscrn/ss_map.cpp	global	mapInitViewport	mapInitViewport
.text	0x0000E060	0xE0	Sscrn/ss_map.cpp	global	mapChangeViewport	mapChangeViewport
.text	0x0000E140	0x40	Sscrn/ss_map.cpp	local	setViewport__FP11MapViewport	setViewport
.text	0x0000E180	0xE0	Sscrn/ss_map.cpp	global	stageNameDisp	stageNameDisp
.text	0x0000E260	0xC4	Sscrn/ss_map.cpp	global	markCharDisp	markCharDisp
.text	0x0000E324	0xDC	Sscrn/ss_map.cpp	global	markPlayerDisp	markPlayerDisp
.text	0x0000E400	0xF0	Sscrn/ss_map.cpp	global	markGoalInit	markGoalInit
.text	0x0000E4F0	0x48	Sscrn/ss_map.cpp	global	markGoalQuit	markGoalQuit
.text	0x0000E538	0x374	Sscrn/ss_map.cpp	global	markGoalPosition	markGoalPosition
.text	0x0000E8AC	0xB8	Sscrn/ss_map.cpp	global	markGoalDisp	markGoalDisp
.text	0x0000E964	0xF4	Sscrn/ss_map.cpp	global	markMerchantInit	markMerchantInit
.text	0x0000EA58	0x48	Sscrn/ss_map.cpp	global	markMerchantQuit	markMerchantQuit
.text	0x0000EAA0	0x200	Sscrn/ss_map.cpp	global	markMerchantPosition	markMerchantPosition
.text	0x0000ECA0	0x6C	Sscrn/ss_map.cpp	global	getMerchantMarkNo	getMerchantMarkNo
.text	0x0000ED0C	0x10C	Sscrn/ss_map.cpp	global	markMerchantDisp	markMerchantDisp
.text	0x0000EE18	0xFC	Sscrn/ss_map.cpp	global	markTreasureInit	markTreasureInit
.text	0x0000EF14	0x48	Sscrn/ss_map.cpp	global	markTreasureQuit	markTreasureQuit
.text	0x0000EF5C	0x54	Sscrn/ss_map.cpp	global	markTreasurePosition	markTreasurePosition
.text	0x0000EFB0	0x28C	Sscrn/ss_map.cpp	global	markTreasureExist	markTreasureExist
.text	0x0000F23C	0x1A0	Sscrn/ss_map.cpp	global	markTreasureDisp	markTreasureDisp
.text	0x0000F3DC	0xFC	Sscrn/ss_map.cpp	global	markCoinInit	markCoinInit
.text	0x0000F4D8	0x48	Sscrn/ss_map.cpp	global	markCoinQuit	markCoinQuit
.text	0x0000F520	0x54	Sscrn/ss_map.cpp	global	markCoinPosition	markCoinPosition
.text	0x0000F574	0x20	Sscrn/ss_map.cpp	global	markCoinExist	markCoinExist
.text	0x0000F594	0x328	Sscrn/ss_map.cpp	global	markCoinDisp	markCoinDisp
.text	0x0000F8BC	0xFC	Sscrn/ss_map.cpp	global	markSaveInit	markSaveInit
.text	0x0000F9B8	0x48	Sscrn/ss_map.cpp	global	markSaveQuit	markSaveQuit
.text	0x0000FA00	0x54	Sscrn/ss_map.cpp	global	markSavePosition	markSavePosition
.text	0x0000FA54	0x130	Sscrn/ss_map.cpp	global	markSaveDisp	markSaveDisp
.text	0x0000FB84	0x130	Sscrn/ss_map.cpp	global	mapPos2screenPos	mapPos2screenPos
.text	0x0000FCB4	0x6CC	Sscrn/ss_map.cpp	global	mapPositionCheck	mapPositionCheck
.text	0x00010380	0x40	Sscrn/ss_map.cpp	global	searchMapDispFlag	searchMapDispFlag
.text	0x000103C0	0x7B0	Sscrn/ss_map.cpp	global	mapColor	mapColor
.text	0x00010B70	0x10	Sscrn/ss_map.cpp	global	mapRoomNum	mapRoomNum
.text	0x00010B80	0x18	Sscrn/ss_map.cpp	global	mapBinAddr	mapBinAddr
.text	0x00010B98	0x4C	Sscrn/ss_map.cpp	global	mapHitAddr	mapHitAddr
.text	0x00010BE4	0x23C	Sscrn/ss_map.cpp	global	mapDataInit_St1	mapDataInit_St1
.text	0x00010E20	0x2CC	Sscrn/ss_map.cpp	global	mapDataInit_St2A	mapDataInit_St2A
.text	0x000110EC	0x134	Sscrn/ss_map.cpp	global	mapDataInit_St2B	mapDataInit_St2B
.text	0x00011220	0x4C	Sscrn/ss_map.cpp	global	mapDataInit_St2C	mapDataInit_St2C
.text	0x0001126C	0x34	Sscrn/ss_map.cpp	global	mapDataInit_St3A	mapDataInit_St3A
.text	0x000112A0	0x94	Sscrn/ss_map.cpp	global	mapDataInit_St3B	mapDataInit_St3B
.text	0x00011334	0xEC	Sscrn/ss_map.cpp	global	mapDataInit_St3C	mapDataInit_St3C
.text	0x00011420	0x94	Sscrn/ss_map.cpp	global	mapDataInit_St3D	mapDataInit_St3D
.text	0x000114B4	0x164	Sscrn/ss_map.cpp	global	mapDataInit_St3E	mapDataInit_St3E
.text	0x00011618	0x94	Sscrn/ss_map.cpp	global	mapDataInit_St3F	mapDataInit_St3F
.text	0x000116AC	0x34	Sscrn/ss_map.cpp	global	mapDataInit_St4A	mapDataInit_St4A
.text	0x000116E0	0x34	Sscrn/ss_map.cpp	global	mapDataInit_St4B	mapDataInit_St4B
.text	0x00011714	0x34	Sscrn/ss_map.cpp	global	mapDataInit_St4C	mapDataInit_St4C
.text	0x00011748	0x34	Sscrn/ss_map.cpp	global	mapDataInit_St4D	mapDataInit_St4D
.text	0x0001177C	0x34	Sscrn/ss_map.cpp	global	mapDataInit_St4E	mapDataInit_St4E
.text	0x000117B0	0x34	Sscrn/ss_map.cpp	global	mapDataInit_St4F	mapDataInit_St4F
.text	0x000117E4	0xEC	Sscrn/ss_map.cpp	global	mapDataInit_St4G	mapDataInit_St4G
.text	0x000118D0	0x26C	Sscrn/ss_map.cpp	global	mapTblInit	mapTblInit
.text	0x00011B3C	0x94	Sscrn/ss_map.cpp	global	mapModelAlloc	mapModelAlloc
.text	0x00011BD0	0x570	Sscrn/ss_map.cpp	global	mapModelInit	mapModelInit
.text	0x00012140	0x60	Sscrn/ss_map.cpp	global	mapModelDisp	mapModelDisp
.text	0x000121A0	0x234	Sscrn/ss_map.cpp	global	doorModelInit	doorModelInit
.text	0x000123D4	0x1F4	Sscrn/ss_map.cpp	global	doorModelDisp	doorModelDisp
.text	0x000125C8	0x60	Sscrn/ss_map.cpp	global	mapCameraInit	mapCameraInit
.text	0x00012628	0x234	Sscrn/ss_map.cpp	global	mapCameraMove	mapCameraMove
.text	0x0001285C	0x24	Sscrn/ss_map.cpp	global	zoomOutLimit	zoomOutLimit
.text	0x00012880	0xF4	Sscrn/ss_map.cpp	global	mapCameraEntire	mapCameraEntire
.text	0x00012974	0x5C	Sscrn/ss_map.cpp	global	zoomInLimit	zoomInLimit
.text	0x000129D0	0x1D0	Sscrn/ss_map.cpp	global	mapCameraZoomIn	mapCameraZoomIn
.text	0x00012BA0	0x168	Sscrn/ss_map.cpp	global	zoomMove	zoomMove
.text	0x00012D08	0x250	Sscrn/ss_map.cpp	global	mapAreaFilename	mapAreaFilename
.text	0x00012F58	0x20	Sscrn/ss_map.cpp	global	init__9SsMapInitP10SUB_SCREEN	SsMapInit::init
.text	0x00012F78	0x2E0	Sscrn/ss_map.cpp	global	move__9SsMapInitP10SUB_SCREEN	SsMapInit::move
.text	0x00013258	0xA3C	Sscrn/ss_map.cpp	global	init__9SsMapMainP10SUB_SCREEN	SsMapMain::init
.text	0x00013C94	0x50	Sscrn/ss_map.cpp	global	scf_check_merchant	scf_check_merchant
.text	0x00013CE4	0xC0	Sscrn/ss_map.cpp	global	scf_check_treasure	scf_check_treasure
.text	0x00013DA4	0x84	Sscrn/ss_map.cpp	global	scf_check_submission	scf_check_submission
.text	0x00013E28	0x28	Sscrn/ss_map.cpp	global	scf_check_typewriter	scf_check_typewriter
.text	0x00013E50	0x554	Sscrn/ss_map.cpp	global	move__9SsMapMainP10SUB_SCREEN	SsMapMain::move
.text	0x000143A4	0x16C	Sscrn/ss_map.cpp	global	quit__9SsMapMainP10SUB_SCREEN	SsMapMain::quit
.text	0x00014510	0x80	Sscrn/ss_map.cpp	global	sscrn_map_out_init	sscrn_map_out_init
.text	0x00014590	0xAC	Sscrn/ss_map.cpp	local	sscrn_map_out__FP10SUB_SCREEN	sscrn_map_out
.text	0x0001463C	0x124	Sscrn/ss_map.cpp	global	move__8MapFocusP10SUB_SCREEN	MapFocus::move
.text	0x00014760	0x1C0	Sscrn/ss_map.cpp	global	move__9MapEntireP10SUB_SCREEN	MapEntire::move
.text	0x00014920	0x40	Sscrn/ss_map.cpp	global	init__9MapZoomInP10SUB_SCREEN	MapZoomIn::init
.text	0x00014960	0x1C8	Sscrn/ss_map.cpp	global	move__9MapZoomInP10SUB_SCREEN	MapZoomIn::move
.text	0x00014B28	0x40	Sscrn/ss_map.cpp	global	init__10MapZoomOutP10SUB_SCREEN	MapZoomOut::init
.text	0x00014B68	0x1C8	Sscrn/ss_map.cpp	global	move__10MapZoomOutP10SUB_SCREEN	MapZoomOut::move
.text	0x00014D30	0x1A8	Sscrn/ss_map.cpp	global	move__7MapReadP10SUB_SCREEN	MapRead::move
.text	0x00014ED8	0x220	Sscrn/ss_map.cpp	global	init__13MapModeSelectP10SUB_SCREEN	MapModeSelect::init
.text	0x000150F8	0x20	Sscrn/ss_map.cpp	global	mapModeCheck	mapModeCheck
.text	0x00015118	0x2C	Sscrn/ss_map.cpp	global	mapModeChange	mapModeChange
.text	0x00015144	0x424	Sscrn/ss_map.cpp	global	move__13MapModeSelectP10SUB_SCREEN	MapModeSelect::move
.text	0x00015568	0x5C	Sscrn/ss_map.cpp	global	quit__13MapModeSelectP10SUB_SCREEN	MapModeSelect::quit
.text	0x000155C4	0x930	Sscrn/ss_map.cpp	global	fn_Sscrn_155C4	.
.text	0x00015EF4	0x48	Sscrn/ss_map.cpp	global	_._5cUnit	cUnit::~cUnit
.text	0x00015F3C	0x4	Sscrn/ss_map.cpp	global	beginEvent__5cUnit	cUnit::beginEvent
.text	0x00015F40	0x4	Sscrn/ss_map.cpp	global	endEvent__5cUnit	cUnit::endEvent
.text	0x00015F44	0x7C	Sscrn/ss_map.cpp	global	fn_Sscrn_15F44	.
.text	0x00015FC0	0x20	Sscrn/ss_map.cpp	global	_._4cSat	cSat::~cSat
.text	0x00015FE0	0x50	Sscrn/ss_map.cpp	global	_._9SsMapInit	SsMapInit::~SsMapInit
.text	0x00016030	0x50	Sscrn/ss_map.cpp	global	_._9SsMapMain	SsMapMain::~SsMapMain
.text	0x00016080	0x50	Sscrn/ss_map.cpp	global	_._8MapFocus	MapFocus::~MapFocus
.text	0x000160D0	0x50	Sscrn/ss_map.cpp	global	_._9MapEntire	MapEntire::~MapEntire
.text	0x00016120	0x50	Sscrn/ss_map.cpp	global	_._9MapZoomIn	MapZoomIn::~MapZoomIn
.text	0x00016170	0x50	Sscrn/ss_map.cpp	global	_._10MapZoomOut	MapZoomOut::~MapZoomOut
.text	0x000161C0	0x50	Sscrn/ss_map.cpp	global	_._7MapRead	MapRead::~MapRead
.text	0x00016210	0x50	Sscrn/ss_map.cpp	global	_._13MapModeSelect	MapModeSelect::~MapModeSelect
.text	0x00016260	0xC	Sscrn/ss_map.cpp	global	fn_Sscrn_16260	.
.text	0x0001626C	0x4	Sscrn/ss_map.cpp	global	__dl__5cUnitPvUi	cUnit::operator delete
.text	0x00016270	0x3C0	Sscrn/ss_model.cpp	global	weaponFilename	weaponFilename
.text	0x00016630	0x120	Sscrn/ss_model.cpp	global	tel00ModelInit	tel00ModelInit
.text	0x00016750	0x138	Sscrn/ss_model.cpp	global	hunniganModelInit	hunniganModelInit
.text	0x00016888	0x124	Sscrn/ss_model.cpp	global	playerModelInit	playerModelInit
.text	0x000169AC	0x218	Sscrn/ss_model.cpp	global	ashleyModelInit	ashleyModelInit
.text	0x00016BC4	0x350	Sscrn/ss_model.cpp	global	adaModelInit	adaModelInit
.text	0x00016F14	0xF4	Sscrn/ss_model.cpp	global	wep34Init	wep34Init
.text	0x00017008	0x160	Sscrn/ss_model.cpp	global	wep38Init	wep38Init
.text	0x00017168	0x160	Sscrn/ss_model.cpp	global	wep39Init	wep39Init
.text	0x000172C8	0x130	Sscrn/ss_model.cpp	global	wep40Init	wep40Init
.text	0x000173F8	0x358	Sscrn/ss_model.cpp	global	wep30Init	wep30Init
.text	0x00017750	0x30C	Sscrn/ss_model.cpp	global	klauserModelInit	klauserModelInit
.text	0x00017A5C	0xF4	Sscrn/ss_model.cpp	global	wep36Init	wep36Init
.text	0x00017B50	0x12C	Sscrn/ss_model.cpp	global	wep28Init	wep28Init
.text	0x00017C7C	0x30C	Sscrn/ss_model.cpp	global	wep42Init	wep42Init
.text	0x00017F88	0x2E0	Sscrn/ss_model.cpp	global	hunkModelInit	hunkModelInit
.text	0x00018268	0xC8	Sscrn/ss_model.cpp	global	wep35Init	wep35Init
.text	0x00018330	0x104	Sscrn/ss_model.cpp	global	wep29Init	wep29Init
.text	0x00018434	0x30C	Sscrn/ss_model.cpp	global	wep41Init	wep41Init
.text	0x00018740	0x344	Sscrn/ss_model.cpp	global	weskerModelInit	weskerModelInit
.text	0x00018A84	0xF4	Sscrn/ss_model.cpp	global	wep37Init	wep37Init
.text	0x00018B78	0x15C	Sscrn/ss_model.cpp	global	wep43Init	wep43Init
.text	0x00018CD4	0x12C	Sscrn/ss_model.cpp	global	wep44Init	wep44Init
.text	0x00018E00	0x338	Sscrn/ss_model.cpp	global	wep45Init	wep45Init
.text	0x00019138	0x130	Sscrn/ss_model.cpp	global	wep47Init	wep47Init
.text	0x00019268	0x548	Sscrn/ss_model.cpp	global	leonModelInit	leonModelInit
.text	0x000197B0	0x144	Sscrn/ss_model.cpp	global	wep00Init	wep00Init
.text	0x000198F4	0x164	Sscrn/ss_model.cpp	global	wep01Init	wep01Init
.text	0x00019A58	0x164	Sscrn/ss_model.cpp	global	wep02Init	wep02Init
.text	0x00019BBC	0x1A0	Sscrn/ss_model.cpp	global	wep03Init	wep03Init
.text	0x00019D5C	0x164	Sscrn/ss_model.cpp	global	wep04Init	wep04Init
.text	0x00019EC0	0x134	Sscrn/ss_model.cpp	global	wep05Init	wep05Init
.text	0x00019FF4	0x168	Sscrn/ss_model.cpp	global	wep06Init	wep06Init
.text	0x0001A15C	0x130	Sscrn/ss_model.cpp	global	wep07Init	wep07Init
.text	0x0001A28C	0x130	Sscrn/ss_model.cpp	global	wep08Init	wep08Init
.text	0x0001A3BC	0x17C	Sscrn/ss_model.cpp	global	wep09Init	wep09Init
.text	0x0001A538	0x174	Sscrn/ss_model.cpp	global	wep10Init	wep10Init
.text	0x0001A6AC	0x1D4	Sscrn/ss_model.cpp	global	wep11Init	wep11Init
.text	0x0001A880	0x130	Sscrn/ss_model.cpp	global	wep12Init	wep12Init
.text	0x0001A9B0	0x270	Sscrn/ss_model.cpp	global	wep13Init	wep13Init
.text	0x0001AC20	0x1CC	Sscrn/ss_model.cpp	global	wep14Init	wep14Init
.text	0x0001ADEC	0x134	Sscrn/ss_model.cpp	global	wep15Init	wep15Init
.text	0x0001AF20	0x130	Sscrn/ss_model.cpp	global	wep16Init	wep16Init
.text	0x0001B050	0x130	Sscrn/ss_model.cpp	global	wep17Init	wep17Init
.text	0x0001B180	0x130	Sscrn/ss_model.cpp	global	wep33Init	wep33Init
.text	0x0001B2B0	0x3F0	Sscrn/ss_model.cpp	global	wep19Init	wep19Init
.text	0x0001B6A0	0x3B8	Sscrn/ss_model.cpp	global	fn_Sscrn_1B6A0	.
.text	0x0001BA58	0x48	Sscrn/ss_pzzl.cpp	global	pzzlClearZ	pzzlClearZ
.text	0x0001BAA0	0x1C	Sscrn/ss_pzzl.cpp	global	colorRRGGBBAA	colorRRGGBBAA
.text	0x0001BABC	0x88	Sscrn/ss_pzzl.cpp	global	back2PieceSelect	back2PieceSelect
.text	0x0001BB44	0x374	Sscrn/ss_pzzl.cpp	global	pzzlEquipDisp	pzzlEquipDisp
.text	0x0001BEB8	0x3A8	Sscrn/ss_pzzl.cpp	global	pzzlCursorDisp	pzzlCursorDisp
.text	0x0001C260	0x88	Sscrn/ss_pzzl.cpp	global	drawCursorInit	drawCursorInit
.text	0x0001C2E8	0xB4	Sscrn/ss_pzzl.cpp	global	cmpVer	cmpVer
.text	0x0001C39C	0x690	Sscrn/ss_pzzl.cpp	global	drawCursor	drawCursor
.text	0x0001CA2C	0x4A4	Sscrn/ss_pzzl.cpp	global	drawGridLine	drawGridLine
.text	0x0001CED0	0x20	Sscrn/ss_pzzl.cpp	global	puzzleCameraInit	puzzleCameraInit
.text	0x0001CEF0	0xFC	Sscrn/ss_pzzl.cpp	global	puzzlePos2screenPos	puzzlePos2screenPos
.text	0x0001CFEC	0xA4	Sscrn/ss_pzzl.cpp	global	screenPos2puzzlePos	screenPos2puzzlePos
.text	0x0001D090	0x1E8	Sscrn/ss_pzzl.cpp	global	pieceTblInit	pieceTblInit
.text	0x0001D278	0x244	Sscrn/ss_pzzl.cpp	global	pieceModelOrientation	pieceModelOrientation
.text	0x0001D4BC	0x418	Sscrn/ss_pzzl.cpp	global	pieceFrameDisp	pieceFrameDisp
.text	0x0001D8D4	0xEC	Sscrn/ss_pzzl.cpp	global	getPieceVertex	getPieceVertex
.text	0x0001D9C0	0x23C	Sscrn/ss_pzzl.cpp	global	pieceModelDisp	pieceModelDisp
.text	0x0001DBFC	0x23C	Sscrn/ss_pzzl.cpp	global	pieceModelInit	pieceModelInit
.text	0x0001DE38	0xCC	Sscrn/ss_pzzl.cpp	global	pieceModelSet	pieceModelSet
.text	0x0001DF04	0x534	Sscrn/ss_pzzl.cpp	global	caseModelMove	caseModelMove
.text	0x0001E438	0x2CC	Sscrn/ss_pzzl.cpp	global	move__10SsPzzlInitP10SUB_SCREEN	SsPzzlInit::move
.text	0x0001E704	0x74	Sscrn/ss_pzzl.cpp	global	tempSpaceDisp	tempSpaceDisp
.text	0x0001E778	0x70	Sscrn/ss_pzzl.cpp	global	checkWeaponChange	checkWeaponChange
.text	0x0001E7E8	0xD5C	Sscrn/ss_pzzl.cpp	global	init__10SsPzzlMainP10SUB_SCREEN	SsPzzlMain::init
.text	0x0001F544	0x7AC	Sscrn/ss_pzzl.cpp	global	move__10SsPzzlMainP10SUB_SCREEN	SsPzzlMain::move
.text	0x0001FCF0	0x238	Sscrn/ss_pzzl.cpp	global	quit__10SsPzzlMainP10SUB_SCREEN	SsPzzlMain::quit
.text	0x0001FF28	0xAC	Sscrn/ss_pzzl.cpp	global	sscrn_pzzl_out_init	sscrn_pzzl_out_init
.text	0x0001FFD4	0x94	Sscrn/ss_pzzl.cpp	local	sscrn_pzzl_out__FP10SUB_SCREEN	sscrn_pzzl_out
.text	0x00020068	0x68	Sscrn/ss_pzzl.cpp	global	sscrn_pzzl_in_init	sscrn_pzzl_in_init
.text	0x000200D0	0xC0	Sscrn/ss_pzzl.cpp	global	move__10PiecePopUpP10SUB_SCREEN	PiecePopUp::move
.text	0x00020190	0xC0	Sscrn/ss_pzzl.cpp	global	move__12PiecePopDownP10SUB_SCREEN	PiecePopDown::move
.text	0x00020250	0x6C	Sscrn/ss_pzzl.cpp	global	init__12PzzlThinkingP10SUB_SCREEN	PzzlThinking::init
.text	0x000202BC	0x314	Sscrn/ss_pzzl.cpp	global	move__12PzzlThinkingP10SUB_SCREEN	PzzlThinking::move
.text	0x000205D0	0x24	Sscrn/ss_pzzl.cpp	global	quit__12PzzlThinkingP10SUB_SCREEN	PzzlThinking::quit
.text	0x000205F4	0x64	Sscrn/ss_pzzl.cpp	global	isTerminable	isTerminable
.text	0x00020658	0x1C	Sscrn/ss_pzzl.cpp	global	checkMsgWindow	checkMsgWindow
.text	0x00020674	0x40	Sscrn/ss_pzzl.cpp	global	closeMsgWindow	closeMsgWindow
.text	0x000206B4	0xBC	Sscrn/ss_pzzl.cpp	global	openMsgWindow	openMsgWindow
.text	0x00020770	0x768	Sscrn/ss_pzzl.cpp	global	move__11PieceSelectP10SUB_SCREEN	PieceSelect::move
.text	0x00020ED8	0x94	Sscrn/ss_pzzl.cpp	global	remarkMsgCombine	remarkMsgCombine
.text	0x00020F6C	0xC	Sscrn/ss_pzzl.cpp	global	init__12PieceCombineP10SUB_SCREEN	PieceCombine::init
.text	0x00020F78	0x434	Sscrn/ss_pzzl.cpp	global	move__12PieceCombineP10SUB_SCREEN	PieceCombine::move
.text	0x000213AC	0x24	Sscrn/ss_pzzl.cpp	global	quit__12PieceCombineP10SUB_SCREEN	PieceCombine::quit
.text	0x000213D0	0x220	Sscrn/ss_pzzl.cpp	global	init__12PieceCommandP10SUB_SCREEN	PieceCommand::init
.text	0x000215F0	0x10EC	Sscrn/ss_pzzl.cpp	global	move__12PieceCommandP10SUB_SCREEN	PieceCommand::move
.text	0x000226DC	0x24	Sscrn/ss_pzzl.cpp	global	quit__12PieceCommandP10SUB_SCREEN	PieceCommand::quit
.text	0x00022700	0x74	Sscrn/ss_pzzl.cpp	global	init__10CaseChangeP10SUB_SCREEN	CaseChange::init
.text	0x00022774	0x118	Sscrn/ss_pzzl.cpp	global	move__10CaseChangeP10SUB_SCREEN	CaseChange::move
.text	0x0002288C	0x24	Sscrn/ss_pzzl.cpp	global	quit__10CaseChangeP10SUB_SCREEN	CaseChange::quit
.text	0x000228B0	0x128	Sscrn/ss_pzzl.cpp	global	itemCommandType	itemCommandType
.text	0x000229D8	0xACC	Sscrn/ss_pzzl.cpp	global	setCommandId__FUcPP6IdUnitPSci	setCommandId
.text	0x000234A4	0x408	Sscrn/ss_pzzl.cpp	global	fn_Sscrn_234A4	.
.text	0x000238AC	0x50	Sscrn/ss_pzzl.cpp	global	_._10SsPzzlInit	SsPzzlInit::~SsPzzlInit
.text	0x000238FC	0xC	Sscrn/ss_pzzl.cpp	global	init__10SsPzzlInitP10SUB_SCREEN	SsPzzlInit::init
.text	0x00023908	0x50	Sscrn/ss_pzzl.cpp	global	_._10SsPzzlMain	SsPzzlMain::~SsPzzlMain
.text	0x00023958	0x50	Sscrn/ss_pzzl.cpp	global	_._10PiecePopUp	PiecePopUp::~PiecePopUp
.text	0x000239A8	0xC	Sscrn/ss_pzzl.cpp	global	init__10PiecePopUpP10SUB_SCREEN	PiecePopUp::init
.text	0x000239B4	0x50	Sscrn/ss_pzzl.cpp	global	_._12PiecePopDown	PiecePopDown::~PiecePopDown
.text	0x00023A04	0xC	Sscrn/ss_pzzl.cpp	global	init__12PiecePopDownP10SUB_SCREEN	PiecePopDown::init
.text	0x00023A10	0x50	Sscrn/ss_pzzl.cpp	global	_._12PzzlThinking	PzzlThinking::~PzzlThinking
.text	0x00023A60	0x50	Sscrn/ss_pzzl.cpp	global	_._11PieceSelect	PieceSelect::~PieceSelect
.text	0x00023AB0	0xC	Sscrn/ss_pzzl.cpp	global	init__11PieceSelectP10SUB_SCREEN	PieceSelect::init
.text	0x00023ABC	0x50	Sscrn/ss_pzzl.cpp	global	_._12PieceCommand	PieceCommand::~PieceCommand
.text	0x00023B0C	0x50	Sscrn/ss_pzzl.cpp	global	_._12PieceCombine	PieceCombine::~PieceCombine
.text	0x00023B5C	0x50	Sscrn/ss_pzzl.cpp	global	_._10CaseChange	CaseChange::~CaseChange
.text	0x00023BAC	0xC	Sscrn/ss_pzzl.cpp	global	fn_Sscrn_23BAC	.
.text	0x00023BB8	0x70	Sscrn/ss_shop.cpp	global	shopClearZ	shopClearZ
.text	0x00023C28	0x44	Sscrn/ss_shop.cpp	global	setShopMsgQueue	setShopMsgQueue
.text	0x00023C6C	0xC	Sscrn/ss_shop.cpp	global	shopStrInit	shopStrInit
.text	0x00023C78	0x38	Sscrn/ss_shop.cpp	global	shopStrStop	shopStrStop
.text	0x00023CB0	0x68	Sscrn/ss_shop.cpp	global	shopStrPlay	shopStrPlay
.text	0x00023D18	0xD8	Sscrn/ss_shop.cpp	global	shopModelAlloc	shopModelAlloc
.text	0x00023DF0	0xB4	Sscrn/ss_shop.cpp	global	closeCoat	closeCoat
.text	0x00023EA4	0xC	Sscrn/ss_shop.cpp	global	init__10SsShopInitP10SUB_SCREEN	SsShopInit::init
.text	0x00023EB0	0x1C8	Sscrn/ss_shop.cpp	global	move__10SsShopInitP10SUB_SCREEN	SsShopInit::move
.text	0x00024078	0x1360	Sscrn/ss_shop.cpp	global	init__10SsShopMainP10SUB_SCREEN	SsShopMain::init
.text	0x000253D8	0x1E4	Sscrn/ss_shop.cpp	global	move__10SsShopMainP10SUB_SCREEN	SsShopMain::move
.text	0x000255BC	0x68	Sscrn/ss_shop.cpp	global	quit__10SsShopMainP10SUB_SCREEN	SsShopMain::quit
.text	0x00025624	0x160	Sscrn/ss_shop.cpp	global	getGreetMsg	getGreetMsg
.text	0x00025784	0x13C	Sscrn/ss_shop.cpp	global	init__11ShopTopMenuP10SUB_SCREEN	ShopTopMenu::init
.text	0x000258C0	0x854	Sscrn/ss_shop.cpp	global	move__11ShopTopMenuP10SUB_SCREEN	ShopTopMenu::move
.text	0x00026114	0x3D4	Sscrn/ss_shop.cpp	global	dispSellItemList	dispSellItemList
.text	0x000264E8	0x98	Sscrn/ss_shop.cpp	global	listRangeCheck	listRangeCheck
.text	0x00026580	0x13C	Sscrn/ss_shop.cpp	global	init__14SellMenuSelectP10SUB_SCREEN	SellMenuSelect::init
.text	0x000266BC	0x2E4	Sscrn/ss_shop.cpp	global	move__14SellMenuSelectP10SUB_SCREEN	SellMenuSelect::move
.text	0x000269A0	0x4	Sscrn/ss_shop.cpp	global	quit__14SellMenuSelectP10SUB_SCREEN	SellMenuSelect::quit
.text	0x000269A4	0x60	Sscrn/ss_shop.cpp	global	init__11SellItemNumP10SUB_SCREEN	SellItemNum::init
.text	0x00026A04	0x6EC	Sscrn/ss_shop.cpp	global	move__11SellItemNumP10SUB_SCREEN	SellItemNum::move
.text	0x000270F0	0x394	Sscrn/ss_shop.cpp	global	move__11SellConfirmP10SUB_SCREEN	SellConfirm::move
.text	0x00027484	0x3C	Sscrn/ss_shop.cpp	global	quit__11SellConfirmP10SUB_SCREEN	SellConfirm::quit
.text	0x000274C0	0x3D8	Sscrn/ss_shop.cpp	global	dispBuyItemList	dispBuyItemList
.text	0x00027898	0x10C	Sscrn/ss_shop.cpp	global	init__13BuyMenuSelectP10SUB_SCREEN	BuyMenuSelect::init
.text	0x000279A4	0x334	Sscrn/ss_shop.cpp	global	move__13BuyMenuSelectP10SUB_SCREEN	BuyMenuSelect::move
.text	0x00027CD8	0x4	Sscrn/ss_shop.cpp	global	quit__13BuyMenuSelectP10SUB_SCREEN	BuyMenuSelect::quit
.text	0x00027CDC	0x8C	Sscrn/ss_shop.cpp	global	init__10BuyItemNumP10SUB_SCREEN	BuyItemNum::init
.text	0x00027D68	0x83C	Sscrn/ss_shop.cpp	global	move__10BuyItemNumP10SUB_SCREEN	BuyItemNum::move
.text	0x000285A4	0x4C	Sscrn/ss_shop.cpp	global	quit__10BuyItemNumP10SUB_SCREEN	BuyItemNum::quit
.text	0x000285F0	0x40	Sscrn/ss_shop.cpp	global	deleteExtraPiece	deleteExtraPiece
.text	0x00028630	0x120	Sscrn/ss_shop.cpp	global	buyItem	buyItem
.text	0x00028750	0x168	Sscrn/ss_shop.cpp	global	init__10BuyConfirmP10SUB_SCREEN	BuyConfirm::init
.text	0x000288B8	0x380	Sscrn/ss_shop.cpp	global	move__10BuyConfirmP10SUB_SCREEN	BuyConfirm::move
.text	0x00028C38	0x48	Sscrn/ss_shop.cpp	global	init__12BuyPuzzleEndP10SUB_SCREEN	BuyPuzzleEnd::init
.text	0x00028C80	0x1A4	Sscrn/ss_shop.cpp	global	move__12BuyPuzzleEndP10SUB_SCREEN	BuyPuzzleEnd::move
.text	0x00028E24	0x3A8	Sscrn/ss_shop.cpp	global	dispLvUpItemList	dispLvUpItemList
.text	0x000291CC	0x83C	Sscrn/ss_shop.cpp	global	levelItemDisp	levelItemDisp
.text	0x00029A08	0xFC	Sscrn/ss_shop.cpp	global	init__14LvUpMenuSelectP10SUB_SCREEN	LvUpMenuSelect::init
.text	0x00029B04	0x354	Sscrn/ss_shop.cpp	global	move__14LvUpMenuSelectP10SUB_SCREEN	LvUpMenuSelect::move
.text	0x00029E58	0x4	Sscrn/ss_shop.cpp	global	quit__14LvUpMenuSelectP10SUB_SCREEN	LvUpMenuSelect::quit
.text	0x00029E5C	0x130	Sscrn/ss_shop.cpp	global	specialCaption	specialCaption
.text	0x00029F8C	0x4	Sscrn/ss_shop.cpp	global	init__14LvUpItemSelectP10SUB_SCREEN	LvUpItemSelect::init
.text	0x00029F90	0x594	Sscrn/ss_shop.cpp	global	move__14LvUpItemSelectP10SUB_SCREEN	LvUpItemSelect::move
.text	0x0002A524	0x2C0	Sscrn/ss_shop.cpp	global	init__11LvUpConfirmP10SUB_SCREEN	LvUpConfirm::init
.text	0x0002A7E4	0x3F0	Sscrn/ss_shop.cpp	global	move__11LvUpConfirmP10SUB_SCREEN	LvUpConfirm::move
.text	0x0002ABD4	0x3C	Sscrn/ss_shop.cpp	global	quit__11LvUpConfirmP10SUB_SCREEN	LvUpConfirm::quit
.text	0x0002AC10	0xAC	Sscrn/ss_shop.cpp	global	itemCaption	itemCaption
.text	0x0002ACBC	0x47C	Sscrn/ss_shop.cpp	global	weaponLevelDisp	weaponLevelDisp
.text	0x0002B138	0x1A0	Sscrn/ss_shop.cpp	global	stockNumDisp	stockNumDisp
.text	0x0002B2D8	0x35C	Sscrn/ss_shop.cpp	global	dispPrice	dispPrice
.text	0x0002B634	0xB0	Sscrn/ss_shop.cpp	global	itemTexNo__Fi	itemTexNo
.text	0x0002B6E4	0xCC	Sscrn/ss_shop.cpp	global	setOrientation	setOrientation
.text	0x0002B7B0	0x1CC	Sscrn/ss_shop.cpp	global	dispItem	dispItem
.text	0x0002B97C	0xB0	Sscrn/ss_shop.cpp	global	screenPos2worldPos	screenPos2worldPos
.text	0x0002BA2C	0xB8	Sscrn/ss_shop.cpp	global	moveItem	moveItem
.text	0x0002BAE4	0x980	Sscrn/ss_shop.cpp	global	fn_Sscrn_2BAE4	.
.text	0x0002C464	0x50	Sscrn/ss_shop.cpp	global	_._10SsShopInit	SsShopInit::~SsShopInit
.text	0x0002C4B4	0x50	Sscrn/ss_shop.cpp	global	_._10SsShopMain	SsShopMain::~SsShopMain
.text	0x0002C504	0x50	Sscrn/ss_shop.cpp	global	_._11ShopTopMenu	ShopTopMenu::~ShopTopMenu
.text	0x0002C554	0x50	Sscrn/ss_shop.cpp	global	_._14SellMenuSelect	SellMenuSelect::~SellMenuSelect
.text	0x0002C5A4	0x50	Sscrn/ss_shop.cpp	global	_._11SellItemNum	SellItemNum::~SellItemNum
.text	0x0002C5F4	0x50	Sscrn/ss_shop.cpp	global	_._11SellConfirm	SellConfirm::~SellConfirm
.text	0x0002C644	0x50	Sscrn/ss_shop.cpp	global	_._13BuyMenuSelect	BuyMenuSelect::~BuyMenuSelect
.text	0x0002C694	0x50	Sscrn/ss_shop.cpp	global	_._10BuyItemNum	BuyItemNum::~BuyItemNum
.text	0x0002C6E4	0x50	Sscrn/ss_shop.cpp	global	_._10BuyConfirm	BuyConfirm::~BuyConfirm
.text	0x0002C734	0x50	Sscrn/ss_shop.cpp	global	_._12BuyPuzzleEnd	BuyPuzzleEnd::~BuyPuzzleEnd
.text	0x0002C784	0x50	Sscrn/ss_shop.cpp	global	_._14LvUpMenuSelect	LvUpMenuSelect::~LvUpMenuSelect
.text	0x0002C7D4	0x50	Sscrn/ss_shop.cpp	global	_._14LvUpItemSelect	LvUpItemSelect::~LvUpItemSelect
.text	0x0002C824	0x50	Sscrn/ss_shop.cpp	global	_._11LvUpConfirm	LvUpConfirm::~LvUpConfirm
.text	0x0002C874	0xC	Sscrn/ss_shop.cpp	global	fn_Sscrn_2C874	.
.text	0x0002C880	0x6C	Sscrn/ss_term.cpp	global	MakeCol	MakeCol
.text	0x0002C8EC	0x5C	Sscrn/ss_term.cpp	global	DbgDrawBoxFill	DbgDrawBoxFill
.text	0x0002C948	0x60	Sscrn/ss_term.cpp	global	FindButton__10cDbgWindowiiPP10cDbgButton	cDbgWindow::FindButton
.text	0x0002C9A8	0x188	Sscrn/ss_term.cpp	global	LocalUpdate__10cDbgWindow	cDbgWindow::LocalUpdate
.text	0x0002CB30	0x1E4	Sscrn/ss_term.cpp	global	LocalDisp__10cDbgWindow	cDbgWindow::LocalDisp
.text	0x0002CD14	0x4C	Sscrn/ss_term.cpp	global	init__9cFileList	cFileList::init
.text	0x0002CD60	0x1B4	Sscrn/ss_term.cpp	global	disp__9cFileListiii	cFileList::disp
.text	0x0002CF14	0x178	Sscrn/ss_term.cpp	global	update__9cFileList	cFileList::update
.text	0x0002D08C	0x160	Sscrn/ss_term.cpp	global	dir__9cFileListPcT1	cFileList::dir
.text	0x0002D1EC	0x3CC	Sscrn/ss_term.cpp	global	OpeMesTblInit__10SsTermMainP10SUB_SCREEN	SsTermMain::OpeMesTblInit
.text	0x0002D5B8	0x38	Sscrn/ss_term.cpp	global	OpeMdtSet__10SsTermMain	SsTermMain::OpeMdtSet
.text	0x0002D5F0	0x70	Sscrn/ss_term.cpp	global	OpeMdtSetNo__10SsTermMaini	SsTermMain::OpeMdtSetNo
.text	0x0002D660	0x38	Sscrn/ss_term.cpp	global	OpeMdtSetSub__10SsTermMainiPvT2	SsTermMain::OpeMdtSetSub
.text	0x0002D698	0x25C	Sscrn/ss_term.cpp	global	OpeMesMove__10SsTermMain	SsTermMain::OpeMesMove
.text	0x0002D8F4	0x94	Sscrn/ss_term.cpp	global	OpeSeqMove__10SsTermMainP7TermSeq	SsTermMain::OpeSeqMove
.text	0x0002D988	0x124	Sscrn/ss_term.cpp	global	OpeMesSet__10SsTermMainii	SsTermMain::OpeMesSet
.text	0x0002DAAC	0x48	Sscrn/ss_term.cpp	global	OpeMesClear__10SsTermMain	SsTermMain::OpeMesClear
.text	0x0002DAF4	0x4C	Sscrn/ss_term.cpp	global	OpeSndStrStop__10SsTermMain	SsTermMain::OpeSndStrStop
.text	0x0002DB40	0x88	Sscrn/ss_term.cpp	global	partnerDataName	partnerDataName
.text	0x0002DBC8	0x68	Sscrn/ss_term.cpp	global	partnerType	partnerType
.text	0x0002DC30	0x104	Sscrn/ss_term.cpp	global	termMotionSet	termMotionSet
.text	0x0002DD34	0xC8	Sscrn/ss_term.cpp	global	termMotionCancel	termMotionCancel
.text	0x0002DDFC	0xC	Sscrn/ss_term.cpp	global	init__10SsTermInitP10SUB_SCREEN	SsTermInit::init
.text	0x0002DE08	0x2D4	Sscrn/ss_term.cpp	global	move__10SsTermInitP10SUB_SCREEN	SsTermInit::move
.text	0x0002E0DC	0xB8	Sscrn/ss_term.cpp	global	termModelAlloc	termModelAlloc
.text	0x0002E194	0xC8	Sscrn/ss_term.cpp	global	terminalCameraInit	terminalCameraInit
.text	0x0002E25C	0x4F4	Sscrn/ss_term.cpp	global	init__10SsTermMainP10SUB_SCREEN	SsTermMain::init
.text	0x0002E750	0x2F4	Sscrn/ss_term.cpp	global	move__10SsTermMainP10SUB_SCREEN	SsTermMain::move
.text	0x0002EA44	0x74	Sscrn/ss_term.cpp	global	quit__10SsTermMainP10SUB_SCREEN	SsTermMain::quit
.text	0x0002EAB8	0x930	Sscrn/ss_term.cpp	global	fn_Sscrn_2EAB8	.
.text	0x0002F3E8	0x4	Sscrn/ss_term.cpp	global	__static_initialization_and_destruction_0_2F3E8	__static_initialization_and_destruction_0
.text	0x0002F3EC	0x50	Sscrn/ss_term.cpp	global	_._10cDbgButton	cDbgButton::~cDbgButton
.text	0x0002F43C	0xA4	Sscrn/ss_term.cpp	global	_._10cDbgWindow	cDbgWindow::~cDbgWindow
.text	0x0002F4E0	0x18	Sscrn/ss_term.cpp	global	GetCx__10cDbgWindow	cDbgWindow::GetCx
.text	0x0002F4F8	0x18	Sscrn/ss_term.cpp	global	GetCy__10cDbgWindow	cDbgWindow::GetCy
.text	0x0002F510	0xC	Sscrn/ss_term.cpp	global	SetCurrentTopButton__10cDbgWindow	cDbgWindow::SetCurrentTopButton
.text	0x0002F51C	0xC	Sscrn/ss_term.cpp	global	SetCurrentBottomButton__10cDbgWindow	cDbgWindow::SetCurrentBottomButton
.text	0x0002F528	0x70	Sscrn/ss_term.cpp	global	ButtonAllUpdate__10cDbgWindow	cDbgWindow::ButtonAllUpdate
.text	0x0002F598	0x50	Sscrn/ss_term.cpp	global	_._10SsTermInit	SsTermInit::~SsTermInit
.text	0x0002F5E8	0x50	Sscrn/ss_term.cpp	global	_._10SsTermMain	SsTermMain::~SsTermMain
.text	0x0002F638	0x54	Sscrn/ss_term.cpp	local	fn_Sscrn_2F638	.
.text	0x0002F68C	0x50	Sscrn/ss_term.cpp	global	_._14cDbgButtonBase	cDbgButtonBase::~cDbgButtonBase
.text	0x0002F6DC	0x34	Sscrn/ss_term.cpp	global	_._14cDbgWindowBase	cDbgWindowBase::~cDbgWindowBase
.text	0x0002F710	0x8	Sscrn/ss_term.cpp	global	GetCx__14cDbgWindowBase	cDbgWindowBase::GetCx
.text	0x0002F718	0x8	Sscrn/ss_term.cpp	global	GetCy__14cDbgWindowBase	cDbgWindowBase::GetCy
.text	0x0002F720	0x4	Sscrn/ss_term.cpp	global	SetCurrentBottomButton__14cDbgWindowBase	cDbgWindowBase::SetCurrentBottomButton
.text	0x0002F724	0x8	Sscrn/ss_term.cpp	local	fn_Sscrn_2F724	.
.text	0x0002F72C	0x2C	Sscrn/ss_term.cpp	local	global_constructors_keyed_to_MakeCol	global constructors keyed to MakeCol
.text	0x0002F758	0x2C	Sscrn/ss_term.cpp	local	global_destructors_keyed_to_MakeCol	global destructors keyed to MakeCol
.rodata	0x00000030	0x18	Sscrn/ss_cap.cpp	local	lbl_Sscrn_rodata_30	lbl_Sscrn_rodata_30
.rodata	0x00000048	0xC	Sscrn/ss_cap.cpp	local	lbl_Sscrn_rodata_48	lbl_Sscrn_rodata_48
.rodata	0x00000054	0x18	Sscrn/ss_cap.cpp	local	lbl_Sscrn_rodata_54	lbl_Sscrn_rodata_54
.rodata	0x0000006C	0x20	Sscrn/ss_cap.cpp	local	lbl_Sscrn_rodata_6C	lbl_Sscrn_rodata_6C
.rodata	0x0000008C	0x24	Sscrn/ss_cap.cpp	local	lbl_Sscrn_rodata_8C	lbl_Sscrn_rodata_8C
.rodata	0x000000B0	0x28	Sscrn/ss_cap.cpp	local	lbl_Sscrn_rodata_B0	lbl_Sscrn_rodata_B0
.rodata	0x000000D8	0x28	Sscrn/ss_cap.cpp	local	lbl_Sscrn_rodata_D8	lbl_Sscrn_rodata_D8
.rodata	0x00000100	0x38	Sscrn/ss_cap.cpp	local	lbl_Sscrn_rodata_100	lbl_Sscrn_rodata_100
.rodata	0x00000138	0x48	Sscrn/ss_cap.cpp	local	lbl_Sscrn_rodata_138	lbl_Sscrn_rodata_138
.rodata	0x00000180	0x30	Sscrn/ss_cap.cpp	global	_vt.9CapSelect	_vt.9CapSelect
.rodata	0x000001B0	0x30	Sscrn/ss_cap.cpp	global	_vt.9SsCapMain	_vt.9SsCapMain
.rodata	0x000001E0	0x30	Sscrn/ss_cap.cpp	global	_vt.9SsCapInit	_vt.9SsCapInit
.rodata	0x00000210	0x30	Sscrn/ss_cap.cpp	global	_vt.t6Widget1Z10SUB_SCREEN	_vt.t6Widget1Z10SUB_SCREEN
.rodata	0x00000288	0x10	Sscrn/ss_debug.cpp	local	lbl_Sscrn_rodata_288	lbl_Sscrn_rodata_288
.rodata	0x00000298	0x10	Sscrn/ss_debug.cpp	local	lbl_Sscrn_rodata_298	lbl_Sscrn_rodata_298
.rodata	0x000002A8	0x10	Sscrn/ss_debug.cpp	local	lbl_Sscrn_rodata_2A8	lbl_Sscrn_rodata_2A8
.rodata	0x000002B8	0x10	Sscrn/ss_debug.cpp	local	lbl_Sscrn_rodata_2B8	lbl_Sscrn_rodata_2B8
.rodata	0x000002C8	0x10	Sscrn/ss_debug.cpp	local	lbl_Sscrn_rodata_2C8	lbl_Sscrn_rodata_2C8
.rodata	0x000002D8	0x1C	Sscrn/ss_debug.cpp	local	lbl_Sscrn_rodata_2D8	lbl_Sscrn_rodata_2D8
.rodata	0x000002F4	0x4	Sscrn/ss_debug.cpp	local	lbl_Sscrn_rodata_2F4	lbl_Sscrn_rodata_2F4
.rodata	0x000002F8	0x8	Sscrn/ss_debug.cpp	local	lbl_Sscrn_rodata_2F8	lbl_Sscrn_rodata_2F8
.rodata	0x00000300	0x8	Sscrn/ss_debug.cpp	local	lbl_Sscrn_rodata_300	lbl_Sscrn_rodata_300
.rodata	0x00000308	0x8	Sscrn/ss_debug.cpp	local	lbl_Sscrn_rodata_308	lbl_Sscrn_rodata_308
.rodata	0x00000310	0x4	Sscrn/ss_debug.cpp	local	lbl_Sscrn_rodata_310	lbl_Sscrn_rodata_310
.rodata	0x00000314	0x4	Sscrn/ss_debug.cpp	local	lbl_Sscrn_rodata_314	lbl_Sscrn_rodata_314
.rodata	0x00000318	0x1C	Sscrn/ss_debug.cpp	local	lbl_Sscrn_rodata_318	lbl_Sscrn_rodata_318
.rodata	0x00000334	0xC	Sscrn/ss_debug.cpp	local	lbl_Sscrn_rodata_334	lbl_Sscrn_rodata_334
.rodata	0x00000340	0xC	Sscrn/ss_debug.cpp	local	lbl_Sscrn_rodata_340	lbl_Sscrn_rodata_340
.rodata	0x0000034C	0xC	Sscrn/ss_debug.cpp	local	lbl_Sscrn_rodata_34C	lbl_Sscrn_rodata_34C
.rodata	0x00000358	0xC	Sscrn/ss_debug.cpp	local	lbl_Sscrn_rodata_358	lbl_Sscrn_rodata_358
.rodata	0x00000364	0xC	Sscrn/ss_debug.cpp	local	lbl_Sscrn_rodata_364	lbl_Sscrn_rodata_364
.rodata	0x00000370	0xC	Sscrn/ss_debug.cpp	local	lbl_Sscrn_rodata_370	lbl_Sscrn_rodata_370
.rodata	0x0000037C	0x18	Sscrn/ss_debug.cpp	local	lbl_Sscrn_rodata_37C	lbl_Sscrn_rodata_37C
.rodata	0x00000394	0x18	Sscrn/ss_debug.cpp	local	lbl_Sscrn_rodata_394	lbl_Sscrn_rodata_394
.rodata	0x000003AC	0x4	Sscrn/ss_debug.cpp	local	lbl_Sscrn_rodata_3AC	lbl_Sscrn_rodata_3AC
.rodata	0x000003B0	0xC	Sscrn/ss_debug.cpp	local	lbl_Sscrn_rodata_3B0	lbl_Sscrn_rodata_3B0
.rodata	0x000003BC	0xC	Sscrn/ss_debug.cpp	local	lbl_Sscrn_rodata_3BC	lbl_Sscrn_rodata_3BC
.rodata	0x000003C8	0xC	Sscrn/ss_debug.cpp	local	lbl_Sscrn_rodata_3C8	lbl_Sscrn_rodata_3C8
.rodata	0x000003D4	0xC	Sscrn/ss_debug.cpp	local	lbl_Sscrn_rodata_3D4	lbl_Sscrn_rodata_3D4
.rodata	0x000003E0	0xC	Sscrn/ss_debug.cpp	local	lbl_Sscrn_rodata_3E0	lbl_Sscrn_rodata_3E0
.rodata	0x000003EC	0xC	Sscrn/ss_debug.cpp	local	lbl_Sscrn_rodata_3EC	lbl_Sscrn_rodata_3EC
.rodata	0x000003F8	0xC	Sscrn/ss_debug.cpp	local	lbl_Sscrn_rodata_3F8	lbl_Sscrn_rodata_3F8
.rodata	0x00000404	0xC	Sscrn/ss_debug.cpp	local	lbl_Sscrn_rodata_404	lbl_Sscrn_rodata_404
.rodata	0x00000410	0xC	Sscrn/ss_debug.cpp	local	lbl_Sscrn_rodata_410	lbl_Sscrn_rodata_410
.rodata	0x0000041C	0xC	Sscrn/ss_debug.cpp	local	lbl_Sscrn_rodata_41C	lbl_Sscrn_rodata_41C
.rodata	0x00000428	0xC	Sscrn/ss_debug.cpp	local	lbl_Sscrn_rodata_428	lbl_Sscrn_rodata_428
.rodata	0x00000434	0xC	Sscrn/ss_debug.cpp	local	lbl_Sscrn_rodata_434	lbl_Sscrn_rodata_434
.rodata	0x00000440	0xC	Sscrn/ss_debug.cpp	local	lbl_Sscrn_rodata_440	lbl_Sscrn_rodata_440
.rodata	0x0000044C	0xC	Sscrn/ss_debug.cpp	local	lbl_Sscrn_rodata_44C	lbl_Sscrn_rodata_44C
.rodata	0x00000458	0x8	Sscrn/ss_debug.cpp	local	lbl_Sscrn_rodata_458	lbl_Sscrn_rodata_458
.rodata	0x00000460	0xC	Sscrn/ss_debug.cpp	local	lbl_Sscrn_rodata_460	lbl_Sscrn_rodata_460
.rodata	0x0000046C	0x8	Sscrn/ss_debug.cpp	local	lbl_Sscrn_rodata_46C	lbl_Sscrn_rodata_46C
.rodata	0x00000474	0x8	Sscrn/ss_debug.cpp	local	lbl_Sscrn_rodata_474	lbl_Sscrn_rodata_474
.rodata	0x0000047C	0x8	Sscrn/ss_debug.cpp	local	lbl_Sscrn_rodata_47C	lbl_Sscrn_rodata_47C
.rodata	0x00000484	0x8	Sscrn/ss_debug.cpp	local	lbl_Sscrn_rodata_484	lbl_Sscrn_rodata_484
.rodata	0x0000048C	0x8	Sscrn/ss_debug.cpp	local	lbl_Sscrn_rodata_48C	lbl_Sscrn_rodata_48C
.rodata	0x00000494	0x8	Sscrn/ss_debug.cpp	local	lbl_Sscrn_rodata_494	lbl_Sscrn_rodata_494
.rodata	0x0000049C	0x8	Sscrn/ss_debug.cpp	local	lbl_Sscrn_rodata_49C	lbl_Sscrn_rodata_49C
.rodata	0x000004A4	0xC	Sscrn/ss_debug.cpp	local	lbl_Sscrn_rodata_4A4	lbl_Sscrn_rodata_4A4
.rodata	0x000004B0	0x60	Sscrn/ss_debug.cpp	local	lbl_Sscrn_rodata_4B0	lbl_Sscrn_rodata_4B0
.rodata	0x00000510	0x8	Sscrn/ss_debug.cpp	local	lbl_Sscrn_rodata_510	lbl_Sscrn_rodata_510
.rodata	0x00000518	0x4	Sscrn/ss_debug.cpp	local	lbl_Sscrn_rodata_518	lbl_Sscrn_rodata_518
.rodata	0x0000051C	0xC	Sscrn/ss_debug.cpp	local	lbl_Sscrn_rodata_51C	lbl_Sscrn_rodata_51C
.rodata	0x00000528	0xC	Sscrn/ss_debug.cpp	local	lbl_Sscrn_rodata_528	lbl_Sscrn_rodata_528
.rodata	0x00000534	0x8	Sscrn/ss_debug.cpp	local	lbl_Sscrn_rodata_534	lbl_Sscrn_rodata_534
.rodata	0x0000053C	0x8	Sscrn/ss_debug.cpp	local	lbl_Sscrn_rodata_53C	lbl_Sscrn_rodata_53C
.rodata	0x00000544	0x8	Sscrn/ss_debug.cpp	local	lbl_Sscrn_rodata_544	lbl_Sscrn_rodata_544
.rodata	0x0000054C	0x8	Sscrn/ss_debug.cpp	local	lbl_Sscrn_rodata_54C	lbl_Sscrn_rodata_54C
.rodata	0x00000554	0x10	Sscrn/ss_debug.cpp	local	lbl_Sscrn_rodata_554	lbl_Sscrn_rodata_554
.rodata	0x00000564	0x4	Sscrn/ss_debug.cpp	local	lbl_Sscrn_rodata_564	lbl_Sscrn_rodata_564
.rodata	0x00000568	0x8	Sscrn/ss_debug.cpp	local	lbl_Sscrn_rodata_568	lbl_Sscrn_rodata_568
.rodata	0x00000570	0x4	Sscrn/ss_debug.cpp	local	lbl_Sscrn_rodata_570	lbl_Sscrn_rodata_570
.rodata	0x00000574	0x8	Sscrn/ss_debug.cpp	local	lbl_Sscrn_rodata_574	lbl_Sscrn_rodata_574
.rodata	0x0000057C	0x8	Sscrn/ss_debug.cpp	local	lbl_Sscrn_rodata_57C	lbl_Sscrn_rodata_57C
.rodata	0x00000584	0x8	Sscrn/ss_debug.cpp	local	lbl_Sscrn_rodata_584	lbl_Sscrn_rodata_584
.rodata	0x0000058C	0x10	Sscrn/ss_debug.cpp	local	lbl_Sscrn_rodata_58C	lbl_Sscrn_rodata_58C
.rodata	0x0000059C	0x4	Sscrn/ss_debug.cpp	local	lbl_Sscrn_rodata_59C	lbl_Sscrn_rodata_59C
.rodata	0x000005A0	0x4	Sscrn/ss_debug.cpp	local	lbl_Sscrn_rodata_5A0	lbl_Sscrn_rodata_5A0
.rodata	0x000005A4	0x4	Sscrn/ss_debug.cpp	local	lbl_Sscrn_rodata_5A4	lbl_Sscrn_rodata_5A4
.rodata	0x000005A8	0x4	Sscrn/ss_debug.cpp	local	lbl_Sscrn_rodata_5A8	lbl_Sscrn_rodata_5A8
.rodata	0x000005AC	0x28	Sscrn/ss_debug.cpp	local	lbl_Sscrn_rodata_5AC	lbl_Sscrn_rodata_5AC
.rodata	0x000005D4	0x28	Sscrn/ss_debug.cpp	local	lbl_Sscrn_rodata_5D4	lbl_Sscrn_rodata_5D4
.rodata	0x000005FC	0x38	Sscrn/ss_debug.cpp	local	lbl_Sscrn_rodata_5FC	lbl_Sscrn_rodata_5FC
.rodata	0x00000634	0x28	Sscrn/ss_debug.cpp	local	lbl_Sscrn_rodata_634	lbl_Sscrn_rodata_634
.rodata	0x0000065C	0x1C	Sscrn/ss_debug.cpp	local	lbl_Sscrn_rodata_65C	lbl_Sscrn_rodata_65C
.rodata	0x00000678	0x10	Sscrn/ss_debug.cpp	local	lbl_Sscrn_rodata_678	lbl_Sscrn_rodata_678
.rodata	0x000006B8	0x18	Sscrn/ss_file.cpp	local	lbl_Sscrn_rodata_6B8	lbl_Sscrn_rodata_6B8
.rodata	0x000006D0	0xC	Sscrn/ss_file.cpp	local	lbl_Sscrn_rodata_6D0	lbl_Sscrn_rodata_6D0
.rodata	0x000006DC	0x1C	Sscrn/ss_file.cpp	local	lbl_Sscrn_rodata_6DC	lbl_Sscrn_rodata_6DC
.rodata	0x000006F8	0x20	Sscrn/ss_file.cpp	local	lbl_Sscrn_rodata_6F8	lbl_Sscrn_rodata_6F8
.rodata	0x00000718	0x24	Sscrn/ss_file.cpp	local	lbl_Sscrn_rodata_718	lbl_Sscrn_rodata_718
.rodata	0x0000073C	0x4	Sscrn/ss_file.cpp	local	lbl_Sscrn_rodata_73C	lbl_Sscrn_rodata_73C
.rodata	0x00000740	0x4	Sscrn/ss_file.cpp	local	lbl_Sscrn_rodata_740	lbl_Sscrn_rodata_740
.rodata	0x00000744	0x4	Sscrn/ss_file.cpp	local	lbl_Sscrn_rodata_744	lbl_Sscrn_rodata_744
.rodata	0x00000748	0x4	Sscrn/ss_file.cpp	local	lbl_Sscrn_rodata_748	lbl_Sscrn_rodata_748
.rodata	0x0000074C	0x4	Sscrn/ss_file.cpp	local	lbl_Sscrn_rodata_74C	lbl_Sscrn_rodata_74C
.rodata	0x00000750	0x4	Sscrn/ss_file.cpp	local	lbl_Sscrn_rodata_750	lbl_Sscrn_rodata_750
.rodata	0x00000754	0x14	Sscrn/ss_file.cpp	local	lbl_Sscrn_rodata_754	lbl_Sscrn_rodata_754
.rodata	0x00000768	0x28	Sscrn/ss_file.cpp	local	lbl_Sscrn_rodata_768	lbl_Sscrn_rodata_768
.rodata	0x00000790	0x28	Sscrn/ss_file.cpp	local	lbl_Sscrn_rodata_790	lbl_Sscrn_rodata_790
.rodata	0x000007B8	0x38	Sscrn/ss_file.cpp	local	lbl_Sscrn_rodata_7B8	lbl_Sscrn_rodata_7B8
.rodata	0x000007F0	0x28	Sscrn/ss_file.cpp	local	lbl_Sscrn_rodata_7F0	lbl_Sscrn_rodata_7F0
.rodata	0x00000818	0x20	Sscrn/ss_file.cpp	local	lbl_Sscrn_rodata_818	lbl_Sscrn_rodata_818
.rodata	0x00000838	0x30	Sscrn/ss_file.cpp	global	_vt.14MessageDisplay	_vt.14MessageDisplay
.rodata	0x00000868	0x30	Sscrn/ss_file.cpp	global	_vt.10FileSelect	_vt.10FileSelect
.rodata	0x00000898	0x30	Sscrn/ss_file.cpp	global	_vt.10SsFileMain	_vt.10SsFileMain
.rodata	0x000008C8	0x30	Sscrn/ss_file.cpp	global	_vt.10SsFileInit	_vt.10SsFileInit
.rodata	0x00000958	0x18	Sscrn/ss_item.cpp	local	lbl_Sscrn_rodata_958	lbl_Sscrn_rodata_958
.rodata	0x00000970	0x4	Sscrn/ss_item.cpp	local	lbl_Sscrn_rodata_970	lbl_Sscrn_rodata_970
.rodata	0x00000974	0x4	Sscrn/ss_item.cpp	local	lbl_Sscrn_rodata_974	lbl_Sscrn_rodata_974
.rodata	0x00000978	0x4	Sscrn/ss_item.cpp	local	lbl_Sscrn_rodata_978	lbl_Sscrn_rodata_978
.rodata	0x0000097C	0xC	Sscrn/ss_item.cpp	local	lbl_Sscrn_rodata_97C	lbl_Sscrn_rodata_97C
.rodata	0x00000988	0x1C	Sscrn/ss_item.cpp	local	lbl_Sscrn_rodata_988	lbl_Sscrn_rodata_988
.rodata	0x000009A4	0x20	Sscrn/ss_item.cpp	local	lbl_Sscrn_rodata_9A4	lbl_Sscrn_rodata_9A4
.rodata	0x000009C4	0x21	Sscrn/ss_item.cpp	local	lbl_Sscrn_rodata_9C4	lbl_Sscrn_rodata_9C4
.rodata	0x000009E5	0x6B	Sscrn/ss_item.cpp	local	lbl_Sscrn_rodata_9E5	lbl_Sscrn_rodata_9E5
.rodata	0x00000A50	0x8	Sscrn/ss_item.cpp	local	lbl_Sscrn_rodata_A50	lbl_Sscrn_rodata_A50
.rodata	0x00000A58	0x4	Sscrn/ss_item.cpp	local	lbl_Sscrn_rodata_A58	lbl_Sscrn_rodata_A58
.rodata	0x00000A5C	0xC	Sscrn/ss_item.cpp	local	lbl_Sscrn_rodata_A5C	lbl_Sscrn_rodata_A5C
.rodata	0x00000A68	0xC	Sscrn/ss_item.cpp	local	lbl_Sscrn_rodata_A68	lbl_Sscrn_rodata_A68
.rodata	0x00000A74	0xC	Sscrn/ss_item.cpp	local	lbl_Sscrn_rodata_A74	lbl_Sscrn_rodata_A74
.rodata	0x00000A80	0x18	Sscrn/ss_item.cpp	local	lbl_Sscrn_rodata_A80	lbl_Sscrn_rodata_A80
.rodata	0x00000A98	0x4	Sscrn/ss_item.cpp	local	lbl_Sscrn_rodata_A98	lbl_Sscrn_rodata_A98
.rodata	0x00000A9C	0x4	Sscrn/ss_item.cpp	local	lbl_Sscrn_rodata_A9C	lbl_Sscrn_rodata_A9C
.rodata	0x00000AA0	0xC	Sscrn/ss_item.cpp	local	lbl_Sscrn_rodata_AA0	lbl_Sscrn_rodata_AA0
.rodata	0x00000AAC	0xC	Sscrn/ss_item.cpp	local	lbl_Sscrn_rodata_AAC	lbl_Sscrn_rodata_AAC
.rodata	0x00000AB8	0x18	Sscrn/ss_item.cpp	local	lbl_Sscrn_rodata_AB8	lbl_Sscrn_rodata_AB8
.rodata	0x00000AD0	0x28	Sscrn/ss_item.cpp	local	lbl_Sscrn_rodata_AD0	lbl_Sscrn_rodata_AD0
.rodata	0x00000AF8	0x28	Sscrn/ss_item.cpp	local	lbl_Sscrn_rodata_AF8	lbl_Sscrn_rodata_AF8
.rodata	0x00000B20	0x38	Sscrn/ss_item.cpp	local	lbl_Sscrn_rodata_B20	lbl_Sscrn_rodata_B20
.rodata	0x00000B58	0x28	Sscrn/ss_item.cpp	local	lbl_Sscrn_rodata_B58	lbl_Sscrn_rodata_B58
.rodata	0x00000B80	0x20	Sscrn/ss_item.cpp	local	lbl_Sscrn_rodata_B80	lbl_Sscrn_rodata_B80
.rodata	0x00000BA0	0x30	Sscrn/ss_item.cpp	global	_vt.11ItemCombine	_vt.11ItemCombine
.rodata	0x00000BD0	0x30	Sscrn/ss_item.cpp	global	_vt.11ItemCommand	_vt.11ItemCommand
.rodata	0x00000C00	0x30	Sscrn/ss_item.cpp	global	_vt.10ItemSelect	_vt.10ItemSelect
.rodata	0x00000C30	0x30	Sscrn/ss_item.cpp	global	_vt.10SsItemMain	lbl_Sscrn_rodata_C30
.rodata	0x00000C60	0x30	Sscrn/ss_item.cpp	global	_vt.10SsItemInit	lbl_Sscrn_rodata_C60
.rodata	0x00000CC0	0x4	Sscrn/ss_item_draw.cpp	local	lbl_Sscrn_rodata_CC0	lbl_Sscrn_rodata_CC0
.rodata	0x00000CC4	0x4	Sscrn/ss_item_draw.cpp	local	lbl_Sscrn_rodata_CC4	lbl_Sscrn_rodata_CC4
.rodata	0x00000CC8	0x8	Sscrn/ss_item_draw.cpp	local	lbl_Sscrn_rodata_CC8	lbl_Sscrn_rodata_CC8
.rodata	0x00000D3C	0xB4	Sscrn/ss_main.cpp	local	lbl_Sscrn_rodata_D3C	lbl_Sscrn_rodata_D3C
.rodata	0x00000DF0	0xC	Sscrn/ss_main.cpp	local	lbl_Sscrn_rodata_DF0	lbl_Sscrn_rodata_DF0
.rodata	0x00000DFC	0xC	Sscrn/ss_main.cpp	local	lbl_Sscrn_rodata_DFC	lbl_Sscrn_rodata_DFC
.rodata	0x00000E08	0x10	Sscrn/ss_main.cpp	local	lbl_Sscrn_rodata_E08	lbl_Sscrn_rodata_E08
.rodata	0x00000E18	0x10	Sscrn/ss_main.cpp	local	lbl_Sscrn_rodata_E18	lbl_Sscrn_rodata_E18
.rodata	0x00000E28	0x1C	Sscrn/ss_main.cpp	local	lbl_Sscrn_rodata_E28	lbl_Sscrn_rodata_E28
.rodata	0x00000E44	0x4	Sscrn/ss_main.cpp	local	lbl_Sscrn_rodata_E44	lbl_Sscrn_rodata_E44
.rodata	0x00000E48	0x4	Sscrn/ss_main.cpp	local	lbl_Sscrn_rodata_E48	lbl_Sscrn_rodata_E48
.rodata	0x00000E4C	0x4	Sscrn/ss_main.cpp	local	lbl_Sscrn_rodata_E4C	lbl_Sscrn_rodata_E4C
.rodata	0x00000E50	0x4	Sscrn/ss_main.cpp	local	lbl_Sscrn_rodata_E50	lbl_Sscrn_rodata_E50
.rodata	0x00000E54	0x4	Sscrn/ss_main.cpp	local	lbl_Sscrn_rodata_E54	lbl_Sscrn_rodata_E54
.rodata	0x00000E58	0x8	Sscrn/ss_main.cpp	local	lbl_Sscrn_rodata_E58	lbl_Sscrn_rodata_E58
.rodata	0x00000E60	0x24	Sscrn/ss_main.cpp	local	lbl_Sscrn_rodata_E60	lbl_Sscrn_rodata_E60
.rodata	0x00000E84	0x4	Sscrn/ss_main.cpp	local	lbl_Sscrn_rodata_E84	lbl_Sscrn_rodata_E84
.rodata	0x00000E88	0x4	Sscrn/ss_main.cpp	local	lbl_Sscrn_rodata_E88	lbl_Sscrn_rodata_E88
.rodata	0x00000E8C	0x20	Sscrn/ss_main.cpp	local	lbl_Sscrn_rodata_E8C	lbl_Sscrn_rodata_E8C
.rodata	0x00000EAC	0x14	Sscrn/ss_main.cpp	local	lbl_Sscrn_rodata_EAC	lbl_Sscrn_rodata_EAC
.rodata	0x00000EC0	0x14	Sscrn/ss_main.cpp	local	lbl_Sscrn_rodata_EC0	lbl_Sscrn_rodata_EC0
.rodata	0x00000ED4	0x14	Sscrn/ss_main.cpp	local	lbl_Sscrn_rodata_ED4	lbl_Sscrn_rodata_ED4
.rodata	0x00000EE8	0x14	Sscrn/ss_main.cpp	local	lbl_Sscrn_rodata_EE8	lbl_Sscrn_rodata_EE8
.rodata	0x00000EFC	0x24	Sscrn/ss_main.cpp	local	lbl_Sscrn_rodata_EFC	lbl_Sscrn_rodata_EFC
.rodata	0x00000F20	0xC	Sscrn/ss_main.cpp	local	exam_light_ofs.488	exam_light_ofs.488
.rodata	0x00000F2C	0xC	Sscrn/ss_main.cpp	local	exam_light_size.489	exam_light_size.489
.rodata	0x00000F38	0x4	Sscrn/ss_main.cpp	local	lbl_Sscrn_rodata_F38	lbl_Sscrn_rodata_F38
.rodata	0x00000F3C	0x4	Sscrn/ss_main.cpp	local	lbl_Sscrn_rodata_F3C	lbl_Sscrn_rodata_F3C
.rodata	0x00000F40	0x4	Sscrn/ss_main.cpp	local	lbl_Sscrn_rodata_F40	lbl_Sscrn_rodata_F40
.rodata	0x00000F44	0x4	Sscrn/ss_main.cpp	local	lbl_Sscrn_rodata_F44	lbl_Sscrn_rodata_F44
.rodata	0x00000F48	0x4	Sscrn/ss_main.cpp	local	lbl_Sscrn_rodata_F48	lbl_Sscrn_rodata_F48
.rodata	0x00000F4C	0x4	Sscrn/ss_main.cpp	local	lbl_Sscrn_rodata_F4C	lbl_Sscrn_rodata_F4C
.rodata	0x00000F50	0x4	Sscrn/ss_main.cpp	local	lbl_Sscrn_rodata_F50	lbl_Sscrn_rodata_F50
.rodata	0x00000F54	0x4	Sscrn/ss_main.cpp	local	lbl_Sscrn_rodata_F54	lbl_Sscrn_rodata_F54
.rodata	0x00000F58	0x28	Sscrn/ss_main.cpp	local	lbl_Sscrn_rodata_F58	lbl_Sscrn_rodata_F58
.rodata	0x00000F80	0x30	Sscrn/ss_main.cpp	local	lbl_Sscrn_rodata_F80	lbl_Sscrn_rodata_F80
.rodata	0x00000FB0	0x28	Sscrn/ss_main.cpp	local	lbl_Sscrn_rodata_FB0	lbl_Sscrn_rodata_FB0
.rodata	0x00000FD8	0x24	Sscrn/ss_main.cpp	local	lbl_Sscrn_rodata_FD8	lbl_Sscrn_rodata_FD8
.rodata	0x00000FFC	0x1C	Sscrn/ss_main.cpp	local	lbl_Sscrn_rodata_FFC	lbl_Sscrn_rodata_FFC
.rodata	0x00001018	0x8	Sscrn/ss_main.cpp	local	lbl_Sscrn_rodata_1018	lbl_Sscrn_rodata_1018
.rodata	0x00001020	0x4	Sscrn/ss_main.cpp	local	lbl_Sscrn_rodata_1020	lbl_Sscrn_rodata_1020
.rodata	0x00001024	0x4	Sscrn/ss_main.cpp	local	lbl_Sscrn_rodata_1024	lbl_Sscrn_rodata_1024
.rodata	0x00001028	0x28	Sscrn/ss_main.cpp	local	lbl_Sscrn_rodata_1028	lbl_Sscrn_rodata_1028
.rodata	0x00001050	0x28	Sscrn/ss_main.cpp	local	lbl_Sscrn_rodata_1050	lbl_Sscrn_rodata_1050
.rodata	0x00001078	0x38	Sscrn/ss_main.cpp	local	lbl_Sscrn_rodata_1078	lbl_Sscrn_rodata_1078
.rodata	0x000010B0	0x28	Sscrn/ss_main.cpp	local	lbl_Sscrn_rodata_10B0	lbl_Sscrn_rodata_10B0
.rodata	0x000010D8	0x20	Sscrn/ss_main.cpp	local	lbl_Sscrn_rodata_10D8	lbl_Sscrn_rodata_10D8
.rodata	0x000010F8	0x30	Sscrn/ss_main.cpp	global	_vt.13SsItemExamine	_vt.13SsItemExamine
.rodata	0x00001128	0x30	Sscrn/ss_main.cpp	global	_vt.10SsExitMain	_vt.10SsExitMain
.rodata	0x00001158	0x30	Sscrn/ss_main.cpp	global	_vt.10SsExitInit	_vt.10SsExitInit
.rodata	0x000011B8	0x48	Sscrn/ss_main.cpp	global	_vt.t8cManager1Z6cParts	_vt.t8cManager1Z6cParts
.rodata	0x00001200	0x48	Sscrn/ss_main.cpp	global	_vt.t8cManager1Z10cModelInfo	_vt.t8cManager1Z10cModelInfo
.rodata	0x00001278	0x54	Sscrn/ss_map.cpp	local	lbl_Sscrn_rodata_1278	lbl_Sscrn_rodata_1278
.rodata	0x000012CC	0x4	Sscrn/ss_map.cpp	local	lbl_Sscrn_rodata_12CC	lbl_Sscrn_rodata_12CC
.rodata	0x000012D0	0x4	Sscrn/ss_map.cpp	local	lbl_Sscrn_rodata_12D0	lbl_Sscrn_rodata_12D0
.rodata	0x000012D4	0x4	Sscrn/ss_map.cpp	local	lbl_Sscrn_rodata_12D4	lbl_Sscrn_rodata_12D4
.rodata	0x000012D8	0x4	Sscrn/ss_map.cpp	local	lbl_Sscrn_rodata_12D8	lbl_Sscrn_rodata_12D8
.rodata	0x000012DC	0x4	Sscrn/ss_map.cpp	local	lbl_Sscrn_rodata_12DC	lbl_Sscrn_rodata_12DC
.rodata	0x000012E0	0x4	Sscrn/ss_map.cpp	local	lbl_Sscrn_rodata_12E0	lbl_Sscrn_rodata_12E0
.rodata	0x000012E4	0x4	Sscrn/ss_map.cpp	local	lbl_Sscrn_rodata_12E4	lbl_Sscrn_rodata_12E4
.rodata	0x000012E8	0x4	Sscrn/ss_map.cpp	local	lbl_Sscrn_rodata_12E8	lbl_Sscrn_rodata_12E8
.rodata	0x000012EC	0x4	Sscrn/ss_map.cpp	local	lbl_Sscrn_rodata_12EC	lbl_Sscrn_rodata_12EC
.rodata	0x000012F0	0x4	Sscrn/ss_map.cpp	local	lbl_Sscrn_rodata_12F0	lbl_Sscrn_rodata_12F0
.rodata	0x000012F4	0x4	Sscrn/ss_map.cpp	local	lbl_Sscrn_rodata_12F4	lbl_Sscrn_rodata_12F4
.rodata	0x000012F8	0x28	Sscrn/ss_map.cpp	local	lbl_Sscrn_rodata_12F8	lbl_Sscrn_rodata_12F8
.rodata	0x00001320	0x18	Sscrn/ss_map.cpp	local	lbl_Sscrn_rodata_1320	lbl_Sscrn_rodata_1320
.rodata	0x00001338	0xC	Sscrn/ss_map.cpp	local	lbl_Sscrn_rodata_1338	lbl_Sscrn_rodata_1338
.rodata	0x00001344	0x8	Sscrn/ss_map.cpp	local	lbl_Sscrn_rodata_1344	lbl_Sscrn_rodata_1344
.rodata	0x0000134C	0xC	Sscrn/ss_map.cpp	local	lbl_Sscrn_rodata_134C	lbl_Sscrn_rodata_134C
.rodata	0x00001358	0x10	Sscrn/ss_map.cpp	local	lbl_Sscrn_rodata_1358	lbl_Sscrn_rodata_1358
.rodata	0x00001368	0x18	Sscrn/ss_map.cpp	local	lbl_Sscrn_rodata_1368	lbl_Sscrn_rodata_1368
.rodata	0x00001380	0xC	Sscrn/ss_map.cpp	local	lbl_Sscrn_rodata_1380	lbl_Sscrn_rodata_1380
.rodata	0x0000138C	0x8	Sscrn/ss_map.cpp	local	lbl_Sscrn_rodata_138C	lbl_Sscrn_rodata_138C
.rodata	0x00001394	0x18	Sscrn/ss_map.cpp	local	lbl_Sscrn_rodata_1394	lbl_Sscrn_rodata_1394
.rodata	0x000013AC	0x18	Sscrn/ss_map.cpp	local	lbl_Sscrn_rodata_13AC	lbl_Sscrn_rodata_13AC
.rodata	0x000013C4	0x8	Sscrn/ss_map.cpp	local	lbl_Sscrn_rodata_13C4	lbl_Sscrn_rodata_13C4
.rodata	0x000013CC	0xE	Sscrn/ss_map.cpp	local	lbl_Sscrn_rodata_13CC	lbl_Sscrn_rodata_13CC
.rodata	0x000013DA	0xC	Sscrn/ss_map.cpp	local	lbl_Sscrn_rodata_13DA	lbl_Sscrn_rodata_13DA
.rodata	0x000013E6	0x3	Sscrn/ss_map.cpp	local	lbl_Sscrn_rodata_13E6	lbl_Sscrn_rodata_13E6
.rodata	0x000013E9	0x3	Sscrn/ss_map.cpp	local	lbl_Sscrn_rodata_13E9	lbl_Sscrn_rodata_13E9
.rodata	0x000013EC	0x5	Sscrn/ss_map.cpp	local	lbl_Sscrn_rodata_13EC	lbl_Sscrn_rodata_13EC
.rodata	0x000013F1	0x6	Sscrn/ss_map.cpp	local	lbl_Sscrn_rodata_13F1	lbl_Sscrn_rodata_13F1
.rodata	0x000013F7	0xC	Sscrn/ss_map.cpp	local	lbl_Sscrn_rodata_13F7	lbl_Sscrn_rodata_13F7
.rodata	0x00001403	0xD	Sscrn/ss_map.cpp	local	lbl_Sscrn_rodata_1403	lbl_Sscrn_rodata_1403
.rodata	0x00001410	0x4	Sscrn/ss_map.cpp	local	lbl_Sscrn_rodata_1410	lbl_Sscrn_rodata_1410
.rodata	0x00001414	0x4	Sscrn/ss_map.cpp	local	lbl_Sscrn_rodata_1414	lbl_Sscrn_rodata_1414
.rodata	0x00001418	0x4	Sscrn/ss_map.cpp	local	lbl_Sscrn_rodata_1418	lbl_Sscrn_rodata_1418
.rodata	0x0000141C	0x4	Sscrn/ss_map.cpp	local	lbl_Sscrn_rodata_141C	lbl_Sscrn_rodata_141C
.rodata	0x00001420	0xC	Sscrn/ss_map.cpp	local	lbl_Sscrn_rodata_1420	lbl_Sscrn_rodata_1420
.rodata	0x0000142C	0x2C	Sscrn/ss_map.cpp	local	lbl_Sscrn_rodata_142C	lbl_Sscrn_rodata_142C
.rodata	0x00001458	0x4	Sscrn/ss_map.cpp	local	lbl_Sscrn_rodata_1458	lbl_Sscrn_rodata_1458
.rodata	0x0000145C	0x4	Sscrn/ss_map.cpp	local	lbl_Sscrn_rodata_145C	lbl_Sscrn_rodata_145C
.rodata	0x00001460	0x4	Sscrn/ss_map.cpp	local	lbl_Sscrn_rodata_1460	lbl_Sscrn_rodata_1460
.rodata	0x00001464	0x4	Sscrn/ss_map.cpp	local	lbl_Sscrn_rodata_1464	lbl_Sscrn_rodata_1464
.rodata	0x00001468	0x160	Sscrn/ss_map.cpp	local	lbl_Sscrn_rodata_1468	lbl_Sscrn_rodata_1468
.rodata	0x000015C8	0x1B0	Sscrn/ss_map.cpp	local	lbl_Sscrn_rodata_15C8	lbl_Sscrn_rodata_15C8
.rodata	0x00001778	0xB0	Sscrn/ss_map.cpp	local	lbl_Sscrn_rodata_1778	lbl_Sscrn_rodata_1778
.rodata	0x00001828	0x20	Sscrn/ss_map.cpp	local	lbl_Sscrn_rodata_1828	lbl_Sscrn_rodata_1828
.rodata	0x00001848	0x10	Sscrn/ss_map.cpp	local	lbl_Sscrn_rodata_1848	lbl_Sscrn_rodata_1848
.rodata	0x00001858	0x50	Sscrn/ss_map.cpp	local	lbl_Sscrn_rodata_1858	lbl_Sscrn_rodata_1858
.rodata	0x000018A8	0x80	Sscrn/ss_map.cpp	local	lbl_Sscrn_rodata_18A8	lbl_Sscrn_rodata_18A8
.rodata	0x00001928	0x50	Sscrn/ss_map.cpp	local	lbl_Sscrn_rodata_1928	lbl_Sscrn_rodata_1928
.rodata	0x00001978	0xD0	Sscrn/ss_map.cpp	local	lbl_Sscrn_rodata_1978	lbl_Sscrn_rodata_1978
.rodata	0x00001A48	0x50	Sscrn/ss_map.cpp	local	lbl_Sscrn_rodata_1A48	lbl_Sscrn_rodata_1A48
.rodata	0x00001A98	0x10	Sscrn/ss_map.cpp	local	lbl_Sscrn_rodata_1A98	lbl_Sscrn_rodata_1A98
.rodata	0x00001AA8	0x10	Sscrn/ss_map.cpp	local	lbl_Sscrn_rodata_1AA8	lbl_Sscrn_rodata_1AA8
.rodata	0x00001AB8	0x10	Sscrn/ss_map.cpp	local	lbl_Sscrn_rodata_1AB8	lbl_Sscrn_rodata_1AB8
.rodata	0x00001AC8	0x10	Sscrn/ss_map.cpp	local	lbl_Sscrn_rodata_1AC8	lbl_Sscrn_rodata_1AC8
.rodata	0x00001AD8	0x10	Sscrn/ss_map.cpp	local	lbl_Sscrn_rodata_1AD8	lbl_Sscrn_rodata_1AD8
.rodata	0x00001AE8	0x10	Sscrn/ss_map.cpp	local	lbl_Sscrn_rodata_1AE8	lbl_Sscrn_rodata_1AE8
.rodata	0x00001AF8	0x80	Sscrn/ss_map.cpp	local	lbl_Sscrn_rodata_1AF8	lbl_Sscrn_rodata_1AF8
.rodata	0x00001B78	0xC	Sscrn/ss_map.cpp	local	ofs.513	ofs.513
.rodata	0x00001B84	0xC	Sscrn/ss_map.cpp	local	size.514	size.514
.rodata	0x00001B90	0x30	Sscrn/ss_map.cpp	local	lbl_Sscrn_rodata_1B90	lbl_Sscrn_rodata_1B90
.rodata	0x00001BC0	0x4	Sscrn/ss_map.cpp	local	lbl_Sscrn_rodata_1BC0	lbl_Sscrn_rodata_1BC0
.rodata	0x00001BC4	0x4	Sscrn/ss_map.cpp	local	lbl_Sscrn_rodata_1BC4	lbl_Sscrn_rodata_1BC4
.rodata	0x00001BC8	0x4	Sscrn/ss_map.cpp	local	lbl_Sscrn_rodata_1BC8	lbl_Sscrn_rodata_1BC8
.rodata	0x00001BCC	0x4	Sscrn/ss_map.cpp	local	lbl_Sscrn_rodata_1BCC	lbl_Sscrn_rodata_1BCC
.rodata	0x00001BD0	0x8	Sscrn/ss_map.cpp	local	lbl_Sscrn_rodata_1BD0	lbl_Sscrn_rodata_1BD0
.rodata	0x00001BD8	0x4	Sscrn/ss_map.cpp	local	lbl_Sscrn_rodata_1BD8	lbl_Sscrn_rodata_1BD8
.rodata	0x00001BDC	0x4	Sscrn/ss_map.cpp	local	lbl_Sscrn_rodata_1BDC	lbl_Sscrn_rodata_1BDC
.rodata	0x00001BE0	0x4	Sscrn/ss_map.cpp	local	lbl_Sscrn_rodata_1BE0	lbl_Sscrn_rodata_1BE0
.rodata	0x00001BE4	0x4	Sscrn/ss_map.cpp	local	lbl_Sscrn_rodata_1BE4	lbl_Sscrn_rodata_1BE4
.rodata	0x00001BE8	0x4	Sscrn/ss_map.cpp	local	lbl_Sscrn_rodata_1BE8	lbl_Sscrn_rodata_1BE8
.rodata	0x00001BEC	0x4	Sscrn/ss_map.cpp	local	lbl_Sscrn_rodata_1BEC	lbl_Sscrn_rodata_1BEC
.rodata	0x00001BF0	0x4	Sscrn/ss_map.cpp	local	lbl_Sscrn_rodata_1BF0	lbl_Sscrn_rodata_1BF0
.rodata	0x00001BF4	0x4	Sscrn/ss_map.cpp	local	lbl_Sscrn_rodata_1BF4	lbl_Sscrn_rodata_1BF4
.rodata	0x00001BF8	0x4	Sscrn/ss_map.cpp	local	lbl_Sscrn_rodata_1BF8	lbl_Sscrn_rodata_1BF8
.rodata	0x00001BFC	0x4	Sscrn/ss_map.cpp	local	lbl_Sscrn_rodata_1BFC	lbl_Sscrn_rodata_1BFC
.rodata	0x00001C00	0x4	Sscrn/ss_map.cpp	local	lbl_Sscrn_rodata_1C00	lbl_Sscrn_rodata_1C00
.rodata	0x00001C04	0x4	Sscrn/ss_map.cpp	local	lbl_Sscrn_rodata_1C04	lbl_Sscrn_rodata_1C04
.rodata	0x00001C08	0x4	Sscrn/ss_map.cpp	local	lbl_Sscrn_rodata_1C08	lbl_Sscrn_rodata_1C08
.rodata	0x00001C0C	0x4	Sscrn/ss_map.cpp	local	lbl_Sscrn_rodata_1C0C	lbl_Sscrn_rodata_1C0C
.rodata	0x00001C10	0x10	Sscrn/ss_map.cpp	local	lbl_Sscrn_rodata_1C10	lbl_Sscrn_rodata_1C10
.rodata	0x00001C20	0x8	Sscrn/ss_map.cpp	local	lbl_Sscrn_rodata_1C20	lbl_Sscrn_rodata_1C20
.rodata	0x00001C28	0x4	Sscrn/ss_map.cpp	local	lbl_Sscrn_rodata_1C28	lbl_Sscrn_rodata_1C28
.rodata	0x00001C2C	0x14	Sscrn/ss_map.cpp	local	lbl_Sscrn_rodata_1C2C	lbl_Sscrn_rodata_1C2C
.rodata	0x00001C40	0x18	Sscrn/ss_map.cpp	local	lbl_Sscrn_rodata_1C40	lbl_Sscrn_rodata_1C40
.rodata	0x00001C58	0x18	Sscrn/ss_map.cpp	local	lbl_Sscrn_rodata_1C58	lbl_Sscrn_rodata_1C58
.rodata	0x00001C70	0x18	Sscrn/ss_map.cpp	local	lbl_Sscrn_rodata_1C70	lbl_Sscrn_rodata_1C70
.rodata	0x00001C88	0x18	Sscrn/ss_map.cpp	local	lbl_Sscrn_rodata_1C88	lbl_Sscrn_rodata_1C88
.rodata	0x00001CA0	0x18	Sscrn/ss_map.cpp	local	lbl_Sscrn_rodata_1CA0	lbl_Sscrn_rodata_1CA0
.rodata	0x00001CB8	0x18	Sscrn/ss_map.cpp	local	lbl_Sscrn_rodata_1CB8	lbl_Sscrn_rodata_1CB8
.rodata	0x00001CD0	0x18	Sscrn/ss_map.cpp	local	lbl_Sscrn_rodata_1CD0	lbl_Sscrn_rodata_1CD0
.rodata	0x00001CE8	0x18	Sscrn/ss_map.cpp	local	lbl_Sscrn_rodata_1CE8	lbl_Sscrn_rodata_1CE8
.rodata	0x00001D00	0x18	Sscrn/ss_map.cpp	local	lbl_Sscrn_rodata_1D00	lbl_Sscrn_rodata_1D00
.rodata	0x00001D18	0x18	Sscrn/ss_map.cpp	local	lbl_Sscrn_rodata_1D18	lbl_Sscrn_rodata_1D18
.rodata	0x00001D30	0x18	Sscrn/ss_map.cpp	local	lbl_Sscrn_rodata_1D30	lbl_Sscrn_rodata_1D30
.rodata	0x00001D48	0x18	Sscrn/ss_map.cpp	local	lbl_Sscrn_rodata_1D48	lbl_Sscrn_rodata_1D48
.rodata	0x00001D60	0x18	Sscrn/ss_map.cpp	local	lbl_Sscrn_rodata_1D60	lbl_Sscrn_rodata_1D60
.rodata	0x00001D78	0x18	Sscrn/ss_map.cpp	local	lbl_Sscrn_rodata_1D78	lbl_Sscrn_rodata_1D78
.rodata	0x00001D90	0x18	Sscrn/ss_map.cpp	local	lbl_Sscrn_rodata_1D90	lbl_Sscrn_rodata_1D90
.rodata	0x00001DA8	0x18	Sscrn/ss_map.cpp	local	lbl_Sscrn_rodata_1DA8	lbl_Sscrn_rodata_1DA8
.rodata	0x00001DC0	0xC	Sscrn/ss_map.cpp	local	lbl_Sscrn_rodata_1DC0	lbl_Sscrn_rodata_1DC0
.rodata	0x00001DCC	0x18	Sscrn/ss_map.cpp	local	lbl_Sscrn_rodata_1DCC	lbl_Sscrn_rodata_1DCC
.rodata	0x00001DE4	0x20	Sscrn/ss_map.cpp	local	lbl_Sscrn_rodata_1DE4	lbl_Sscrn_rodata_1DE4
.rodata	0x00001E04	0x24	Sscrn/ss_map.cpp	local	lbl_Sscrn_rodata_1E04	lbl_Sscrn_rodata_1E04
.rodata	0x00001E28	0x28	Sscrn/ss_map.cpp	local	lbl_Sscrn_rodata_1E28	lbl_Sscrn_rodata_1E28
.rodata	0x00001E50	0x28	Sscrn/ss_map.cpp	local	lbl_Sscrn_rodata_1E50	lbl_Sscrn_rodata_1E50
.rodata	0x00001E78	0x38	Sscrn/ss_map.cpp	local	lbl_Sscrn_rodata_1E78	lbl_Sscrn_rodata_1E78
.rodata	0x00001EB0	0x28	Sscrn/ss_map.cpp	local	lbl_Sscrn_rodata_1EB0	lbl_Sscrn_rodata_1EB0
.rodata	0x00001ED8	0x20	Sscrn/ss_map.cpp	local	lbl_Sscrn_rodata_1ED8	lbl_Sscrn_rodata_1ED8
.rodata	0x00001EF8	0x30	Sscrn/ss_map.cpp	global	_vt.13MapModeSelect	_vt.13MapModeSelect
.rodata	0x00001F28	0x30	Sscrn/ss_map.cpp	global	_vt.7MapRead	_vt.7MapRead
.rodata	0x00001F58	0x30	Sscrn/ss_map.cpp	global	_vt.10MapZoomOut	_vt.10MapZoomOut
.rodata	0x00001F88	0x30	Sscrn/ss_map.cpp	global	_vt.9MapZoomIn	_vt.9MapZoomIn
.rodata	0x00001FB8	0x30	Sscrn/ss_map.cpp	global	_vt.9MapEntire	_vt.9MapEntire
.rodata	0x00001FE8	0x30	Sscrn/ss_map.cpp	global	_vt.8MapFocus	_vt.8MapFocus
.rodata	0x00002018	0x30	Sscrn/ss_map.cpp	global	_vt.9SsMapMain	lbl_Sscrn_rodata_2018
.rodata	0x00002048	0x30	Sscrn/ss_map.cpp	global	_vt.9SsMapInit	lbl_Sscrn_rodata_2048
.rodata	0x00002078	0x28	Sscrn/ss_map.cpp	global	_vt.4cSat	_vt.4cSat
.rodata	0x000020D0	0x28	Sscrn/ss_map.cpp	global	_vt.5cUnit	_vt.5cUnit
.rodata	0x000020F8	0x80	Sscrn/ss_map.cpp	local	map_cam_entire	map_cam_entire
.rodata	0x00002178	0x168	Sscrn/ss_map.cpp	local	mark_model_tbl	mark_model_tbl
.rodata	0x00002364	0x18	Sscrn/ss_model.cpp	local	lbl_Sscrn_rodata_2364	lbl_Sscrn_rodata_2364
.rodata	0x0000237C	0x14	Sscrn/ss_model.cpp	local	lbl_Sscrn_rodata_237C	lbl_Sscrn_rodata_237C
.rodata	0x00002390	0x14	Sscrn/ss_model.cpp	local	lbl_Sscrn_rodata_2390	lbl_Sscrn_rodata_2390
.rodata	0x000023A4	0x14	Sscrn/ss_model.cpp	local	lbl_Sscrn_rodata_23A4	lbl_Sscrn_rodata_23A4
.rodata	0x000023B8	0x14	Sscrn/ss_model.cpp	local	lbl_Sscrn_rodata_23B8	lbl_Sscrn_rodata_23B8
.rodata	0x000023CC	0x14	Sscrn/ss_model.cpp	local	lbl_Sscrn_rodata_23CC	lbl_Sscrn_rodata_23CC
.rodata	0x000023E0	0x14	Sscrn/ss_model.cpp	local	lbl_Sscrn_rodata_23E0	lbl_Sscrn_rodata_23E0
.rodata	0x000023F4	0x14	Sscrn/ss_model.cpp	local	lbl_Sscrn_rodata_23F4	lbl_Sscrn_rodata_23F4
.rodata	0x00002408	0x14	Sscrn/ss_model.cpp	local	lbl_Sscrn_rodata_2408	lbl_Sscrn_rodata_2408
.rodata	0x0000241C	0x14	Sscrn/ss_model.cpp	local	lbl_Sscrn_rodata_241C	lbl_Sscrn_rodata_241C
.rodata	0x00002430	0x14	Sscrn/ss_model.cpp	local	lbl_Sscrn_rodata_2430	lbl_Sscrn_rodata_2430
.rodata	0x00002444	0x14	Sscrn/ss_model.cpp	local	lbl_Sscrn_rodata_2444	lbl_Sscrn_rodata_2444
.rodata	0x00002458	0x14	Sscrn/ss_model.cpp	local	lbl_Sscrn_rodata_2458	lbl_Sscrn_rodata_2458
.rodata	0x0000246C	0x14	Sscrn/ss_model.cpp	local	lbl_Sscrn_rodata_246C	lbl_Sscrn_rodata_246C
.rodata	0x00002480	0x14	Sscrn/ss_model.cpp	local	lbl_Sscrn_rodata_2480	lbl_Sscrn_rodata_2480
.rodata	0x00002494	0x14	Sscrn/ss_model.cpp	local	lbl_Sscrn_rodata_2494	lbl_Sscrn_rodata_2494
.rodata	0x000024A8	0x14	Sscrn/ss_model.cpp	local	lbl_Sscrn_rodata_24A8	lbl_Sscrn_rodata_24A8
.rodata	0x000024BC	0x14	Sscrn/ss_model.cpp	local	lbl_Sscrn_rodata_24BC	lbl_Sscrn_rodata_24BC
.rodata	0x000024D0	0x14	Sscrn/ss_model.cpp	local	lbl_Sscrn_rodata_24D0	lbl_Sscrn_rodata_24D0
.rodata	0x000024E4	0x14	Sscrn/ss_model.cpp	local	lbl_Sscrn_rodata_24E4	lbl_Sscrn_rodata_24E4
.rodata	0x000024F8	0xC	Sscrn/ss_model.cpp	local	light_ofs.282	light_ofs.282
.rodata	0x00002504	0xC	Sscrn/ss_model.cpp	local	light_size.283	light_size.283
.rodata	0x00002510	0x4	Sscrn/ss_model.cpp	local	lbl_Sscrn_rodata_2510	lbl_Sscrn_rodata_2510
.rodata	0x00002514	0x4	Sscrn/ss_model.cpp	local	lbl_Sscrn_rodata_2514	lbl_Sscrn_rodata_2514
.rodata	0x00002518	0x4	Sscrn/ss_model.cpp	local	lbl_Sscrn_rodata_2518	lbl_Sscrn_rodata_2518
.rodata	0x0000251C	0x4	Sscrn/ss_model.cpp	local	lbl_Sscrn_rodata_251C	lbl_Sscrn_rodata_251C
.rodata	0x00002520	0x4	Sscrn/ss_model.cpp	local	lbl_Sscrn_rodata_2520	lbl_Sscrn_rodata_2520
.rodata	0x00002524	0x4	Sscrn/ss_model.cpp	local	lbl_Sscrn_rodata_2524	lbl_Sscrn_rodata_2524
.rodata	0x00002528	0x4	Sscrn/ss_model.cpp	local	lbl_Sscrn_rodata_2528	lbl_Sscrn_rodata_2528
.rodata	0x0000252C	0x4	Sscrn/ss_model.cpp	local	lbl_Sscrn_rodata_252C	lbl_Sscrn_rodata_252C
.rodata	0x00002530	0x4	Sscrn/ss_model.cpp	local	lbl_Sscrn_rodata_2530	lbl_Sscrn_rodata_2530
.rodata	0x00002534	0x4	Sscrn/ss_model.cpp	local	lbl_Sscrn_rodata_2534	lbl_Sscrn_rodata_2534
.rodata	0x00002538	0x4	Sscrn/ss_model.cpp	local	lbl_Sscrn_rodata_2538	lbl_Sscrn_rodata_2538
.rodata	0x0000253C	0x4	Sscrn/ss_model.cpp	local	lbl_Sscrn_rodata_253C	lbl_Sscrn_rodata_253C
.rodata	0x00002540	0x4	Sscrn/ss_model.cpp	local	lbl_Sscrn_rodata_2540	lbl_Sscrn_rodata_2540
.rodata	0x00002544	0x4	Sscrn/ss_model.cpp	local	lbl_Sscrn_rodata_2544	lbl_Sscrn_rodata_2544
.rodata	0x00002548	0x4	Sscrn/ss_model.cpp	local	lbl_Sscrn_rodata_2548	lbl_Sscrn_rodata_2548
.rodata	0x0000254C	0x4	Sscrn/ss_model.cpp	local	lbl_Sscrn_rodata_254C	lbl_Sscrn_rodata_254C
.rodata	0x00002550	0x4	Sscrn/ss_model.cpp	local	lbl_Sscrn_rodata_2550	lbl_Sscrn_rodata_2550
.rodata	0x00002554	0x4	Sscrn/ss_model.cpp	local	lbl_Sscrn_rodata_2554	lbl_Sscrn_rodata_2554
.rodata	0x00002558	0x4	Sscrn/ss_model.cpp	local	lbl_Sscrn_rodata_2558	lbl_Sscrn_rodata_2558
.rodata	0x0000255C	0x4	Sscrn/ss_model.cpp	local	lbl_Sscrn_rodata_255C	lbl_Sscrn_rodata_255C
.rodata	0x00002560	0x4	Sscrn/ss_model.cpp	local	lbl_Sscrn_rodata_2560	lbl_Sscrn_rodata_2560
.rodata	0x00002564	0x4	Sscrn/ss_model.cpp	local	lbl_Sscrn_rodata_2564	lbl_Sscrn_rodata_2564
.rodata	0x00002568	0x4	Sscrn/ss_model.cpp	local	lbl_Sscrn_rodata_2568	lbl_Sscrn_rodata_2568
.rodata	0x0000256C	0x4	Sscrn/ss_model.cpp	local	lbl_Sscrn_rodata_256C	lbl_Sscrn_rodata_256C
.rodata	0x00002570	0x4	Sscrn/ss_model.cpp	local	lbl_Sscrn_rodata_2570	lbl_Sscrn_rodata_2570
.rodata	0x00002574	0x4	Sscrn/ss_model.cpp	local	lbl_Sscrn_rodata_2574	lbl_Sscrn_rodata_2574
.rodata	0x00002578	0x4	Sscrn/ss_model.cpp	local	lbl_Sscrn_rodata_2578	lbl_Sscrn_rodata_2578
.rodata	0x0000257C	0x4	Sscrn/ss_model.cpp	local	lbl_Sscrn_rodata_257C	lbl_Sscrn_rodata_257C
.rodata	0x00002580	0x4	Sscrn/ss_model.cpp	local	lbl_Sscrn_rodata_2580	lbl_Sscrn_rodata_2580
.rodata	0x00002584	0x4	Sscrn/ss_model.cpp	local	lbl_Sscrn_rodata_2584	lbl_Sscrn_rodata_2584
.rodata	0x00002588	0x4	Sscrn/ss_model.cpp	local	lbl_Sscrn_rodata_2588	lbl_Sscrn_rodata_2588
.rodata	0x0000258C	0x4	Sscrn/ss_model.cpp	local	lbl_Sscrn_rodata_258C	lbl_Sscrn_rodata_258C
.rodata	0x00002590	0x4	Sscrn/ss_model.cpp	local	lbl_Sscrn_rodata_2590	lbl_Sscrn_rodata_2590
.rodata	0x00002594	0x4	Sscrn/ss_model.cpp	local	lbl_Sscrn_rodata_2594	lbl_Sscrn_rodata_2594
.rodata	0x00002598	0x4	Sscrn/ss_model.cpp	local	lbl_Sscrn_rodata_2598	lbl_Sscrn_rodata_2598
.rodata	0x0000259C	0x4	Sscrn/ss_model.cpp	local	lbl_Sscrn_rodata_259C	lbl_Sscrn_rodata_259C
.rodata	0x000025A0	0x4	Sscrn/ss_model.cpp	local	lbl_Sscrn_rodata_25A0	lbl_Sscrn_rodata_25A0
.rodata	0x000025A4	0x4	Sscrn/ss_model.cpp	local	lbl_Sscrn_rodata_25A4	lbl_Sscrn_rodata_25A4
.rodata	0x000025A8	0x4	Sscrn/ss_model.cpp	local	lbl_Sscrn_rodata_25A8	lbl_Sscrn_rodata_25A8
.rodata	0x000025AC	0x4	Sscrn/ss_model.cpp	local	lbl_Sscrn_rodata_25AC	lbl_Sscrn_rodata_25AC
.rodata	0x000025B0	0x4	Sscrn/ss_model.cpp	local	lbl_Sscrn_rodata_25B0	lbl_Sscrn_rodata_25B0
.rodata	0x000025B4	0x4	Sscrn/ss_model.cpp	local	lbl_Sscrn_rodata_25B4	lbl_Sscrn_rodata_25B4
.rodata	0x000025B8	0x4	Sscrn/ss_model.cpp	local	lbl_Sscrn_rodata_25B8	lbl_Sscrn_rodata_25B8
.rodata	0x000025BC	0x4	Sscrn/ss_model.cpp	local	lbl_Sscrn_rodata_25BC	lbl_Sscrn_rodata_25BC
.rodata	0x000025C0	0x4	Sscrn/ss_model.cpp	local	lbl_Sscrn_rodata_25C0	lbl_Sscrn_rodata_25C0
.rodata	0x000025C4	0x4	Sscrn/ss_model.cpp	local	lbl_Sscrn_rodata_25C4	lbl_Sscrn_rodata_25C4
.rodata	0x000025C8	0x4	Sscrn/ss_model.cpp	local	lbl_Sscrn_rodata_25C8	lbl_Sscrn_rodata_25C8
.rodata	0x000025CC	0x4	Sscrn/ss_model.cpp	local	lbl_Sscrn_rodata_25CC	lbl_Sscrn_rodata_25CC
.rodata	0x000025D0	0x4	Sscrn/ss_model.cpp	local	lbl_Sscrn_rodata_25D0	lbl_Sscrn_rodata_25D0
.rodata	0x000025D4	0x4	Sscrn/ss_model.cpp	local	lbl_Sscrn_rodata_25D4	lbl_Sscrn_rodata_25D4
.rodata	0x000025D8	0x4	Sscrn/ss_model.cpp	local	lbl_Sscrn_rodata_25D8	lbl_Sscrn_rodata_25D8
.rodata	0x000025DC	0x4	Sscrn/ss_model.cpp	local	lbl_Sscrn_rodata_25DC	lbl_Sscrn_rodata_25DC
.rodata	0x000025E0	0x4	Sscrn/ss_model.cpp	local	lbl_Sscrn_rodata_25E0	lbl_Sscrn_rodata_25E0
.rodata	0x000025E4	0x4	Sscrn/ss_model.cpp	local	lbl_Sscrn_rodata_25E4	lbl_Sscrn_rodata_25E4
.rodata	0x000025E8	0x4	Sscrn/ss_model.cpp	local	lbl_Sscrn_rodata_25E8	lbl_Sscrn_rodata_25E8
.rodata	0x000025EC	0x4	Sscrn/ss_model.cpp	local	lbl_Sscrn_rodata_25EC	lbl_Sscrn_rodata_25EC
.rodata	0x000025F0	0x4	Sscrn/ss_model.cpp	local	lbl_Sscrn_rodata_25F0	lbl_Sscrn_rodata_25F0
.rodata	0x000025F4	0x4	Sscrn/ss_model.cpp	local	lbl_Sscrn_rodata_25F4	lbl_Sscrn_rodata_25F4
.rodata	0x000025F8	0x4	Sscrn/ss_model.cpp	local	lbl_Sscrn_rodata_25F8	lbl_Sscrn_rodata_25F8
.rodata	0x000025FC	0x4	Sscrn/ss_model.cpp	local	lbl_Sscrn_rodata_25FC	lbl_Sscrn_rodata_25FC
.rodata	0x00002600	0x4	Sscrn/ss_model.cpp	local	lbl_Sscrn_rodata_2600	lbl_Sscrn_rodata_2600
.rodata	0x00002604	0x4	Sscrn/ss_model.cpp	local	lbl_Sscrn_rodata_2604	lbl_Sscrn_rodata_2604
.rodata	0x00002608	0x4	Sscrn/ss_model.cpp	local	lbl_Sscrn_rodata_2608	lbl_Sscrn_rodata_2608
.rodata	0x0000260C	0x28	Sscrn/ss_model.cpp	local	lbl_Sscrn_rodata_260C	lbl_Sscrn_rodata_260C
.rodata	0x00002634	0x28	Sscrn/ss_model.cpp	local	lbl_Sscrn_rodata_2634	lbl_Sscrn_rodata_2634
.rodata	0x0000265C	0x38	Sscrn/ss_model.cpp	local	lbl_Sscrn_rodata_265C	lbl_Sscrn_rodata_265C
.rodata	0x00002694	0x28	Sscrn/ss_model.cpp	local	lbl_Sscrn_rodata_2694	lbl_Sscrn_rodata_2694
.rodata	0x000026BC	0x1C	Sscrn/ss_model.cpp	local	lbl_Sscrn_rodata_26BC	lbl_Sscrn_rodata_26BC
.rodata	0x00002744	0x18	Sscrn/ss_pzzl.cpp	local	lbl_Sscrn_rodata_2744	lbl_Sscrn_rodata_2744
.rodata	0x0000275C	0x4	Sscrn/ss_pzzl.cpp	local	lbl_Sscrn_rodata_275C	lbl_Sscrn_rodata_275C
.rodata	0x00002760	0x4	Sscrn/ss_pzzl.cpp	local	lbl_Sscrn_rodata_2760	lbl_Sscrn_rodata_2760
.rodata	0x00002764	0x4	Sscrn/ss_pzzl.cpp	local	lbl_Sscrn_rodata_2764	lbl_Sscrn_rodata_2764
.rodata	0x00002768	0x8	Sscrn/ss_pzzl.cpp	local	lbl_Sscrn_rodata_2768	lbl_Sscrn_rodata_2768
.rodata	0x00002770	0x4	Sscrn/ss_pzzl.cpp	local	lbl_Sscrn_rodata_2770	lbl_Sscrn_rodata_2770
.rodata	0x00002774	0x4	Sscrn/ss_pzzl.cpp	local	lbl_Sscrn_rodata_2774	lbl_Sscrn_rodata_2774
.rodata	0x00002778	0x8	Sscrn/ss_pzzl.cpp	local	lbl_Sscrn_rodata_2778	lbl_Sscrn_rodata_2778
.rodata	0x00002780	0x4	Sscrn/ss_pzzl.cpp	local	lbl_Sscrn_rodata_2780	lbl_Sscrn_rodata_2780
.rodata	0x00002784	0x4	Sscrn/ss_pzzl.cpp	local	lbl_Sscrn_rodata_2784	lbl_Sscrn_rodata_2784
.rodata	0x00002788	0x4	Sscrn/ss_pzzl.cpp	local	lbl_Sscrn_rodata_2788	lbl_Sscrn_rodata_2788
.rodata	0x0000278C	0x4	Sscrn/ss_pzzl.cpp	local	lbl_Sscrn_rodata_278C	lbl_Sscrn_rodata_278C
.rodata	0x00002790	0x4	Sscrn/ss_pzzl.cpp	local	lbl_Sscrn_rodata_2790	lbl_Sscrn_rodata_2790
.rodata	0x00002794	0x4	Sscrn/ss_pzzl.cpp	local	lbl_Sscrn_rodata_2794	lbl_Sscrn_rodata_2794
.rodata	0x00002798	0x4	Sscrn/ss_pzzl.cpp	local	lbl_Sscrn_rodata_2798	lbl_Sscrn_rodata_2798
.rodata	0x0000279C	0x4	Sscrn/ss_pzzl.cpp	local	lbl_Sscrn_rodata_279C	lbl_Sscrn_rodata_279C
.rodata	0x000027A0	0x4	Sscrn/ss_pzzl.cpp	local	lbl_Sscrn_rodata_27A0	lbl_Sscrn_rodata_27A0
.rodata	0x000027A4	0x4	Sscrn/ss_pzzl.cpp	local	lbl_Sscrn_rodata_27A4	lbl_Sscrn_rodata_27A4
.rodata	0x000027A8	0x24	Sscrn/ss_pzzl.cpp	local	lbl_Sscrn_rodata_27A8	lbl_Sscrn_rodata_27A8
.rodata	0x000027CC	0x4	Sscrn/ss_pzzl.cpp	local	lbl_Sscrn_rodata_27CC	lbl_Sscrn_rodata_27CC
.rodata	0x000027D0	0x4	Sscrn/ss_pzzl.cpp	local	lbl_Sscrn_rodata_27D0	lbl_Sscrn_rodata_27D0
.rodata	0x000027D4	0x4	Sscrn/ss_pzzl.cpp	local	lbl_Sscrn_rodata_27D4	lbl_Sscrn_rodata_27D4
.rodata	0x000027D8	0x4	Sscrn/ss_pzzl.cpp	local	lbl_Sscrn_rodata_27D8	lbl_Sscrn_rodata_27D8
.rodata	0x000027DC	0x4	Sscrn/ss_pzzl.cpp	local	lbl_Sscrn_rodata_27DC	lbl_Sscrn_rodata_27DC
.rodata	0x000027E0	0x4	Sscrn/ss_pzzl.cpp	local	lbl_Sscrn_rodata_27E0	lbl_Sscrn_rodata_27E0
.rodata	0x000027E4	0x4	Sscrn/ss_pzzl.cpp	local	lbl_Sscrn_rodata_27E4	lbl_Sscrn_rodata_27E4
.rodata	0x000027E8	0x18	Sscrn/ss_pzzl.cpp	local	lbl_Sscrn_rodata_27E8	lbl_Sscrn_rodata_27E8
.rodata	0x00002800	0x1C	Sscrn/ss_pzzl.cpp	local	lbl_Sscrn_rodata_2800	lbl_Sscrn_rodata_2800
.rodata	0x0000281C	0x4	Sscrn/ss_pzzl.cpp	local	lbl_Sscrn_rodata_281C	lbl_Sscrn_rodata_281C
.rodata	0x00002820	0x4	Sscrn/ss_pzzl.cpp	local	lbl_Sscrn_rodata_2820	lbl_Sscrn_rodata_2820
.rodata	0x00002824	0x4	Sscrn/ss_pzzl.cpp	local	lbl_Sscrn_rodata_2824	lbl_Sscrn_rodata_2824
.rodata	0x00002828	0xC	Sscrn/ss_pzzl.cpp	local	ofs.399	ofs.399
.rodata	0x00002834	0xC	Sscrn/ss_pzzl.cpp	local	size.400	size.400
.rodata	0x00002840	0x30	Sscrn/ss_pzzl.cpp	local	lbl_Sscrn_rodata_2840	lbl_Sscrn_rodata_2840
.rodata	0x00002870	0xC	Sscrn/ss_pzzl.cpp	local	lbl_Sscrn_rodata_2870	lbl_Sscrn_rodata_2870
.rodata	0x0000287C	0xC	Sscrn/ss_pzzl.cpp	local	lbl_Sscrn_rodata_287C	lbl_Sscrn_rodata_287C
.rodata	0x00002888	0x8	Sscrn/ss_pzzl.cpp	local	lbl_Sscrn_rodata_2888	lbl_Sscrn_rodata_2888
.rodata	0x00002890	0x8	Sscrn/ss_pzzl.cpp	local	lbl_Sscrn_rodata_2890	lbl_Sscrn_rodata_2890
.rodata	0x00002898	0x4	Sscrn/ss_pzzl.cpp	local	lbl_Sscrn_rodata_2898	lbl_Sscrn_rodata_2898
.rodata	0x0000289C	0x4	Sscrn/ss_pzzl.cpp	local	lbl_Sscrn_rodata_289C	lbl_Sscrn_rodata_289C
.rodata	0x000028A0	0x4	Sscrn/ss_pzzl.cpp	local	lbl_Sscrn_rodata_28A0	lbl_Sscrn_rodata_28A0
.rodata	0x000028A4	0x4	Sscrn/ss_pzzl.cpp	local	lbl_Sscrn_rodata_28A4	lbl_Sscrn_rodata_28A4
.rodata	0x000028A8	0xC	Sscrn/ss_pzzl.cpp	local	lbl_Sscrn_rodata_28A8	lbl_Sscrn_rodata_28A8
.rodata	0x000028B4	0x20	Sscrn/ss_pzzl.cpp	local	lbl_Sscrn_rodata_28B4	lbl_Sscrn_rodata_28B4
.rodata	0x000028D4	0x24	Sscrn/ss_pzzl.cpp	local	lbl_Sscrn_rodata_28D4	lbl_Sscrn_rodata_28D4
.rodata	0x000028F8	0x8	Sscrn/ss_pzzl.cpp	local	lbl_Sscrn_rodata_28F8	lbl_Sscrn_rodata_28F8
.rodata	0x00002900	0x4	Sscrn/ss_pzzl.cpp	local	lbl_Sscrn_rodata_2900	lbl_Sscrn_rodata_2900
.rodata	0x00002904	0x4	Sscrn/ss_pzzl.cpp	local	lbl_Sscrn_rodata_2904	lbl_Sscrn_rodata_2904
.rodata	0x00002908	0x4	Sscrn/ss_pzzl.cpp	local	lbl_Sscrn_rodata_2908	lbl_Sscrn_rodata_2908
.rodata	0x0000290C	0x4	Sscrn/ss_pzzl.cpp	local	lbl_Sscrn_rodata_290C	lbl_Sscrn_rodata_290C
.rodata	0x00002910	0x28	Sscrn/ss_pzzl.cpp	local	lbl_Sscrn_rodata_2910	lbl_Sscrn_rodata_2910
.rodata	0x00002938	0x28	Sscrn/ss_pzzl.cpp	local	lbl_Sscrn_rodata_2938	lbl_Sscrn_rodata_2938
.rodata	0x00002960	0x38	Sscrn/ss_pzzl.cpp	local	lbl_Sscrn_rodata_2960	lbl_Sscrn_rodata_2960
.rodata	0x00002998	0x28	Sscrn/ss_pzzl.cpp	local	lbl_Sscrn_rodata_2998	lbl_Sscrn_rodata_2998
.rodata	0x000029C0	0x20	Sscrn/ss_pzzl.cpp	local	lbl_Sscrn_rodata_29C0	lbl_Sscrn_rodata_29C0
.rodata	0x000029E0	0x30	Sscrn/ss_pzzl.cpp	global	_vt.10CaseChange	_vt.10CaseChange
.rodata	0x00002A10	0x30	Sscrn/ss_pzzl.cpp	global	_vt.12PieceCombine	_vt.12PieceCombine
.rodata	0x00002A40	0x30	Sscrn/ss_pzzl.cpp	global	_vt.12PieceCommand	_vt.12PieceCommand
.rodata	0x00002A70	0x30	Sscrn/ss_pzzl.cpp	global	_vt.11PieceSelect	_vt.11PieceSelect
.rodata	0x00002AA0	0x30	Sscrn/ss_pzzl.cpp	global	_vt.12PzzlThinking	_vt.12PzzlThinking
.rodata	0x00002AD0	0x30	Sscrn/ss_pzzl.cpp	global	_vt.12PiecePopDown	_vt.12PiecePopDown
.rodata	0x00002B00	0x30	Sscrn/ss_pzzl.cpp	global	_vt.10PiecePopUp	_vt.10PiecePopUp
.rodata	0x00002B30	0x30	Sscrn/ss_pzzl.cpp	global	_vt.10SsPzzlMain	_vt.10SsPzzlMain
.rodata	0x00002B60	0x30	Sscrn/ss_pzzl.cpp	global	_vt.10SsPzzlInit	_vt.10SsPzzlInit
.rodata	0x00002BF0	0x18	Sscrn/ss_shop.cpp	local	lbl_Sscrn_rodata_2BF0	lbl_Sscrn_rodata_2BF0
.rodata	0x00002C08	0x4	Sscrn/ss_shop.cpp	local	lbl_Sscrn_rodata_2C08	lbl_Sscrn_rodata_2C08
.rodata	0x00002C0C	0x4	Sscrn/ss_shop.cpp	local	lbl_Sscrn_rodata_2C0C	lbl_Sscrn_rodata_2C0C
.rodata	0x00002C10	0xC	Sscrn/ss_shop.cpp	local	lbl_Sscrn_rodata_2C10	lbl_Sscrn_rodata_2C10
.rodata	0x00002C1C	0x1C	Sscrn/ss_shop.cpp	local	lbl_Sscrn_rodata_2C1C	lbl_Sscrn_rodata_2C1C
.rodata	0x00002C38	0x20	Sscrn/ss_shop.cpp	local	lbl_Sscrn_rodata_2C38	lbl_Sscrn_rodata_2C38
.rodata	0x00002C58	0x24	Sscrn/ss_shop.cpp	local	lbl_Sscrn_rodata_2C58	lbl_Sscrn_rodata_2C58
.rodata	0x00002C7C	0x4	Sscrn/ss_shop.cpp	local	lbl_Sscrn_rodata_2C7C	lbl_Sscrn_rodata_2C7C
.rodata	0x00002C80	0x4	Sscrn/ss_shop.cpp	local	lbl_Sscrn_rodata_2C80	lbl_Sscrn_rodata_2C80
.rodata	0x00002C84	0x4	Sscrn/ss_shop.cpp	local	lbl_Sscrn_rodata_2C84	lbl_Sscrn_rodata_2C84
.rodata	0x00002C88	0x4	Sscrn/ss_shop.cpp	local	lbl_Sscrn_rodata_2C88	lbl_Sscrn_rodata_2C88
.rodata	0x00002C8C	0x4	Sscrn/ss_shop.cpp	local	lbl_Sscrn_rodata_2C8C	lbl_Sscrn_rodata_2C8C
.rodata	0x00002C90	0x4	Sscrn/ss_shop.cpp	local	lbl_Sscrn_rodata_2C90	lbl_Sscrn_rodata_2C90
.rodata	0x00002C94	0x4	Sscrn/ss_shop.cpp	local	lbl_Sscrn_rodata_2C94	lbl_Sscrn_rodata_2C94
.rodata	0x00002C98	0x4	Sscrn/ss_shop.cpp	local	lbl_Sscrn_rodata_2C98	lbl_Sscrn_rodata_2C98
.rodata	0x00002C9C	0x4	Sscrn/ss_shop.cpp	local	lbl_Sscrn_rodata_2C9C	lbl_Sscrn_rodata_2C9C
.rodata	0x00002CA0	0x4	Sscrn/ss_shop.cpp	local	lbl_Sscrn_rodata_2CA0	lbl_Sscrn_rodata_2CA0
.rodata	0x00002CA4	0x4	Sscrn/ss_shop.cpp	local	lbl_Sscrn_rodata_2CA4	lbl_Sscrn_rodata_2CA4
.rodata	0x00002CA8	0x4	Sscrn/ss_shop.cpp	local	lbl_Sscrn_rodata_2CA8	lbl_Sscrn_rodata_2CA8
.rodata	0x00002CAC	0x4	Sscrn/ss_shop.cpp	local	lbl_Sscrn_rodata_2CAC	lbl_Sscrn_rodata_2CAC
.rodata	0x00002CB0	0x4	Sscrn/ss_shop.cpp	local	lbl_Sscrn_rodata_2CB0	lbl_Sscrn_rodata_2CB0
.rodata	0x00002CB4	0x4	Sscrn/ss_shop.cpp	local	lbl_Sscrn_rodata_2CB4	lbl_Sscrn_rodata_2CB4
.rodata	0x00002CB8	0x4	Sscrn/ss_shop.cpp	local	lbl_Sscrn_rodata_2CB8	lbl_Sscrn_rodata_2CB8
.rodata	0x00002CBC	0x4	Sscrn/ss_shop.cpp	local	lbl_Sscrn_rodata_2CBC	lbl_Sscrn_rodata_2CBC
.rodata	0x00002CC0	0x8	Sscrn/ss_shop.cpp	local	lbl_Sscrn_rodata_2CC0	lbl_Sscrn_rodata_2CC0
.rodata	0x00002CC8	0x8	Sscrn/ss_shop.cpp	local	lbl_Sscrn_rodata_2CC8	lbl_Sscrn_rodata_2CC8
.rodata	0x00002CD0	0x4	Sscrn/ss_shop.cpp	local	lbl_Sscrn_rodata_2CD0	lbl_Sscrn_rodata_2CD0
.rodata	0x00002CD4	0x4	Sscrn/ss_shop.cpp	local	lbl_Sscrn_rodata_2CD4	lbl_Sscrn_rodata_2CD4
.rodata	0x00002CD8	0x4	Sscrn/ss_shop.cpp	local	lbl_Sscrn_rodata_2CD8	lbl_Sscrn_rodata_2CD8
.rodata	0x00002CDC	0x4	Sscrn/ss_shop.cpp	local	lbl_Sscrn_rodata_2CDC	lbl_Sscrn_rodata_2CDC
.rodata	0x00002CE0	0x4	Sscrn/ss_shop.cpp	local	lbl_Sscrn_rodata_2CE0	lbl_Sscrn_rodata_2CE0
.rodata	0x00002CE4	0x4	Sscrn/ss_shop.cpp	local	lbl_Sscrn_rodata_2CE4	lbl_Sscrn_rodata_2CE4
.rodata	0x00002CE8	0x4	Sscrn/ss_shop.cpp	local	lbl_Sscrn_rodata_2CE8	lbl_Sscrn_rodata_2CE8
.rodata	0x00002CEC	0x4	Sscrn/ss_shop.cpp	local	lbl_Sscrn_rodata_2CEC	lbl_Sscrn_rodata_2CEC
.rodata	0x00002CF0	0x4	Sscrn/ss_shop.cpp	local	lbl_Sscrn_rodata_2CF0	lbl_Sscrn_rodata_2CF0
.rodata	0x00002CF4	0x4	Sscrn/ss_shop.cpp	local	lbl_Sscrn_rodata_2CF4	lbl_Sscrn_rodata_2CF4
.rodata	0x00002CF8	0x4	Sscrn/ss_shop.cpp	local	lbl_Sscrn_rodata_2CF8	lbl_Sscrn_rodata_2CF8
.rodata	0x00002CFC	0x4	Sscrn/ss_shop.cpp	local	lbl_Sscrn_rodata_2CFC	lbl_Sscrn_rodata_2CFC
.rodata	0x00002D00	0x4	Sscrn/ss_shop.cpp	local	lbl_Sscrn_rodata_2D00	lbl_Sscrn_rodata_2D00
.rodata	0x00002D04	0x4	Sscrn/ss_shop.cpp	local	lbl_Sscrn_rodata_2D04	lbl_Sscrn_rodata_2D04
.rodata	0x00002D08	0x4	Sscrn/ss_shop.cpp	local	lbl_Sscrn_rodata_2D08	lbl_Sscrn_rodata_2D08
.rodata	0x00002D0C	0x4	Sscrn/ss_shop.cpp	local	lbl_Sscrn_rodata_2D0C	lbl_Sscrn_rodata_2D0C
.rodata	0x00002D10	0x4	Sscrn/ss_shop.cpp	local	lbl_Sscrn_rodata_2D10	lbl_Sscrn_rodata_2D10
.rodata	0x00002D14	0x4	Sscrn/ss_shop.cpp	local	lbl_Sscrn_rodata_2D14	lbl_Sscrn_rodata_2D14
.rodata	0x00002D18	0x4	Sscrn/ss_shop.cpp	local	lbl_Sscrn_rodata_2D18	lbl_Sscrn_rodata_2D18
.rodata	0x00002D1C	0x4	Sscrn/ss_shop.cpp	local	lbl_Sscrn_rodata_2D1C	lbl_Sscrn_rodata_2D1C
.rodata	0x00002D20	0x4	Sscrn/ss_shop.cpp	local	lbl_Sscrn_rodata_2D20	lbl_Sscrn_rodata_2D20
.rodata	0x00002D24	0x4	Sscrn/ss_shop.cpp	local	lbl_Sscrn_rodata_2D24	lbl_Sscrn_rodata_2D24
.rodata	0x00002D28	0x4	Sscrn/ss_shop.cpp	local	lbl_Sscrn_rodata_2D28	lbl_Sscrn_rodata_2D28
.rodata	0x00002D2C	0x4	Sscrn/ss_shop.cpp	local	lbl_Sscrn_rodata_2D2C	lbl_Sscrn_rodata_2D2C
.rodata	0x00002D30	0x50	Sscrn/ss_shop.cpp	local	lbl_Sscrn_rodata_2D30	lbl_Sscrn_rodata_2D30
.rodata	0x00002D80	0x4	Sscrn/ss_shop.cpp	local	lbl_Sscrn_rodata_2D80	lbl_Sscrn_rodata_2D80
.rodata	0x00002D84	0x4	Sscrn/ss_shop.cpp	local	lbl_Sscrn_rodata_2D84	lbl_Sscrn_rodata_2D84
.rodata	0x00002D88	0x4	Sscrn/ss_shop.cpp	local	lbl_Sscrn_rodata_2D88	lbl_Sscrn_rodata_2D88
.rodata	0x00002D8C	0xC	Sscrn/ss_shop.cpp	local	light_p0.558	light_p0.558
.rodata	0x00002D98	0xC	Sscrn/ss_shop.cpp	local	light_p1.559	light_p1.559
.rodata	0x00002DA4	0x4	Sscrn/ss_shop.cpp	local	lbl_Sscrn_rodata_2DA4	lbl_Sscrn_rodata_2DA4
.rodata	0x00002DA8	0x4	Sscrn/ss_shop.cpp	local	lbl_Sscrn_rodata_2DA8	lbl_Sscrn_rodata_2DA8
.rodata	0x00002DAC	0x4	Sscrn/ss_shop.cpp	local	lbl_Sscrn_rodata_2DAC	lbl_Sscrn_rodata_2DAC
.rodata	0x00002DB0	0x4	Sscrn/ss_shop.cpp	local	lbl_Sscrn_rodata_2DB0	lbl_Sscrn_rodata_2DB0
.rodata	0x00002DB4	0x4	Sscrn/ss_shop.cpp	local	lbl_Sscrn_rodata_2DB4	lbl_Sscrn_rodata_2DB4
.rodata	0x00002DB8	0x28	Sscrn/ss_shop.cpp	local	lbl_Sscrn_rodata_2DB8	lbl_Sscrn_rodata_2DB8
.rodata	0x00002DE0	0x28	Sscrn/ss_shop.cpp	local	lbl_Sscrn_rodata_2DE0	lbl_Sscrn_rodata_2DE0
.rodata	0x00002E08	0x38	Sscrn/ss_shop.cpp	local	lbl_Sscrn_rodata_2E08	lbl_Sscrn_rodata_2E08
.rodata	0x00002E40	0x28	Sscrn/ss_shop.cpp	local	lbl_Sscrn_rodata_2E40	lbl_Sscrn_rodata_2E40
.rodata	0x00002E68	0x20	Sscrn/ss_shop.cpp	local	lbl_Sscrn_rodata_2E68	lbl_Sscrn_rodata_2E68
.rodata	0x00002E88	0x30	Sscrn/ss_shop.cpp	global	_vt.11LvUpConfirm	_vt.11LvUpConfirm
.rodata	0x00002EB8	0x30	Sscrn/ss_shop.cpp	global	_vt.14LvUpItemSelect	_vt.14LvUpItemSelect
.rodata	0x00002EE8	0x30	Sscrn/ss_shop.cpp	global	_vt.14LvUpMenuSelect	_vt.14LvUpMenuSelect
.rodata	0x00002F18	0x30	Sscrn/ss_shop.cpp	global	_vt.12BuyPuzzleEnd	_vt.12BuyPuzzleEnd
.rodata	0x00002F48	0x30	Sscrn/ss_shop.cpp	global	_vt.10BuyConfirm	_vt.10BuyConfirm
.rodata	0x00002F78	0x30	Sscrn/ss_shop.cpp	global	_vt.10BuyItemNum	_vt.10BuyItemNum
.rodata	0x00002FA8	0x30	Sscrn/ss_shop.cpp	global	_vt.13BuyMenuSelect	_vt.13BuyMenuSelect
.rodata	0x00002FD8	0x30	Sscrn/ss_shop.cpp	global	_vt.11SellConfirm	_vt.11SellConfirm
.rodata	0x00003008	0x30	Sscrn/ss_shop.cpp	global	_vt.11SellItemNum	_vt.11SellItemNum
.rodata	0x00003038	0x30	Sscrn/ss_shop.cpp	global	_vt.14SellMenuSelect	_vt.14SellMenuSelect
.rodata	0x00003068	0x30	Sscrn/ss_shop.cpp	global	_vt.11ShopTopMenu	_vt.11ShopTopMenu
.rodata	0x00003098	0x30	Sscrn/ss_shop.cpp	global	_vt.10SsShopMain	_vt.10SsShopMain
.rodata	0x000030C8	0x30	Sscrn/ss_shop.cpp	global	_vt.10SsShopInit	_vt.10SsShopInit
.rodata	0x000031B0	0x78	Sscrn/ss_term.cpp	local	lbl_Sscrn_rodata_31B0	lbl_Sscrn_rodata_31B0
.rodata	0x00003228	0x20	Sscrn/ss_term.cpp	local	lbl_Sscrn_rodata_3228	lbl_Sscrn_rodata_3228
.rodata	0x00003248	0x8	Sscrn/ss_term.cpp	local	lbl_Sscrn_rodata_3248	lbl_Sscrn_rodata_3248
.rodata	0x00003250	0x4	Sscrn/ss_term.cpp	local	lbl_Sscrn_rodata_3250	lbl_Sscrn_rodata_3250
.rodata	0x00003254	0x4	Sscrn/ss_term.cpp	local	lbl_Sscrn_rodata_3254	lbl_Sscrn_rodata_3254
.rodata	0x00003258	0x4	Sscrn/ss_term.cpp	local	lbl_Sscrn_rodata_3258	lbl_Sscrn_rodata_3258
.rodata	0x0000325C	0x4	Sscrn/ss_term.cpp	local	lbl_Sscrn_rodata_325C	lbl_Sscrn_rodata_325C
.rodata	0x00003260	0x4	Sscrn/ss_term.cpp	local	lbl_Sscrn_rodata_3260	lbl_Sscrn_rodata_3260
.rodata	0x00003264	0x4	Sscrn/ss_term.cpp	local	lbl_Sscrn_rodata_3264	lbl_Sscrn_rodata_3264
.rodata	0x00003268	0x1C	Sscrn/ss_term.cpp	local	lbl_Sscrn_rodata_3268	lbl_Sscrn_rodata_3268
.rodata	0x00003284	0x24	Sscrn/ss_term.cpp	local	lbl_Sscrn_rodata_3284	lbl_Sscrn_rodata_3284
.rodata	0x000032A8	0x10	Sscrn/ss_term.cpp	local	lbl_Sscrn_rodata_32A8	lbl_Sscrn_rodata_32A8
.rodata	0x000032B8	0xC	Sscrn/ss_term.cpp	local	lbl_Sscrn_rodata_32B8	lbl_Sscrn_rodata_32B8
.rodata	0x000032C4	0x20	Sscrn/ss_term.cpp	local	lbl_Sscrn_rodata_32C4	lbl_Sscrn_rodata_32C4
.rodata	0x000032E4	0x4	Sscrn/ss_term.cpp	local	lbl_Sscrn_rodata_32E4	lbl_Sscrn_rodata_32E4
.rodata	0x000032E8	0x4	Sscrn/ss_term.cpp	local	lbl_Sscrn_rodata_32E8	lbl_Sscrn_rodata_32E8
.rodata	0x000032EC	0x4	Sscrn/ss_term.cpp	local	lbl_Sscrn_rodata_32EC	lbl_Sscrn_rodata_32EC
.rodata	0x000032F0	0x4	Sscrn/ss_term.cpp	local	lbl_Sscrn_rodata_32F0	lbl_Sscrn_rodata_32F0
.rodata	0x000032F4	0x4	Sscrn/ss_term.cpp	local	lbl_Sscrn_rodata_32F4	lbl_Sscrn_rodata_32F4
.rodata	0x000032F8	0x4	Sscrn/ss_term.cpp	local	lbl_Sscrn_rodata_32F8	lbl_Sscrn_rodata_32F8
.rodata	0x000032FC	0x8	Sscrn/ss_term.cpp	local	lbl_Sscrn_rodata_32FC	lbl_Sscrn_rodata_32FC
.rodata	0x00003304	0x8	Sscrn/ss_term.cpp	local	lbl_Sscrn_rodata_3304	lbl_Sscrn_rodata_3304
.rodata	0x0000330C	0x4	Sscrn/ss_term.cpp	local	lbl_Sscrn_rodata_330C	lbl_Sscrn_rodata_330C
.rodata	0x00003310	0x4	Sscrn/ss_term.cpp	local	lbl_Sscrn_rodata_3310	lbl_Sscrn_rodata_3310
.rodata	0x00003314	0x4	Sscrn/ss_term.cpp	local	lbl_Sscrn_rodata_3314	lbl_Sscrn_rodata_3314
.rodata	0x00003318	0x4	Sscrn/ss_term.cpp	local	lbl_Sscrn_rodata_3318	lbl_Sscrn_rodata_3318
.rodata	0x0000331C	0x4	Sscrn/ss_term.cpp	local	lbl_Sscrn_rodata_331C	lbl_Sscrn_rodata_331C
.rodata	0x00003320	0x4	Sscrn/ss_term.cpp	local	lbl_Sscrn_rodata_3320	lbl_Sscrn_rodata_3320
.rodata	0x00003324	0x4	Sscrn/ss_term.cpp	local	lbl_Sscrn_rodata_3324	lbl_Sscrn_rodata_3324
.rodata	0x00003328	0x4	Sscrn/ss_term.cpp	local	lbl_Sscrn_rodata_3328	lbl_Sscrn_rodata_3328
.rodata	0x0000332C	0x4	Sscrn/ss_term.cpp	local	lbl_Sscrn_rodata_332C	lbl_Sscrn_rodata_332C
.rodata	0x00003330	0x4	Sscrn/ss_term.cpp	local	lbl_Sscrn_rodata_3330	lbl_Sscrn_rodata_3330
.rodata	0x00003334	0x4	Sscrn/ss_term.cpp	local	lbl_Sscrn_rodata_3334	lbl_Sscrn_rodata_3334
.rodata	0x00003338	0x4	Sscrn/ss_term.cpp	local	lbl_Sscrn_rodata_3338	lbl_Sscrn_rodata_3338
.rodata	0x0000333C	0x4	Sscrn/ss_term.cpp	local	lbl_Sscrn_rodata_333C	lbl_Sscrn_rodata_333C
.rodata	0x00003340	0x4	Sscrn/ss_term.cpp	local	lbl_Sscrn_rodata_3340	lbl_Sscrn_rodata_3340
.rodata	0x00003344	0x4	Sscrn/ss_term.cpp	local	lbl_Sscrn_rodata_3344	lbl_Sscrn_rodata_3344
.rodata	0x00003348	0x4	Sscrn/ss_term.cpp	local	lbl_Sscrn_rodata_3348	lbl_Sscrn_rodata_3348
.rodata	0x0000334C	0x4	Sscrn/ss_term.cpp	local	lbl_Sscrn_rodata_334C	lbl_Sscrn_rodata_334C
.rodata	0x00003350	0x4	Sscrn/ss_term.cpp	local	lbl_Sscrn_rodata_3350	lbl_Sscrn_rodata_3350
.rodata	0x00003354	0x4	Sscrn/ss_term.cpp	local	lbl_Sscrn_rodata_3354	lbl_Sscrn_rodata_3354
.rodata	0x00003358	0x4	Sscrn/ss_term.cpp	local	lbl_Sscrn_rodata_3358	lbl_Sscrn_rodata_3358
.rodata	0x0000335C	0x60	Sscrn/ss_term.cpp	local	lbl_Sscrn_rodata_335C	lbl_Sscrn_rodata_335C
.rodata	0x000033BC	0x14	Sscrn/ss_term.cpp	local	lbl_Sscrn_rodata_33BC	lbl_Sscrn_rodata_33BC
.rodata	0x000033D0	0x60	Sscrn/ss_term.cpp	local	lbl_Sscrn_rodata_33D0	lbl_Sscrn_rodata_33D0
.rodata	0x00003430	0xC	Sscrn/ss_term.cpp	local	lbl_Sscrn_rodata_3430	lbl_Sscrn_rodata_3430
.rodata	0x0000343C	0x1C	Sscrn/ss_term.cpp	local	lbl_Sscrn_rodata_343C	lbl_Sscrn_rodata_343C
.rodata	0x00003458	0x10	Sscrn/ss_term.cpp	local	lbl_Sscrn_rodata_3458	lbl_Sscrn_rodata_3458
.rodata	0x00003468	0x20	Sscrn/ss_term.cpp	local	lbl_Sscrn_rodata_3468	lbl_Sscrn_rodata_3468
.rodata	0x00003488	0x4	Sscrn/ss_term.cpp	local	lbl_Sscrn_rodata_3488	lbl_Sscrn_rodata_3488
.rodata	0x0000348C	0x4	Sscrn/ss_term.cpp	local	lbl_Sscrn_rodata_348C	lbl_Sscrn_rodata_348C
.rodata	0x00003490	0x4	Sscrn/ss_term.cpp	local	lbl_Sscrn_rodata_3490	lbl_Sscrn_rodata_3490
.rodata	0x00003494	0x4	Sscrn/ss_term.cpp	local	lbl_Sscrn_rodata_3494	lbl_Sscrn_rodata_3494
.rodata	0x00003498	0x14	Sscrn/ss_term.cpp	local	lbl_Sscrn_rodata_3498	lbl_Sscrn_rodata_3498
.rodata	0x000034AC	0x4	Sscrn/ss_term.cpp	local	lbl_Sscrn_rodata_34AC	lbl_Sscrn_rodata_34AC
.rodata	0x000034B0	0x28	Sscrn/ss_term.cpp	local	lbl_Sscrn_rodata_34B0	lbl_Sscrn_rodata_34B0
.rodata	0x000034D8	0x28	Sscrn/ss_term.cpp	local	lbl_Sscrn_rodata_34D8	lbl_Sscrn_rodata_34D8
.rodata	0x00003500	0x38	Sscrn/ss_term.cpp	local	lbl_Sscrn_rodata_3500	lbl_Sscrn_rodata_3500
.rodata	0x00003538	0x28	Sscrn/ss_term.cpp	local	lbl_Sscrn_rodata_3538	lbl_Sscrn_rodata_3538
.rodata	0x00003560	0x20	Sscrn/ss_term.cpp	local	lbl_Sscrn_rodata_3560	lbl_Sscrn_rodata_3560
.rodata	0x00003580	0x30	Sscrn/ss_term.cpp	global	_vt.10SsTermMain	lbl_Sscrn_rodata_3580
.rodata	0x000035B0	0x30	Sscrn/ss_term.cpp	global	_vt.10SsTermInit	lbl_Sscrn_rodata_35B0
.rodata	0x000035E0	0x50	Sscrn/ss_term.cpp	global	_vt.10cDbgWindow	_vt.10cDbgWindow
.rodata	0x00003630	0x18	Sscrn/ss_term.cpp	global	_vt.10cDbgButton	_vt.10cDbgButton
.rodata	0x00003648	0x48	Sscrn/ss_term.cpp	global	_vt.14cDbgWindowBase	_vt.14cDbgWindowBase
.rodata	0x00003690	0x18	Sscrn/ss_term.cpp	global	_vt.14cDbgButtonBase	_vt.14cDbgButtonBase
.data	0x00000000	0x30	Sscrn/ss_cap.cpp	global	cap_id_tbl	cap_id_tbl
.data	0x00000030	0x4	Sscrn/ss_debug.cpp	local	dbg_cursor	dbg_cursor
.data	0x00000034	0x1	Sscrn/ss_debug.cpp	local	dbg_blink	dbg_blink
.data	0x00000038	0x4	Sscrn/ss_debug.cpp	local	dbg_x	dbg_x
.data	0x0000003C	0x4	Sscrn/ss_debug.cpp	local	dbg_y	dbg_y
.data	0x00000040	0x1DC	Sscrn/ss_file.cpp	global	fileNum	fileNum
.data	0x0000021C	0x74	Sscrn/ss_file.cpp	global	fileInfo	fileInfo
.data	0x00000290	0xAE	Sscrn/ss_file.cpp	global	fileMsgNum	fileMsgNum
.data	0x0000033E	0xE8	Sscrn/ss_file.cpp	global	fileTplJpn	fileTplJpn
.data	0x00000426	0xEA	Sscrn/ss_file.cpp	global	fileTplEng	fileTplEng
.data	0x00000510	0x6	Sscrn/ss_file.cpp	local	file_wait	file_wait
.data	0x00000516	0x4	Sscrn/ss_file.cpp	local	file_title_w	file_title_w
.data	0x0000051A	0x5	Sscrn/ss_file.cpp	local	file_title_h	file_title_h
.data	0x0000051F	0x1	Sscrn/ss_file.cpp	local	file_title_space	file_title_space
.data	0x00000520	0x4	Sscrn/ss_file.cpp	local	file_name_w	file_name_w
.data	0x00000524	0x4	Sscrn/ss_file.cpp	local	file_name_h	file_name_h
.data	0x00000528	0x4	Sscrn/ss_file.cpp	local	file_name_space	file_name_space
.data	0x0000052C	0x3	Sscrn/ss_file.cpp	local	file_tpl_name	file_tpl_name
.data	0x0000052F	0xD	Sscrn/ss_file.cpp	local	lbl_Sscrn_data_52F	lbl_Sscrn_data_52F
.data	0x0000053C	0x4	Sscrn/ss_file.cpp	local	file_tpl_x	file_tpl_x
.data	0x00000540	0x4	Sscrn/ss_file.cpp	local	file_tpl_y	file_tpl_y
.data	0x00000544	0x4	Sscrn/ss_file.cpp	local	file_tpl_w	file_tpl_w
.data	0x00000548	0x8	Sscrn/ss_file.cpp	local	file_tpl_h	file_tpl_h
.data	0x00000550	0x4	Sscrn/ss_item.cpp	local	item_name_w	item_name_w
.data	0x00000554	0x4	Sscrn/ss_item.cpp	local	item_name_h	item_name_h
.data	0x00000558	0x4	Sscrn/ss_item.cpp	local	item_name_space	item_name_space
.data	0x0000055C	0x4	Sscrn/ss_item.cpp	local	item_wait	item_wait
.data	0x00000560	0x4	Sscrn/ss_item.cpp	local	item_num_x	item_num_x
.data	0x00000564	0x4	Sscrn/ss_item.cpp	local	item_num_y	item_num_y
.data	0x00000568	0x4	Sscrn/ss_item.cpp	local	item_cmd_mode	item_cmd_mode
.data	0x0000056C	0xC	Sscrn/ss_item.cpp	local	item_make_name	item_make_name
.data	0x00000578	0x4	Sscrn/ss_item.cpp	local	item_make_mes_x	item_make_mes_x
.data	0x0000057C	0x4	Sscrn/ss_item.cpp	local	item_make_mes_y	item_make_mes_y
.data	0x00000580	0x4	Sscrn/ss_main.cpp	local	clear_z.514	clear_z.514
.data	0x00000584	0x4	Sscrn/ss_main.cpp	local	fade_out_frame.552	fade_out_frame.552
.data	0x00000588	0x4	Sscrn/ss_main.cpp	local	fade_in_frame.553	fade_in_frame.553
.data	0x00000590	0x5	Sscrn/ss_map.cpp	global	map_door_none	map_door_none
.data	0x00000595	0x7D	Sscrn/ss_map.cpp	global	map_door_st1	map_door_st1
.data	0x00000612	0xEB	Sscrn/ss_map.cpp	global	map_door_st2a	map_door_st2a
.data	0x000006FD	0x3C	Sscrn/ss_map.cpp	global	map_door_st2b	map_door_st2b
.data	0x00000739	0xF	Sscrn/ss_map.cpp	global	map_door_st2c	map_door_st2c
.data	0x00000748	0xA	Sscrn/ss_map.cpp	global	map_door_st3a	map_door_st3a
.data	0x00000752	0x23	Sscrn/ss_map.cpp	global	map_door_st3b	map_door_st3b
.data	0x00000775	0x37	Sscrn/ss_map.cpp	global	map_door_st3c	map_door_st3c
.data	0x000007AC	0x1E	Sscrn/ss_map.cpp	global	map_door_st3d	map_door_st3d
.data	0x000007CA	0x82	Sscrn/ss_map.cpp	global	map_door_st3e	map_door_st3e
.data	0x0000084C	0x23	Sscrn/ss_map.cpp	global	map_door_st3f	map_door_st3f
.data	0x0000086F	0x28	Sscrn/ss_map.cpp	global	map_door_st4g	map_door_st4g
.data	0x00000898	0x90	Sscrn/ss_map.cpp	global	map_door_tbl	map_door_tbl
.data	0x00000928	0x1	Sscrn/ss_map.cpp	local	treasure_mark_num	treasure_mark_num
.data	0x00000929	0x1	Sscrn/ss_map.cpp	local	coin_mark_num	coin_mark_num
.data	0x0000092A	0x1	Sscrn/ss_map.cpp	local	save_mark_num	save_mark_num
.data	0x0000092C	0x4	Sscrn/ss_map.cpp	local	map_dbg_ofs0	map_dbg_ofs0
.data	0x00000930	0x20	Sscrn/ss_map.cpp	local	map_dbg_cam0	map_dbg_cam0
.data	0x00000950	0x4	Sscrn/ss_map.cpp	local	map_cam_speed_base	map_cam_speed_base
.data	0x00000954	0x20	Sscrn/ss_map.cpp	local	map_dbg_cam1	map_dbg_cam1
.data	0x00000974	0x4	Sscrn/ss_map.cpp	local	map_wait	map_wait
.data	0x00000978	0x4	Sscrn/ss_map.cpp	global	ssPlMotion	ssPlMotion
.data	0x0000097C	0x4	Sscrn/ss_map.cpp	global	ssWepModel2	ssWepModel2
.data	0x00000980	0xC	Sscrn/ss_model.cpp	local	ashley_pos.302	ashley_pos.302
.data	0x0000098C	0xC	Sscrn/ss_model.cpp	local	ashley_rot.303	ashley_rot.303
.data	0x00000998	0x4	Sscrn/ss_model.cpp	local	ashley_scale.304	ashley_scale.304
.data	0x0000099C	0xC	Sscrn/ss_model.cpp	local	ada_pos.308	ada_pos.308
.data	0x000009A8	0xC	Sscrn/ss_model.cpp	local	ada_rot.309	ada_rot.309
.data	0x000009B4	0x4	Sscrn/ss_model.cpp	local	ada_scale.310	ada_scale.310
.data	0x000009B8	0xC	Sscrn/ss_model.cpp	local	klauser_pos.329	klauser_pos.329
.data	0x000009C4	0xC	Sscrn/ss_model.cpp	local	klauser_rot.330	klauser_rot.330
.data	0x000009D0	0x4	Sscrn/ss_model.cpp	local	klauser_scale.331	klauser_scale.331
.data	0x000009D4	0xC	Sscrn/ss_model.cpp	local	hunk_pos.344	hunk_pos.344
.data	0x000009E0	0xC	Sscrn/ss_model.cpp	local	hunk_rot.345	hunk_rot.345
.data	0x000009EC	0x4	Sscrn/ss_model.cpp	local	hunk_scale.346	hunk_scale.346
.data	0x000009F0	0xC	Sscrn/ss_model.cpp	local	wesker_pos.359	wesker_pos.359
.data	0x000009FC	0xC	Sscrn/ss_model.cpp	local	wesker_rot.360	wesker_rot.360
.data	0x00000A08	0x4	Sscrn/ss_model.cpp	local	wesker_scale.361	wesker_scale.361
.data	0x00000A0C	0xC	Sscrn/ss_model.cpp	local	leon_pos.380	leon_pos.380
.data	0x00000A18	0xC	Sscrn/ss_model.cpp	local	leon_rot.381	leon_rot.381
.data	0x00000A24	0x4	Sscrn/ss_model.cpp	local	leon_scale.382	leon_scale.382
.data	0x00000A28	0xC	Sscrn/ss_model.cpp	local	wep13_pos.425	wep13_pos.425
.data	0x00000A34	0xC	Sscrn/ss_model.cpp	local	wep13_rot.426	wep13_rot.426
.data	0x00000A40	0x4	Sscrn/ss_model.cpp	local	wep_model_unused	wep_model_unused
.data	0x00000A44	0x4	Sscrn/ss_pzzl.cpp	global	msg_open	msg_open
.data	0x00000A48	0x4	Sscrn/ss_pzzl.cpp	global	pzzlDbgNo	pzzlDbgNo
.data	0x00000A4C	0x4	Sscrn/ss_pzzl.cpp	global	pzzlDbgPos	pzzlDbgPos
.data	0x00000A50	0x2	Sscrn/ss_pzzl.cpp	local	cursor_line_w_ot	cursor_line_w_ot
.data	0x00000A52	0x2	Sscrn/ss_pzzl.cpp	local	cursor_line_w_prio	cursor_line_w_prio
.data	0x00000A54	0x4	Sscrn/ss_pzzl.cpp	local	cursor_line_col	cursor_line_col
.data	0x00000A58	0x4	Sscrn/ss_pzzl.cpp	local	cursor_line_blend	cursor_line_blend
.data	0x00000A5C	0x2	Sscrn/ss_pzzl.cpp	local	grid_line_w0_ot	grid_line_w0_ot
.data	0x00000A5E	0x2	Sscrn/ss_pzzl.cpp	local	grid_line_w0_prio	grid_line_w0_prio
.data	0x00000A60	0x2	Sscrn/ss_pzzl.cpp	local	grid_line_w1_ot	grid_line_w1_ot
.data	0x00000A62	0x2	Sscrn/ss_pzzl.cpp	local	grid_line_w1_prio	grid_line_w1_prio
.data	0x00000A64	0x4	Sscrn/ss_pzzl.cpp	local	grid_line_col0	grid_line_col0
.data	0x00000A68	0x4	Sscrn/ss_pzzl.cpp	local	grid_line_col1	grid_line_col1
.data	0x00000A6C	0x2	Sscrn/ss_pzzl.cpp	local	frame_line_w_ot	frame_line_w_ot
.data	0x00000A6E	0x2	Sscrn/ss_pzzl.cpp	local	frame_line_w_prio	frame_line_w_prio
.data	0x00000A70	0x4	Sscrn/ss_pzzl.cpp	local	frame_line_col	frame_line_col
.data	0x00000A74	0x4	Sscrn/ss_pzzl.cpp	local	frame_line_blend	frame_line_blend
.data	0x00000A78	0x4	Sscrn/ss_pzzl.cpp	local	frame_line_len	frame_line_len
.data	0x00000A7C	0x2	Sscrn/ss_pzzl.cpp	local	frame_tile_w1_ot	frame_tile_w1_ot
.data	0x00000A7E	0x2	Sscrn/ss_pzzl.cpp	local	frame_tile_w1_prio	frame_tile_w1_prio
.data	0x00000A80	0x4	Sscrn/ss_pzzl.cpp	local	frame_tile_col1	frame_tile_col1
.data	0x00000A84	0x4	Sscrn/ss_pzzl.cpp	local	frame_tile_blend1	frame_tile_blend1
.data	0x00000A88	0x2	Sscrn/ss_pzzl.cpp	local	frame_tile_w2_ot	frame_tile_w2_ot
.data	0x00000A8A	0x2	Sscrn/ss_pzzl.cpp	local	frame_tile_w2_prio	frame_tile_w2_prio
.data	0x00000A8C	0x4	Sscrn/ss_pzzl.cpp	local	frame_tile_col2	frame_tile_col2
.data	0x00000A90	0x2	Sscrn/ss_pzzl.cpp	local	frame_tile_w3_ot	frame_tile_w3_ot
.data	0x00000A92	0x2	Sscrn/ss_pzzl.cpp	local	frame_tile_w3_prio	frame_tile_w3_prio
.data	0x00000A94	0x4	Sscrn/ss_pzzl.cpp	local	frame_tile_col3	frame_tile_col3
.data	0x00000A98	0x2	Sscrn/ss_pzzl.cpp	local	frame_tile_w4_ot	frame_tile_w4_ot
.data	0x00000A9A	0x2	Sscrn/ss_pzzl.cpp	local	frame_tile_w4_prio	frame_tile_w4_prio
.data	0x00000A9C	0x4	Sscrn/ss_pzzl.cpp	local	frame_tile_col4	frame_tile_col4
.data	0x00000AA0	0x4	Sscrn/ss_pzzl.cpp	local	frame_tile_blend4	frame_tile_blend4
.data	0x00000AA4	0x4	Sscrn/ss_pzzl.cpp	local	piece_hand_scale	piece_hand_scale
.data	0x00000AA8	0xC	Sscrn/ss_pzzl.cpp	local	case_rot	case_rot
.data	0x00000AB4	0x4	Sscrn/ss_pzzl.cpp	local	pzzl_wait	pzzl_wait
.data	0x00000AB8	0x4	Sscrn/ss_pzzl.cpp	local	pzzl_font_w	pzzl_font_w
.data	0x00000ABC	0x4	Sscrn/ss_pzzl.cpp	local	pzzl_font_h	pzzl_font_h
.data	0x00000AC0	0x4	Sscrn/ss_pzzl.cpp	local	pzzl_font_space	pzzl_font_space
.data	0x00000AC4	0x4	Sscrn/ss_pzzl.cpp	local	msg_x	msg_x
.data	0x00000AC8	0x4	Sscrn/ss_pzzl.cpp	local	msg_y	msg_y
.data	0x00000ACC	0x4	Sscrn/ss_pzzl.cpp	local	command_id	command_id
.data	0x00000AD0	0x4	Sscrn/ss_pzzl.cpp	local	pzzl_dbg_step	pzzl_dbg_step
.data	0x00000AD4	0x14	Sscrn/ss_pzzl.cpp	global	pzzl_tbl_AD0	pzzl_tbl_AD0
.data	0x00000AE8	0x4	Sscrn/ss_shop.cpp	local	price_disp_price	price_disp_price
.data	0x00000AEC	0x4	Sscrn/ss_shop.cpp	local	price_disp_num	price_disp_num
.data	0x00000AF0	0x4	Sscrn/ss_shop.cpp	local	price_disp_sold	price_disp_sold
.data	0x00000AF4	0x34	Sscrn/ss_shop.cpp	global	shop_msg	shop_msg
.data	0x00000B28	0xC	Sscrn/ss_shop.cpp	local	sell_num_pos	sell_num_pos
.data	0x00000B34	0x4	Sscrn/ss_shop.cpp	local	sell_msg_x	sell_msg_x
.data	0x00000B38	0x4	Sscrn/ss_shop.cpp	local	sell_msg_y	sell_msg_y
.data	0x00000B3C	0x4	Sscrn/ss_shop.cpp	local	buy_msg_x	buy_msg_x
.data	0x00000B40	0x4	Sscrn/ss_shop.cpp	local	buy_msg_y	buy_msg_y
.data	0x00000B44	0x4	Sscrn/ss_shop.cpp	local	buy_conf_x	buy_conf_x
.data	0x00000B48	0x4	Sscrn/ss_shop.cpp	local	buy_conf_y	buy_conf_y
.data	0x00000B4C	0x4	Sscrn/ss_shop.cpp	local	lvup_msg_x	lvup_msg_x
.data	0x00000B50	0x4	Sscrn/ss_shop.cpp	local	lvup_msg_y	lvup_msg_y
.data	0x00000B54	0x594	Sscrn/ss_shop.cpp	local	shop_item_place	shop_item_place
.data	0x000010E8	0x1E0	Sscrn/ss_term.cpp	global	term_ope_tbl	term_ope_tbl
.data	0x000012C8	0xC	Sscrn/ss_term.cpp	local	term_cam_pos	term_cam_pos
.data	0x000012D4	0xC	Sscrn/ss_term.cpp	local	term_pl_pos	term_pl_pos
.data	0x000012E0	0xC	Sscrn/ss_term.cpp	local	term_zero0	term_zero0
.data	0x000012EC	0xC	Sscrn/ss_term.cpp	local	term_zero1	term_zero1
.bss	0x00000000	0x4	Sscrn/ss_cap.cpp	global	cap_read_req	cap_read_req
.bss	0x00000004	0x4	Sscrn/ss_file.cpp	local	file_read_req	file_read_req
.bss	0x00000008	0x4	Sscrn/ss_file.cpp	local	file_tpl_req	file_tpl_req
.bss	0x0000000C	0x80	Sscrn/ss_file.cpp	global	fileLogMes	fileLogMes
.bss	0x0000008C	0x4	Sscrn/ss_item.cpp	local	item_read_req	item_read_req
.bss	0x00000090	0xE	Sscrn/ss_item.cpp	local	item_dummy	item_dummy
.bss	0x000000A0	0x180	Sscrn/ss_item.cpp	global	item_list	item_list
.bss	0x00000220	0x2	Sscrn/ss_item.cpp	global	item_num	item_num
.bss	0x00000222	0x1	Sscrn/ss_item.cpp	global	item_total	item_total
.bss	0x00000224	0x4	Sscrn/ss_item.cpp	global	item_sel	item_sel
.bss	0x00000228	0x4	Sscrn/ss_item.cpp	global	item_frame_on	item_frame_on
.bss	0x0000022C	0x8	Sscrn/ss_item.cpp	global	item_path0	item_path0
.bss	0x00000234	0x8	Sscrn/ss_item.cpp	global	item_curve	item_curve
.bss	0x0000023C	0x8	Sscrn/ss_item.cpp	global	item_path1	item_path1
.bss	0x00000244	0x18	Sscrn/ss_item.cpp	global	item_scr	item_scr
.bss	0x0000025C	0x18	Sscrn/ss_item.cpp	global	item_pos	item_pos
.bss	0x00000274	0x8	Sscrn/ss_item.cpp	global	item_frame_state	item_frame_state
.bss	0x0000027C	0x4	Sscrn/ss_main.cpp	local	exam_read_req.486	exam_read_req.486
.bss	0x00000280	0x2	Sscrn/ss_main.cpp	local	exam_id.487	exam_id.487
.bss	0x00000282	0x2	Sscrn/ss_main.cpp	local	wep_no.548	wep_no.548
.bss	0x00000284	0x2	Sscrn/ss_main.cpp	local	wep_type.549	wep_type.549
.bss	0x00000286	0x1	Sscrn/ss_main.cpp	local	wep_slot.550	wep_slot.550
.bss	0x00000288	0x4	Sscrn/ss_main.cpp	local	wep_read_req.551	wep_read_req.551
.bss	0x0000028C	0x34	Sscrn/ss_main.cpp	global	ssPartsMgr	ssPartsMgr
.bss	0x000002C0	0x34	Sscrn/ss_main.cpp	global	ssModInfoMgr	ssModInfoMgr
.bss	0x000002F4	0x10	Sscrn/ss_map.cpp	local	map_vp_save	map_vp_save
.bss	0x00000304	0x4	Sscrn/ss_map.cpp	local	map_vp_init	map_vp_init
.bss	0x00000308	0x4	Sscrn/ss_map.cpp	local	map_cam_speed	map_cam_speed
.bss	0x0000030C	0x4	Sscrn/ss_map.cpp	local	map_read_req	map_read_req
.bss	0x00000310	0x180	Sscrn/ss_map.cpp	global	map_room	map_room
.bss	0x00000490	0x4	Sscrn/ss_map.cpp	global	map_room_num	map_room_num
.bss	0x00000494	0x4	Sscrn/ss_map.cpp	global	ssPlModel	ssPlModel
.bss	0x00000498	0x4	Sscrn/ss_map.cpp	global	ssWepModel	ssWepModel
.bss	0x0000049C	0x4	Sscrn/ss_pzzl.cpp	local	pzzl_clear_z	pzzl_clear_z
.bss	0x000004A0	0x4	Sscrn/ss_pzzl.cpp	local	pzzl_read_req	pzzl_read_req
.bss	0x000004A4	0x30	Sscrn/ss_pzzl.cpp	global	pzzl_cursor	pzzl_cursor
.bss	0x000004D4	0x4	Sscrn/ss_pzzl.cpp	global	pzzl_sel	pzzl_sel
.bss	0x000004D8	0x8	Sscrn/ss_pzzl.cpp	global	pzzl_dbg	pzzl_dbg
.bss	0x000004E0	0x4	Sscrn/ss_shop.cpp	local	shop_clear_z	shop_clear_z
.bss	0x000004E4	0x4	Sscrn/ss_shop.cpp	local	shop_read_req	shop_read_req
.bss	0x000004E8	0xC	Sscrn/ss_shop.cpp	global	shop_pos_save	shop_pos_save
.bss	0x000004F4	0x14	Sscrn/ss_shop.cpp	global	shop_msg_buf	shop_msg_buf
.bss	0x00000508	0x4	Sscrn/ss_term.cpp	local	term_read_req.501	term_read_req.501
.bss	0x0000050C	0x18	Sscrn/ss_term.cpp	local	term_file_list	term_file_list
.bss	0x00000524	0x34	Sscrn/ss_pzzl.cpp	global	common_Sscrn	common_Sscrn
