section	offset	size	unit	scope	name	demangled
.text	0x00000000	0xB0	t_sce/t_sce.cpp	local	SetToolLight	SetToolLight
.text	0x00000000	0xB0	t_sce/t_sce.cpp	local	SetToolLight	SetToolLight
.text	0x000000B0	0xC	t_sce/t_sce.cpp	local	cLightTool_dblCk	cLightTool::dblCk
.text	0x000000BC	0x78	t_sce/t_sce.cpp	local	cLightTool_editEnable	cLightTool::editEnable
.text	0x00000134	0x158	t_sce/t_sce.cpp	local	cLightTool_updateLit	cLightTool::updateLit
.text	0x0000028C	0x158	t_sce/t_sce.cpp	local	menu	menu
.text	0x000003E4	0x40	t_sce/t_sce.cpp	local	edit	edit
.text	0x00000424	0x188	t_sce/t_sce.cpp	local	edit_menu	edit_menu
.text	0x000005AC	0x2DC	t_sce/t_sce.cpp	local	edit_cutsel	edit_cutsel
.text	0x00000888	0x364	t_sce/t_sce.cpp	local	edit_cutsel_main	edit_cutsel_main
.text	0x00000BEC	0x2F0	t_sce/t_sce.cpp	local	edit_cutsel_sub	edit_cutsel_sub
.text	0x00000EDC	0x8C	t_sce/t_sce.cpp	global	lightCopyCut	lightCopyCut
.text	0x00000F68	0x94	t_sce/t_sce.cpp	global	lightPasteCut	lightPasteCut
.text	0x00000FFC	0x84	t_sce/t_sce.cpp	global	lightPasteAmbient	lightPasteAmbient
.text	0x00001080	0xA8	t_sce/t_sce.cpp	global	lightPasteFog	lightPasteFog
.text	0x00001128	0xA8	t_sce/t_sce.cpp	global	lightPasteMFog	lightPasteMFog
.text	0x000011D0	0x8	t_sce/t_sce.cpp	global	lightPasteShadow	lightPasteShadow
.text	0x000011D8	0x8C	t_sce/t_sce.cpp	global	lightPasteFocus	lightPasteFocus
.text	0x00001264	0x84	t_sce/t_sce.cpp	global	lightPasteBlur	lightPasteBlur
.text	0x000012E8	0xA8	t_sce/t_sce.cpp	global	lightPasteTune	lightPasteTune
.text	0x00001390	0xE8	t_sce/t_sce.cpp	global	lightPasteScale	lightPasteScale
.text	0x00001478	0x100	t_sce/t_sce.cpp	global	lightPasteCutAll	lightPasteCutAll
.text	0x00001578	0xE0	t_sce/t_sce.cpp	global	lightPasteCutAll2	lightPasteCutAll2
.text	0x00001658	0x58	t_sce/t_sce.cpp	global	copyCut	copyCut
.text	0x000016B0	0x44	t_sce/t_sce.cpp	local	edit_light	edit_light
.text	0x000016F4	0x334	t_sce/t_sce.cpp	local	edit_light_select	edit_light_select
.text	0x00001A28	0x5A4	t_sce/t_sce.cpp	local	edit_light_select_sub	edit_light_select_sub
.text	0x00001FCC	0x22C	t_sce/t_sce.cpp	global	lightCopyWork	lightCopyWork
.text	0x000021F8	0x490	t_sce/t_sce.cpp	global	lightCutWork	lightCutWork
.text	0x00002688	0x488	t_sce/t_sce.cpp	global	lightInsertWork	lightInsertWork
.text	0x00002B10	0x9C	t_sce/t_sce.cpp	local	edit_light_no	edit_light_no
.text	0x00002BAC	0x178	t_sce/t_sce.cpp	local	edit_light_id	edit_light_id
.text	0x00002D24	0xD4	t_sce/t_sce.cpp	local	edit_light_id_normal	edit_light_id_normal
.text	0x00002DF8	0x1F0	t_sce/t_sce.cpp	local	edit_light_id_flick	edit_light_id_flick
.text	0x00002FE8	0x294	t_sce/t_sce.cpp	local	edit_light_id_wave	edit_light_id_wave
.text	0x0000327C	0x334	t_sce/t_sce.cpp	local	edit_light_id_round	edit_light_id_round
.text	0x000035B0	0x590	t_sce/t_sce.cpp	local	edit_light_id_shadow	edit_light_id_shadow
.text	0x00003B40	0x3B0	t_sce/t_sce.cpp	local	edit_light_id_path	edit_light_id_path
.text	0x00003EF0	0x278	t_sce/t_sce.cpp	local	edit_light_id_fade	edit_light_id_fade
.text	0x00004168	0x334	t_sce/t_sce.cpp	local	edit_light_id_shine	edit_light_id_shine
.text	0x0000449C	0x4	t_sce/t_sce.cpp	local	edit_light_id_spotlock	edit_light_id_spotlock
.text	0x000044A0	0x3BC	t_sce/t_sce.cpp	local	edit_light_eid	edit_light_eid
.text	0x0000485C	0x770	t_sce/t_sce.cpp	local	edit_light_parent	edit_light_parent
.text	0x00004FCC	0xC0	t_sce/t_sce.cpp	global	posTranslate	posTranslate
.text	0x0000508C	0x2BC	t_sce/t_sce.cpp	local	edit_light_pos	edit_light_pos
.text	0x00005348	0x390	t_sce/t_sce.cpp	local	edit_light_radius	edit_light_radius
.text	0x000056D8	0xB0	t_sce/t_sce.cpp	local	edit_light_color	edit_light_color
.text	0x00005788	0x1EC	t_sce/t_sce.cpp	local	edit_light_intensity	edit_light_intensity
.text	0x00005974	0xD4	t_sce/t_sce.cpp	local	edit_light_type	edit_light_type
.text	0x00005A48	0xC0	t_sce/t_sce.cpp	global	edit_light_type_shadow	edit_light_type_shadow
.text	0x00005B08	0x154	t_sce/t_sce.cpp	global	shadow_select_type	shadow_select_type
.text	0x00005C5C	0x704	t_sce/t_sce.cpp	local	edit_light_type_shadow_fit	edit_light_type_shadow_fit
.text	0x00006360	0x704	t_sce/t_sce.cpp	local	edit_light_type_shadow_parallel	edit_light_type_shadow_parallel
.text	0x00006A64	0x418	t_sce/t_sce.cpp	local	edit_light_type_shadow_fix	edit_light_type_shadow_fix
.text	0x00006E7C	0x140	t_sce/t_sce.cpp	local	edit_light_kind	edit_light_kind
.text	0x00006FBC	0x268	t_sce/t_sce.cpp	local	edit_light_attr	edit_light_attr
.text	0x00007224	0x130	t_sce/t_sce.cpp	local	edit_light_priority	edit_light_priority
.text	0x00007354	0x174	t_sce/t_sce.cpp	global	select_type	select_type
.text	0x000074C8	0x238	t_sce/t_sce.cpp	local	edit_light_type_constant	edit_light_type_constant
.text	0x00007700	0x1EC	t_sce/t_sce.cpp	local	edit_light_type_quad	edit_light_type_quad
.text	0x000078EC	0x4F4	t_sce/t_sce.cpp	local	edit_light_type_spotlight	edit_light_type_spotlight
.text	0x00007DE0	0x714	t_sce/t_sce.cpp	local	edit_light_type_direct	edit_light_type_direct
.text	0x000084F4	0x1EC	t_sce/t_sce.cpp	local	edit_light_type_localamb	edit_light_type_localamb
.text	0x000086E0	0x40	t_sce/t_sce.cpp	global	func_attn	func_attn
.text	0x00008720	0x554	t_sce/t_sce.cpp	global	draw_light_graph	draw_light_graph
.text	0x00008C74	0x534	t_sce/t_sce.cpp	local	edit_light_type_parallel	edit_light_type_parallel
.text	0x000091A8	0x4	t_sce/t_sce.cpp	local	edit_light_prop_sub	edit_light_prop_sub
.text	0x000091AC	0x48C	t_sce/t_sce.cpp	local	edit_ambient	edit_ambient
.text	0x00009638	0x64	t_sce/t_sce.cpp	local	edit_fog	edit_fog
.text	0x0000969C	0x64	t_sce/t_sce.cpp	local	edit_mirror_fog	edit_mirror_fog
.text	0x00009700	0x424	t_sce/t_sce.cpp	global	edit_fog_common	edit_fog_common
.text	0x00009B24	0x2FC	t_sce/t_sce.cpp	local	edit_focus	edit_focus
.text	0x00009E20	0x2F8	t_sce/t_sce.cpp	global	draw_tone_curve	draw_tone_curve
.text	0x0000A118	0x6C4	t_sce/t_sce.cpp	local	edit_blur	edit_blur
.text	0x0000A7DC	0x40C	t_sce/t_sce.cpp	local	edit_mipmap	edit_mipmap
.text	0x0000ABE8	0x4C0	t_sce/t_sce.cpp	local	edit_tune	edit_tune
.text	0x0000B0A8	0x28C	t_sce/t_sce.cpp	local	edit_scale	edit_scale
.text	0x0000B334	0x198	t_sce/t_sce.cpp	local	edit_param	edit_param
.text	0x0000B4CC	0x5C8	t_sce/t_sce.cpp	local	edit_wind	edit_wind
.text	0x0000BA94	0x18C	t_sce/t_sce.cpp	local	path	path
.text	0x0000BC20	0xF20	t_sce/t_sce.cpp	local	load	load
.text	0x0000CB40	0xE44	t_sce/t_sce.cpp	local	save	save
.text	0x0000D984	0x898	t_sce/t_sce.cpp	local	option	option
.text	0x0000E21C	0x1C8	t_sce/t_sce.cpp	local	quit	quit
.text	0x0000E3E4	0x5CC	t_sce/t_sce.cpp	global	printEditTable	printEditTable
.text	0x0000E9B0	0x54	t_sce/t_sce.cpp	global	cLightTool_printCursor	cLightTool::printCursor
.text	0x0000EA04	0x1E0	t_sce/t_sce.cpp	global	DrawTile	DrawTile
.text	0x0000EBE4	0x18	t_sce/t_sce.cpp	global	cLightTool_clearWork	cLightTool::clearWork
.text	0x0000EBFC	0x1C	t_sce/t_sce.cpp	global	cLightTool_clearSubMenu	cLightTool::clearSubMenu
.text	0x0000EC18	0x30	t_sce/t_sce.cpp	global	cDbLit_cDbLit	cDbLit::cDbLit
.text	0x0000EC48	0xA0	t_sce/t_sce.cpp	global	cDbLit_size	cDbLit::size
.text	0x0000ECE8	0x10	t_sce/t_sce.cpp	global	cDbLit_getCut	cDbLit::getCut
.text	0x0000ECF8	0x8C	t_sce/t_sce.cpp	global	LitLoadWork	LitLoadWork
.text	0x0000ED84	0x134	t_sce/t_sce.cpp	global	LitSaveWork	LitSaveWork
.text	0x0000EEB8	0xA8	t_sce/t_sce.cpp	global	cDbLit_fileLoad	cDbLit::fileLoad
.text	0x0000EF60	0x138	t_sce/t_sce.cpp	global	cDbLit_init	cDbLit::init
.text	0x0000F098	0x58	t_sce/t_sce.cpp	global	cDbLit_preEventSave	cDbLit::preEventSave
.text	0x0000F0F0	0x90	t_sce/t_sce.cpp	global	cDbLit_fileSave	cDbLit::fileSave
.text	0x0000F180	0x1B0	t_sce/t_sce.cpp	global	cDbLit_createLit	cDbLit::createLit
.text	0x0000F330	0x9A0	t_sce/t_sce.cpp	global	editColor	editColor
.text	0x0000FCD0	0x8C	t_sce/t_sce.cpp	global	strFogType	strFogType
.text	0x0000FD5C	0x70	t_sce/t_sce.cpp	global	fogTypeNext	fogTypeNext
.text	0x0000FDCC	0x70	t_sce/t_sce.cpp	global	fogTypeBack	fogTypeBack
.text	0x0000FE3C	0xF0	t_sce/t_sce.cpp	global	initLightWork	initLightWork
.text	0x0000FF2C	0x84	t_sce/t_sce.cpp	global	clear_move_free	clear_move_free
.text	0x0000FFB0	0x68	t_sce/t_sce.cpp	global	clear_type_free	clear_type_free
.text	0x00010018	0x184	t_sce/t_sce.cpp	global	drawLightInfo_SpotShadow	drawLightInfo_SpotShadow
.text	0x0001019C	0x17C	t_sce/t_sce.cpp	global	drawLightInfo	drawLightInfo
.text	0x00010318	0x518	t_sce/t_sce.cpp	global	pathSelect	pathSelect
.text	0x00010830	0x428	t_sce/t_sce.cpp	global	pathEdit	pathEdit
.text	0x00010C58	0x2A0	t_sce/t_sce.cpp	global	drawPath	drawPath
.text	0x00010EF8	0xBC	t_sce/t_sce.cpp	global	cLitPathTool_createPath	cLitPathTool::createPath
.text	0x00010FB4	0xBC	t_sce/t_sce.cpp	global	cManager_cLight_countActiveWork	cManager<cLight>::countActiveWork
.text	0x00011070	0x158	t_sce/t_sce.cpp	global	cManager_cLight_create	cManager<cLight>::create
.text	0x000111C8	0x138	t_sce/t_sce.cpp	global	cManager_cLight_create_111C8	cManager<cLight>::create
.text	0x00011300	0x34	t_sce/t_sce.cpp	global	cVarLoop_unsigned_char_limitUpper	cVarLoop<unsigned char>::limitUpper
.text	0x00011334	0x34	t_sce/t_sce.cpp	global	cVarLoop_unsigned_char_limitLower	cVarLoop<unsigned char>::limitLower
.text	0x00011368	0x80	t_sce/t_sce.cpp	global	cManager_cLight_destroyAll	cManager<cLight>::destroyAll
.text	0x000113E8	0x48	t_sce/t_sce.cpp	global	cUnit_dt_cUnit	cUnit::~cUnit
.text	0x00011430	0x4	t_sce/t_sce.cpp	global	cUnit_beginEvent	cUnit::beginEvent
.text	0x00011434	0x4	t_sce/t_sce.cpp	global	cUnit_endEvent	cUnit::endEvent
.text	0x00011438	0x4	t_sce/t_sce.cpp	global	cUnit_op_delete	cUnit::operator delete
.text	0x0001143C	0x4C	t_sce/t_sce.cpp	global	cFileList_init	cFileList::init
.text	0x00011488	0x1B4	t_sce/t_sce.cpp	global	cFileList_disp	cFileList::disp
.text	0x0001163C	0x178	t_sce/t_sce.cpp	global	cFileList_update	cFileList::update
.text	0x000117B4	0x160	t_sce/t_sce.cpp	global	cFileList_dir	cFileList::dir
.text	0x00011914	0x4	t_sce/t_sce.cpp	global	__static_initialization_and_destruction_0	__static_initialization_and_destruction_0
.text	0x00011918	0x2C	t_sce/t_sce.cpp	local	global_constructors_keyed_to_cFileList_init	global constructors keyed to cFileList::init
.text	0x00011944	0x2C	t_sce/t_sce.cpp	local	global_destructors_keyed_to_cFileList_init	global destructors keyed to cFileList::init
.text	0x00011970	0x1EC	t_sce/t_sce.cpp	global	ToolBlock	ToolBlock
.text	0x00011B5C	0x138	t_sce/t_sce.cpp	global	tBlockInit_base	tBlockInit_base
.text	0x00011C94	0x1C0	t_sce/t_sce.cpp	global	tBlockInit	tBlockInit
.text	0x00011E54	0x7C	t_sce/t_sce.cpp	global	set_filename	set_filename
.text	0x00011ED0	0x2A0	t_sce/t_sce.cpp	local	tBlockExit	tBlockExit
.text	0x00012170	0x100	t_sce/t_sce.cpp	local	tBlockMainMenu	tBlockMainMenu
.text	0x00012270	0x188	t_sce/t_sce.cpp	local	tBlockConnect	tBlockConnect
.text	0x000123F8	0x1FC	t_sce/t_sce.cpp	local	tBlockConnect_ListDisp	tBlockConnect_ListDisp
.text	0x000125F4	0x190	t_sce/t_sce.cpp	global	dispBlockList1	dispBlockList1
.text	0x00012784	0x1E0	t_sce/t_sce.cpp	local	tBlockConnect_Menu	tBlockConnect_Menu
.text	0x00012964	0x8C	t_sce/t_sce.cpp	local	tBlockConnect_Delete	tBlockConnect_Delete
.text	0x000129F0	0x194	t_sce/t_sce.cpp	local	tBlockArea	tBlockArea
.text	0x00012B84	0x178	t_sce/t_sce.cpp	local	tBlockArea_ListDisp	tBlockArea_ListDisp
.text	0x00012CFC	0x138	t_sce/t_sce.cpp	global	dispAreaList1	dispAreaList1
.text	0x00012E34	0x29C	t_sce/t_sce.cpp	local	tBlockArea_Menu	tBlockArea_Menu
.text	0x000130D0	0x9C	t_sce/t_sce.cpp	local	tBlockArea_Create	tBlockArea_Create
.text	0x0001316C	0x34	t_sce/t_sce.cpp	local	tBlockArea_Delete	tBlockArea_Delete
.text	0x000131A0	0xD4	t_sce/t_sce.cpp	local	tBlockArea_Move	tBlockArea_Move
.text	0x00013274	0x19C	t_sce/t_sce.cpp	local	tBlockAreaInfo	tBlockAreaInfo
.text	0x00013410	0x1A8	t_sce/t_sce.cpp	local	tBlockAreaInfo_ListDisp	tBlockAreaInfo_ListDisp
.text	0x000135B8	0xC8	t_sce/t_sce.cpp	global	dispAreaInfoList1	dispAreaInfoList1
.text	0x00013680	0x4C0	t_sce/t_sce.cpp	local	tBlockAreaInfo_Menu	tBlockAreaInfo_Menu
.text	0x00013B40	0x448	t_sce/t_sce.cpp	global	tBlockArea_disp	tBlockArea_disp
.text	0x00013F88	0x10C	t_sce/t_sce.cpp	global	tBlockArea_dispBlockModel	tBlockArea_dispBlockModel
.text	0x00014094	0xD4	t_sce/t_sce.cpp	global	tBlockArea_dispBlockArea	tBlockArea_dispBlockArea
.text	0x00014168	0x434	t_sce/t_sce.cpp	global	tBlockArea_dispBlockBox	tBlockArea_dispBlockBox
.text	0x0001459C	0x658	t_sce/t_sce.cpp	local	tBlockDataLoad	tBlockDataLoad
.text	0x00014BF4	0x340	t_sce/t_sce.cpp	local	tBlockDataSave	tBlockDataSave
.text	0x00014F34	0x23C	t_sce/t_sce.cpp	global	tBlockSaveDataCreate	tBlockSaveDataCreate
.text	0x00015170	0x8C	t_sce/t_sce.cpp	global	tBlock_DebugCamera	tBlock_DebugCamera
.text	0x000151FC	0x3B8	t_sce/t_sce.cpp	global	fn_t_sce_151FC	.
.text	0x000155B4	0x230	t_sce/t_sce.cpp	global	ToolSceAt	ToolSceAt
.text	0x000157E4	0x150	t_sce/t_sce.cpp	global	tSceAtInit_base	tSceAtInit_base
.text	0x00015934	0x170	t_sce/t_sce.cpp	global	tSceAtInit	tSceAtInit
.text	0x00015AA4	0x7C	t_sce/t_sce.cpp	global	set_filename_15AA4	set_filename
.text	0x00015B20	0x1A8	t_sce/t_sce.cpp	local	tSceAtExit	tSceAtExit
.text	0x00015CC8	0x114	t_sce/t_sce.cpp	local	tSceAtMainMenu	tSceAtMainMenu
.text	0x00015DDC	0x294	t_sce/t_sce.cpp	local	tSceAtAreaEdit	tSceAtAreaEdit
.text	0x00016070	0x178	t_sce/t_sce.cpp	local	tSceAtAreaEdit_EditMenu	tSceAtAreaEdit_EditMenu
.text	0x000161E8	0x258	t_sce/t_sce.cpp	local	tSceAtAreaEdit_AreaCreate	tSceAtAreaEdit_AreaCreate
.text	0x00016440	0x94	t_sce/t_sce.cpp	local	tSceAtAreaEdit_AreaCopy	tSceAtAreaEdit_AreaCopy
.text	0x000164D4	0x78	t_sce/t_sce.cpp	local	tSceAtAreaEdit_AreaPaste	tSceAtAreaEdit_AreaPaste
.text	0x0001654C	0x50	t_sce/t_sce.cpp	local	tSceAtAreaEdit_CopyBuffClear	tSceAtAreaEdit_CopyBuffClear
.text	0x0001659C	0x28	t_sce/t_sce.cpp	local	tSceAtAreaEdit_AreaDelete	tSceAtAreaEdit_AreaDelete
.text	0x000165C4	0x300	t_sce/t_sce.cpp	global	angle_arrow_disp	angle_arrow_disp
.text	0x000168C4	0x290	t_sce/t_sce.cpp	global	tSceAtAreaEdit_disp	tSceAtAreaEdit_disp
.text	0x00016B54	0xCC	t_sce/t_sce.cpp	local	tSceAtAreaEdit_AreaMove	tSceAtAreaEdit_AreaMove
.text	0x00016C20	0xE4	t_sce/t_sce.cpp	local	tSceAtAreaEdit_DataInput	tSceAtAreaEdit_DataInput
.text	0x00016D04	0x7FC	t_sce/t_sce.cpp	global	tSceAtDataInput_basic_menu	tSceAtDataInput_basic_menu
.text	0x00017500	0x68	t_sce/t_sce.cpp	local	tSceAtDataInput_normal	tSceAtDataInput_normal
.text	0x00017568	0x9DC	t_sce/t_sce.cpp	local	tSceAtDataInput_door	tSceAtDataInput_door
.text	0x00017F44	0x4F8	t_sce/t_sce.cpp	global	tSceAtDataInput_door_PosSet	tSceAtDataInput_door_PosSet
.text	0x0001843C	0x510	t_sce/t_sce.cpp	local	tSceAtDataInput_mes	tSceAtDataInput_mes
.text	0x0001894C	0x270	t_sce/t_sce.cpp	local	tSceAtDataInput_flg	tSceAtDataInput_flg
.text	0x00018BBC	0x348	t_sce/t_sce.cpp	local	tSceAtDataInput_jump	tSceAtDataInput_jump
.text	0x00018F04	0x1CC	t_sce/t_sce.cpp	local	tSceAtDataInput_shd_disp	tSceAtDataInput_shd_disp
.text	0x000190D0	0x5EC	t_sce/t_sce.cpp	local	tSceAtDataInput_damage	tSceAtDataInput_damage
.text	0x000196BC	0xC68	t_sce/t_sce.cpp	local	tSceAtDataInput_scr_at	tSceAtDataInput_scr_at
.text	0x0001A324	0x68	t_sce/t_sce.cpp	local	tSceAtDataInput_cam_ctrl	tSceAtDataInput_cam_ctrl
.text	0x0001A38C	0x4A4	t_sce/t_sce.cpp	local	tSceAtDataInput_cam_ctrl_main	tSceAtDataInput_cam_ctrl_main
.text	0x0001A830	0x1B4	t_sce/t_sce.cpp	local	tSceAtDataInput_cam_ctrl_pos_edit	tSceAtDataInput_cam_ctrl_pos_edit
.text	0x0001A9E4	0x178	t_sce/t_sce.cpp	global	tSceAtCamCtrlDataDisp	tSceAtCamCtrlDataDisp
.text	0x0001AB5C	0x110	t_sce/t_sce.cpp	local	tSceAtDataInput_field_info	tSceAtDataInput_field_info
.text	0x0001AC6C	0x110	t_sce/t_sce.cpp	local	tSceAtDataInput_save	tSceAtDataInput_save
.text	0x0001AD7C	0x54	t_sce/t_sce.cpp	local	tSceAtDataInput_ladder	tSceAtDataInput_ladder
.text	0x0001ADD0	0x710	t_sce/t_sce.cpp	local	tSceAtDataInput_ladder_main	tSceAtDataInput_ladder_main
.text	0x0001B4E0	0x1A4	t_sce/t_sce.cpp	local	tSceAtDataInput_ladder_ETedit	tSceAtDataInput_ladder_ETedit
.text	0x0001B684	0x218	t_sce/t_sce.cpp	global	tSceAtLadderDataDisp	tSceAtLadderDataDisp
.text	0x0001B89C	0x118	t_sce/t_sce.cpp	local	tSceAtDataInput_use	tSceAtDataInput_use
.text	0x0001B9B4	0x5C	t_sce/t_sce.cpp	local	tSceAtDataInput_hide	tSceAtDataInput_hide
.text	0x0001BA10	0x25C	t_sce/t_sce.cpp	local	tSceAtDataInput_hide_main	tSceAtDataInput_hide_main
.text	0x0001BC6C	0x1A4	t_sce/t_sce.cpp	local	tSceAtDataInput_hide_pos_edit	tSceAtDataInput_hide_pos_edit
.text	0x0001BE10	0x218	t_sce/t_sce.cpp	local	tSceAtDataInput_hide_area_edit	tSceAtDataInput_hide_area_edit
.text	0x0001C028	0x11C	t_sce/t_sce.cpp	global	tSceAtHideDataDisp	tSceAtHideDataDisp
.text	0x0001C144	0x54	t_sce/t_sce.cpp	local	tSceAtDataInput_pos_jump	tSceAtDataInput_pos_jump
.text	0x0001C198	0x478	t_sce/t_sce.cpp	local	tSceAtDataInput_pos_jump_main	tSceAtDataInput_pos_jump_main
.text	0x0001C610	0x1A4	t_sce/t_sce.cpp	local	tSceAtDataInput_pos_jump_ETedit	tSceAtDataInput_pos_jump_ETedit
.text	0x0001C7B4	0x218	t_sce/t_sce.cpp	global	tSceAtPosJumpDataDisp	tSceAtPosJumpDataDisp
.text	0x0001C9CC	0x150	t_sce/t_sce.cpp	global	tSceAt_PointDisp	tSceAt_PointDisp
.text	0x0001CB1C	0x380	t_sce/t_sce.cpp	local	tSceAtDataLoad	tSceAtDataLoad
.text	0x0001CE9C	0xE4	t_sce/t_sce.cpp	global	tSceAtLoadDataCopy	tSceAtLoadDataCopy
.text	0x0001CF80	0x3B8	t_sce/t_sce.cpp	local	tSceAtDataSave	tSceAtDataSave
.text	0x0001D338	0x160	t_sce/t_sce.cpp	global	tSceAtSaveDataCreate	tSceAtSaveDataCreate
.text	0x0001D498	0x84	t_sce/t_sce.cpp	global	tSceAtData_DebugCamera	tSceAtData_DebugCamera
.text	0x0001D51C	0x5C	t_sce/t_sce.cpp	local	tSceAtPreview	tSceAtPreview
.text	0x0001D578	0x6C	t_sce/t_sce.cpp	local	tSceAtPreview_init	tSceAtPreview_init
.text	0x0001D5E4	0x9C	t_sce/t_sce.cpp	local	tSceAtPreview_main	tSceAtPreview_main
.text	0x0001D680	0x240	t_sce/t_sce.cpp	global	tSceAtPreview_pl_pos	tSceAtPreview_pl_pos
.text	0x0001D8C0	0xD0	t_sce/t_sce.cpp	local	tSceAtPreview_exit	tSceAtPreview_exit
.text	0x0001D990	0x114	t_sce/t_sce.cpp	global	loadMesName	loadMesName
.text	0x0001DAA4	0x3B8	t_sce/t_sce.cpp	global	fn_t_sce_1DAA4	.
.text	0x0001DE5C	0x230	t_sce/t_sce.cpp	global	ToolSceItem	ToolSceItem
.text	0x0001E08C	0x128	t_sce/t_sce.cpp	global	tSceItemInit_base	tSceItemInit_base
.text	0x0001E1B4	0x148	t_sce/t_sce.cpp	global	tSceItemInit	tSceItemInit
.text	0x0001E2FC	0x9C	t_sce/t_sce.cpp	global	set_filename_1E2FC	set_filename
.text	0x0001E398	0x188	t_sce/t_sce.cpp	local	tSceItemExit	tSceItemExit
.text	0x0001E520	0x120	t_sce/t_sce.cpp	local	tSceItemMainMenu	tSceItemMainMenu
.text	0x0001E640	0x2A0	t_sce/t_sce.cpp	local	tSceItemAreaEdit	tSceItemAreaEdit
.text	0x0001E8E0	0x1AC	t_sce/t_sce.cpp	local	tSceItemAreaEdit_ListDisp	tSceItemAreaEdit_ListDisp
.text	0x0001EA8C	0xFC	t_sce/t_sce.cpp	global	dispItemSetList1	dispItemSetList1
.text	0x0001EB88	0x170	t_sce/t_sce.cpp	local	tSceItemAreaEdit_EditMenu	tSceItemAreaEdit_EditMenu
.text	0x0001ECF8	0x26C	t_sce/t_sce.cpp	local	tSceItemAreaEdit_AreaCreate	tSceItemAreaEdit_AreaCreate
.text	0x0001EF64	0x94	t_sce/t_sce.cpp	local	tSceItemAreaEdit_AreaCopy	tSceItemAreaEdit_AreaCopy
.text	0x0001EFF8	0x78	t_sce/t_sce.cpp	local	tSceItemAreaEdit_AreaPaste	tSceItemAreaEdit_AreaPaste
.text	0x0001F070	0x50	t_sce/t_sce.cpp	local	tSceItemAreaEdit_CopyBuffClear	tSceItemAreaEdit_CopyBuffClear
.text	0x0001F0C0	0x28	t_sce/t_sce.cpp	local	tSceItemAreaEdit_AreaDelete	tSceItemAreaEdit_AreaDelete
.text	0x0001F0E8	0x310	t_sce/t_sce.cpp	global	angle_arrow_disp_1F0E8	angle_arrow_disp
.text	0x0001F3F8	0x544	t_sce/t_sce.cpp	global	tSceItemAreaEdit_disp	tSceItemAreaEdit_disp
.text	0x0001F93C	0xD0	t_sce/t_sce.cpp	local	tSceItemAreaEdit_AreaMove	tSceItemAreaEdit_AreaMove
.text	0x0001FA0C	0x68	t_sce/t_sce.cpp	local	tSceItemAreaEdit_DataInput	tSceItemAreaEdit_DataInput
.text	0x0001FA74	0x3E4	t_sce/t_sce.cpp	global	tSceItemDataInput_basic_menu	tSceItemDataInput_basic_menu
.text	0x0001FE58	0x5C	t_sce/t_sce.cpp	global	tSceItemDataInput_item	tSceItemDataInput_item
.text	0x0001FEB4	0xDC8	t_sce/t_sce.cpp	local	tSceItemDataInput_item_main	tSceItemDataInput_item_main
.text	0x00020C7C	0x230	t_sce/t_sce.cpp	local	tSceItemDataInput_item_ETedit	tSceItemDataInput_item_ETedit
.text	0x00020EAC	0x2D0	t_sce/t_sce.cpp	local	tSceItemDataInput_item_EffPosSet	tSceItemDataInput_item_EffPosSet
.text	0x0002117C	0x150	t_sce/t_sce.cpp	global	tSceItem_PointDisp	tSceItem_PointDisp
.text	0x000212CC	0x380	t_sce/t_sce.cpp	local	tSceItemDataLoad	tSceItemDataLoad
.text	0x0002164C	0x184	t_sce/t_sce.cpp	global	tSceItemLoadDataCopy	tSceItemLoadDataCopy
.text	0x000217D0	0x3B4	t_sce/t_sce.cpp	local	tSceItemDataSave	tSceItemDataSave
.text	0x00021B84	0x100	t_sce/t_sce.cpp	global	tSceItemSetRoomData	tSceItemSetRoomData
.text	0x00021C84	0x32C	t_sce/t_sce.cpp	global	tSceSaveXml	tSceSaveXml
.text	0x00021FB0	0x16C	t_sce/t_sce.cpp	global	tSceItemSaveDataCreate	tSceItemSaveDataCreate
.text	0x0002211C	0x90	t_sce/t_sce.cpp	global	tSceItemSetItemFlgAuto_on	tSceItemSetItemFlgAuto_on
.text	0x000221AC	0x7C	t_sce/t_sce.cpp	global	tSceItemSetItemFlgAuto_ck	tSceItemSetItemFlgAuto_ck
.text	0x00022228	0xD0	t_sce/t_sce.cpp	global	tSceItemSetItemFlgAutoDataCreate	tSceItemSetItemFlgAutoDataCreate
.text	0x000222F8	0x84	t_sce/t_sce.cpp	global	tSceItemData_DebugCamera	tSceItemData_DebugCamera
.text	0x0002237C	0x5C	t_sce/t_sce.cpp	local	tSceItemPreview	tSceItemPreview
.text	0x000223D8	0x6C	t_sce/t_sce.cpp	local	tSceItemPreview_init	tSceItemPreview_init
.text	0x00022444	0x9C	t_sce/t_sce.cpp	local	tSceItemPreview_main	tSceItemPreview_main
.text	0x000224E0	0x240	t_sce/t_sce.cpp	global	tSceItemPreview_pl_pos	tSceItemPreview_pl_pos
.text	0x00022720	0xD0	t_sce/t_sce.cpp	local	tSceItemPreview_exit	tSceItemPreview_exit
.text	0x000227F0	0x1A0	t_sce/t_sce.cpp	global	loadItemIdName	loadItemIdName
.text	0x00022990	0x40	t_sce/t_sce.cpp	global	getItemIdStr	getItemIdStr
.text	0x000229D0	0x3B8	t_sce/t_sce.cpp	global	fn_t_sce_229D0	.
.text	0x00022D88	0x1B4	t_sce/t_sce.cpp	global	TutilInitDefault	TutilInitDefault
.text	0x00022F3C	0x144	t_sce/t_sce.cpp	global	TutilQuitDefault	TutilQuitDefault
.text	0x00023080	0x34	t_sce/t_sce.cpp	global	ToolMenuDisp	ToolMenuDisp
.text	0x000230B4	0x278	t_sce/t_sce.cpp	global	ToolMenuDisp_cur	ToolMenuDisp_cur
.text	0x0002332C	0x3B8	t_sce/t_sce.cpp	global	fn_t_sce_2332C	.
.text	0x000236E4	0x64	t_sce/t_sce.cpp	global	_prolog	_prolog
.text	0x00023748	0x1CC	t_sce/t_sce.cpp	global	ToolsTask	ToolsTask
.text	0x00023914	0x60	t_sce/t_sce.cpp	global	_epilog	_epilog
.text	0x00023974	0x58	t_sce/t_sce.cpp	global	_unresolved	_unresolved
.text	0x00023A0C	0x0	t_sce/t_sce.cpp	global	lbl_t_sce_text_23A0C	lbl_t_sce_text_23A0C
.text	0x00023A48	0x0	t_sce/t_sce.cpp	global	lbl_t_sce_text_23A48	lbl_t_sce_text_23A48
.text	0x00023A5C	0x0	t_sce/t_sce.cpp	global	lbl_t_sce_text_23A5C	lbl_t_sce_text_23A5C
.text	0x00023A68	0x0	t_sce/t_sce.cpp	global	lbl_t_sce_text_23A68	lbl_t_sce_text_23A68
.text	0x00023A78	0x0	t_sce/t_sce.cpp	global	lbl_t_sce_text_23A78	lbl_t_sce_text_23A78
.text	0x00023AB8	0x0	t_sce/t_sce.cpp	global	lbl_t_sce_text_23AB8	lbl_t_sce_text_23AB8
.text	0x00023AF8	0x0	t_sce/t_sce.cpp	global	lbl_t_sce_text_23AF8	lbl_t_sce_text_23AF8
.text	0x00023B68	0x0	t_sce/t_sce.cpp	global	lbl_t_sce_text_23B68	lbl_t_sce_text_23B68
.text	0x00023B98	0x0	t_sce/t_sce.cpp	global	lbl_t_sce_text_23B98	lbl_t_sce_text_23B98
.text	0x00023BA8	0x0	t_sce/t_sce.cpp	global	lbl_t_sce_text_23BA8	lbl_t_sce_text_23BA8
.text	0x00023BBC	0x0	t_sce/t_sce.cpp	global	lbl_t_sce_text_23BBC	lbl_t_sce_text_23BBC
.text	0x00023BD4	0x0	t_sce/t_sce.cpp	global	lbl_t_sce_text_23BD4	lbl_t_sce_text_23BD4
.text	0x00023BE4	0x0	t_sce/t_sce.cpp	global	lbl_t_sce_text_23BE4	lbl_t_sce_text_23BE4
.text	0x00023C78	0x0	t_sce/t_sce.cpp	global	lbl_t_sce_text_23C78	lbl_t_sce_text_23C78
.text	0x00023CC8	0x0	t_sce/t_sce.cpp	global	lbl_t_sce_text_23CC8	lbl_t_sce_text_23CC8
.text	0x00023CF8	0x0	t_sce/t_sce.cpp	global	lbl_t_sce_text_23CF8	lbl_t_sce_text_23CF8
.text	0x00023D44	0x0	t_sce/t_sce.cpp	global	lbl_t_sce_text_23D44	lbl_t_sce_text_23D44
.text	0x00023D58	0x0	t_sce/t_sce.cpp	global	lbl_t_sce_text_23D58	lbl_t_sce_text_23D58
.rodata	0x0000006C	0x18	t_sce/t_sce.cpp	local	lbl_t_sce_rodata_6C	lbl_t_sce_rodata_6C
.rodata	0x00000084	0x8	t_sce/t_sce.cpp	local	lbl_t_sce_rodata_84	lbl_t_sce_rodata_84
.rodata	0x0000008C	0x8	t_sce/t_sce.cpp	local	lbl_t_sce_rodata_8C	lbl_t_sce_rodata_8C
.rodata	0x00000094	0x8	t_sce/t_sce.cpp	local	lbl_t_sce_rodata_94	lbl_t_sce_rodata_94
.rodata	0x0000009C	0xC	t_sce/t_sce.cpp	local	lbl_t_sce_rodata_9C	lbl_t_sce_rodata_9C
.rodata	0x000000A8	0x8	t_sce/t_sce.cpp	local	lbl_t_sce_rodata_A8	lbl_t_sce_rodata_A8
.rodata	0x000000B0	0x8	t_sce/t_sce.cpp	local	lbl_t_sce_rodata_B0	lbl_t_sce_rodata_B0
.rodata	0x000000B8	0x8	t_sce/t_sce.cpp	local	lbl_t_sce_rodata_B8	lbl_t_sce_rodata_B8
.rodata	0x000000C0	0x8	t_sce/t_sce.cpp	local	lbl_t_sce_rodata_C0	lbl_t_sce_rodata_C0
.rodata	0x000000C8	0xC	t_sce/t_sce.cpp	local	lbl_t_sce_rodata_C8	lbl_t_sce_rodata_C8
.rodata	0x000000D4	0x8	t_sce/t_sce.cpp	local	lbl_t_sce_rodata_D4	lbl_t_sce_rodata_D4
.rodata	0x000000DC	0xC	t_sce/t_sce.cpp	local	lbl_t_sce_rodata_DC	lbl_t_sce_rodata_DC
.rodata	0x000000E8	0x8	t_sce/t_sce.cpp	local	lbl_t_sce_rodata_E8	lbl_t_sce_rodata_E8
.rodata	0x000000F0	0xC	t_sce/t_sce.cpp	local	lbl_t_sce_rodata_F0	lbl_t_sce_rodata_F0
.rodata	0x000000FC	0xC	t_sce/t_sce.cpp	local	lbl_t_sce_rodata_FC	lbl_t_sce_rodata_FC
.rodata	0x00000108	0x8	t_sce/t_sce.cpp	local	lbl_t_sce_rodata_108	lbl_t_sce_rodata_108
.rodata	0x00000110	0xC	t_sce/t_sce.cpp	local	lbl_t_sce_rodata_110	lbl_t_sce_rodata_110
.rodata	0x0000011C	0xC	t_sce/t_sce.cpp	local	lbl_t_sce_rodata_11C	lbl_t_sce_rodata_11C
.rodata	0x00000128	0x10	t_sce/t_sce.cpp	local	lbl_t_sce_rodata_128	lbl_t_sce_rodata_128
.rodata	0x00000138	0x4	t_sce/t_sce.cpp	local	lbl_t_sce_rodata_138	lbl_t_sce_rodata_138
.rodata	0x0000013C	0x8	t_sce/t_sce.cpp	local	lbl_t_sce_rodata_13C	lbl_t_sce_rodata_13C
.rodata	0x00000144	0x8	t_sce/t_sce.cpp	local	lbl_t_sce_rodata_144	lbl_t_sce_rodata_144
.rodata	0x0000014C	0x8	t_sce/t_sce.cpp	local	lbl_t_sce_rodata_14C	lbl_t_sce_rodata_14C
.rodata	0x00000154	0x8	t_sce/t_sce.cpp	local	lbl_t_sce_rodata_154	lbl_t_sce_rodata_154
.rodata	0x0000015C	0x8	t_sce/t_sce.cpp	local	lbl_t_sce_rodata_15C	lbl_t_sce_rodata_15C
.rodata	0x00000164	0x8	t_sce/t_sce.cpp	local	lbl_t_sce_rodata_164	lbl_t_sce_rodata_164
.rodata	0x0000016C	0x8	t_sce/t_sce.cpp	local	lbl_t_sce_rodata_16C	lbl_t_sce_rodata_16C
.rodata	0x00000174	0x8	t_sce/t_sce.cpp	local	lbl_t_sce_rodata_174	lbl_t_sce_rodata_174
.rodata	0x0000017C	0x8	t_sce/t_sce.cpp	local	lbl_t_sce_rodata_17C	lbl_t_sce_rodata_17C
.rodata	0x00000184	0x8	t_sce/t_sce.cpp	local	lbl_t_sce_rodata_184	lbl_t_sce_rodata_184
.rodata	0x0000018C	0x4	t_sce/t_sce.cpp	local	lbl_t_sce_rodata_18C	lbl_t_sce_rodata_18C
.rodata	0x00000190	0x4	t_sce/t_sce.cpp	local	lbl_t_sce_rodata_190	lbl_t_sce_rodata_190
.rodata	0x00000194	0x4	t_sce/t_sce.cpp	local	lbl_t_sce_rodata_194	lbl_t_sce_rodata_194
.rodata	0x00000198	0x4	t_sce/t_sce.cpp	local	lbl_t_sce_rodata_198	lbl_t_sce_rodata_198
.rodata	0x0000019C	0x4	t_sce/t_sce.cpp	local	lbl_t_sce_rodata_19C	lbl_t_sce_rodata_19C
.rodata	0x000001A0	0x4	t_sce/t_sce.cpp	local	lbl_t_sce_rodata_1A0	lbl_t_sce_rodata_1A0
.rodata	0x000001A4	0xC	t_sce/t_sce.cpp	local	lbl_t_sce_rodata_1A4	lbl_t_sce_rodata_1A4
.rodata	0x000001B0	0xC	t_sce/t_sce.cpp	local	lbl_t_sce_rodata_1B0	lbl_t_sce_rodata_1B0
.rodata	0x000001BC	0xC	t_sce/t_sce.cpp	local	lbl_t_sce_rodata_1BC	lbl_t_sce_rodata_1BC
.rodata	0x000001C8	0x8	t_sce/t_sce.cpp	local	lbl_t_sce_rodata_1C8	lbl_t_sce_rodata_1C8
.rodata	0x000001D0	0x8	t_sce/t_sce.cpp	local	lbl_t_sce_rodata_1D0	lbl_t_sce_rodata_1D0
.rodata	0x000001D8	0x8	t_sce/t_sce.cpp	local	lbl_t_sce_rodata_1D8	lbl_t_sce_rodata_1D8
.rodata	0x000001E0	0xC	t_sce/t_sce.cpp	local	lbl_t_sce_rodata_1E0	lbl_t_sce_rodata_1E0
.rodata	0x000001EC	0x4	t_sce/t_sce.cpp	local	lbl_t_sce_rodata_1EC	lbl_t_sce_rodata_1EC
.rodata	0x000001F0	0x4	t_sce/t_sce.cpp	local	lbl_t_sce_rodata_1F0	lbl_t_sce_rodata_1F0
.rodata	0x000001F4	0x4	t_sce/t_sce.cpp	local	lbl_t_sce_rodata_1F4	lbl_t_sce_rodata_1F4
.rodata	0x000001F8	0x4	t_sce/t_sce.cpp	local	lbl_t_sce_rodata_1F8	lbl_t_sce_rodata_1F8
.rodata	0x000001FC	0x4	t_sce/t_sce.cpp	local	lbl_t_sce_rodata_1FC	lbl_t_sce_rodata_1FC
.rodata	0x00000200	0x4	t_sce/t_sce.cpp	local	lbl_t_sce_rodata_200	lbl_t_sce_rodata_200
.rodata	0x00000204	0x28	t_sce/t_sce.cpp	local	lbl_t_sce_rodata_204	lbl_t_sce_rodata_204
.rodata	0x0000022C	0x2C	t_sce/t_sce.cpp	local	lbl_t_sce_rodata_22C	lbl_t_sce_rodata_22C
.rodata	0x00000258	0x30	t_sce/t_sce.cpp	local	lbl_t_sce_rodata_258	lbl_t_sce_rodata_258
.rodata	0x00000288	0x30	t_sce/t_sce.cpp	local	lbl_t_sce_rodata_288	lbl_t_sce_rodata_288
.rodata	0x000002B8	0x1C	t_sce/t_sce.cpp	local	lbl_t_sce_rodata_2B8	lbl_t_sce_rodata_2B8
.rodata	0x000002D4	0x2C	t_sce/t_sce.cpp	local	lbl_t_sce_rodata_2D4	lbl_t_sce_rodata_2D4
.rodata	0x00000300	0x24	t_sce/t_sce.cpp	local	lbl_t_sce_rodata_300	lbl_t_sce_rodata_300
.rodata	0x00000324	0xB0	t_sce/t_sce.cpp	local	lbl_t_sce_rodata_324	lbl_t_sce_rodata_324
.rodata	0x000003D4	0x1C	t_sce/t_sce.cpp	local	lbl_t_sce_rodata_3D4	lbl_t_sce_rodata_3D4
.rodata	0x000003F0	0x28	t_sce/t_sce.cpp	local	lbl_t_sce_rodata_3F0	lbl_t_sce_rodata_3F0
.rodata	0x00000418	0x1C	t_sce/t_sce.cpp	local	lbl_t_sce_rodata_418	lbl_t_sce_rodata_418
.rodata	0x00000434	0x2C	t_sce/t_sce.cpp	local	lbl_t_sce_rodata_434	lbl_t_sce_rodata_434
.rodata	0x00000460	0x8	t_sce/t_sce.cpp	local	lbl_t_sce_rodata_460	lbl_t_sce_rodata_460
.rodata	0x00000468	0x8	t_sce/t_sce.cpp	local	lbl_t_sce_rodata_468	lbl_t_sce_rodata_468
.rodata	0x00000470	0x8	t_sce/t_sce.cpp	local	lbl_t_sce_rodata_470	lbl_t_sce_rodata_470
.rodata	0x00000478	0x8	t_sce/t_sce.cpp	local	lbl_t_sce_rodata_478	lbl_t_sce_rodata_478
.rodata	0x00000480	0x8	t_sce/t_sce.cpp	local	lbl_t_sce_rodata_480	lbl_t_sce_rodata_480
.rodata	0x00000488	0x8	t_sce/t_sce.cpp	local	lbl_t_sce_rodata_488	lbl_t_sce_rodata_488
.rodata	0x00000490	0xC	t_sce/t_sce.cpp	local	lbl_t_sce_rodata_490	lbl_t_sce_rodata_490
.rodata	0x0000049C	0x8	t_sce/t_sce.cpp	local	lbl_t_sce_rodata_49C	lbl_t_sce_rodata_49C
.rodata	0x000004A4	0x4	t_sce/t_sce.cpp	local	lbl_t_sce_rodata_4A4	lbl_t_sce_rodata_4A4
.rodata	0x000004A8	0xC	t_sce/t_sce.cpp	local	lbl_t_sce_rodata_4A8	lbl_t_sce_rodata_4A8
.rodata	0x000004B4	0x8	t_sce/t_sce.cpp	local	lbl_t_sce_rodata_4B4	lbl_t_sce_rodata_4B4
.rodata	0x000004BC	0x8	t_sce/t_sce.cpp	local	lbl_t_sce_rodata_4BC	lbl_t_sce_rodata_4BC
.rodata	0x000004C4	0x8	t_sce/t_sce.cpp	local	lbl_t_sce_rodata_4C4	lbl_t_sce_rodata_4C4
.rodata	0x000004CC	0xC	t_sce/t_sce.cpp	local	lbl_t_sce_rodata_4CC	lbl_t_sce_rodata_4CC
.rodata	0x000004D8	0xC	t_sce/t_sce.cpp	local	lbl_t_sce_rodata_4D8	lbl_t_sce_rodata_4D8
.rodata	0x000004E4	0xC	t_sce/t_sce.cpp	local	lbl_t_sce_rodata_4E4	lbl_t_sce_rodata_4E4
.rodata	0x000004F0	0x8	t_sce/t_sce.cpp	local	lbl_t_sce_rodata_4F0	lbl_t_sce_rodata_4F0
.rodata	0x000004F8	0xC	t_sce/t_sce.cpp	local	lbl_t_sce_rodata_4F8	lbl_t_sce_rodata_4F8
.rodata	0x00000504	0x4	t_sce/t_sce.cpp	local	lbl_t_sce_rodata_504	lbl_t_sce_rodata_504
.rodata	0x00000508	0xC	t_sce/t_sce.cpp	local	lbl_t_sce_rodata_508	lbl_t_sce_rodata_508
.rodata	0x00000514	0x30	t_sce/t_sce.cpp	local	lbl_t_sce_rodata_514	lbl_t_sce_rodata_514
.rodata	0x00000544	0x8	t_sce/t_sce.cpp	local	lbl_t_sce_rodata_544	lbl_t_sce_rodata_544
.rodata	0x0000054C	0x24	t_sce/t_sce.cpp	local	lbl_t_sce_rodata_54C	lbl_t_sce_rodata_54C
.rodata	0x00000570	0x4	t_sce/t_sce.cpp	local	lbl_t_sce_rodata_570	lbl_t_sce_rodata_570
.rodata	0x00000574	0x24	t_sce/t_sce.cpp	local	lbl_t_sce_rodata_574	lbl_t_sce_rodata_574
.rodata	0x00000598	0x4	t_sce/t_sce.cpp	local	lbl_t_sce_rodata_598	lbl_t_sce_rodata_598
.rodata	0x0000059C	0x8	t_sce/t_sce.cpp	local	lbl_t_sce_rodata_59C	lbl_t_sce_rodata_59C
.rodata	0x000005A4	0x8	t_sce/t_sce.cpp	local	lbl_t_sce_rodata_5A4	lbl_t_sce_rodata_5A4
.rodata	0x000005AC	0x8	t_sce/t_sce.cpp	local	lbl_t_sce_rodata_5AC	lbl_t_sce_rodata_5AC
.rodata	0x000005B4	0x14	t_sce/t_sce.cpp	local	lbl_t_sce_rodata_5B4	lbl_t_sce_rodata_5B4
.rodata	0x000005C8	0x10	t_sce/t_sce.cpp	local	lbl_t_sce_rodata_5C8	lbl_t_sce_rodata_5C8
.rodata	0x000005D8	0xC	t_sce/t_sce.cpp	local	lbl_t_sce_rodata_5D8	lbl_t_sce_rodata_5D8
.rodata	0x000005E4	0x8	t_sce/t_sce.cpp	local	lbl_t_sce_rodata_5E4	lbl_t_sce_rodata_5E4
.rodata	0x000005EC	0x8	t_sce/t_sce.cpp	local	lbl_t_sce_rodata_5EC	lbl_t_sce_rodata_5EC
.rodata	0x000005F4	0x8	t_sce/t_sce.cpp	local	lbl_t_sce_rodata_5F4	lbl_t_sce_rodata_5F4
.rodata	0x000005FC	0xC	t_sce/t_sce.cpp	local	lbl_t_sce_rodata_5FC	lbl_t_sce_rodata_5FC
.rodata	0x00000608	0x28	t_sce/t_sce.cpp	local	lbl_t_sce_rodata_608	lbl_t_sce_rodata_608
.rodata	0x00000630	0x30	t_sce/t_sce.cpp	local	lbl_t_sce_rodata_630	lbl_t_sce_rodata_630
.rodata	0x00000660	0x28	t_sce/t_sce.cpp	local	lbl_t_sce_rodata_660	lbl_t_sce_rodata_660
.rodata	0x00000688	0x24	t_sce/t_sce.cpp	local	lbl_t_sce_rodata_688	lbl_t_sce_rodata_688
.rodata	0x000006AC	0x1C	t_sce/t_sce.cpp	local	lbl_t_sce_rodata_6AC	lbl_t_sce_rodata_6AC
.rodata	0x000006C8	0x10	t_sce/t_sce.cpp	local	lbl_t_sce_rodata_6C8	lbl_t_sce_rodata_6C8
.rodata	0x000006D8	0x8	t_sce/t_sce.cpp	local	lbl_t_sce_rodata_6D8	lbl_t_sce_rodata_6D8
.rodata	0x000006E0	0xC	t_sce/t_sce.cpp	local	lbl_t_sce_rodata_6E0	lbl_t_sce_rodata_6E0
.rodata	0x000006EC	0x18	t_sce/t_sce.cpp	local	lbl_t_sce_rodata_6EC	lbl_t_sce_rodata_6EC
.rodata	0x00000704	0x10	t_sce/t_sce.cpp	local	lbl_t_sce_rodata_704	lbl_t_sce_rodata_704
.rodata	0x00000714	0x10	t_sce/t_sce.cpp	local	lbl_t_sce_rodata_714	lbl_t_sce_rodata_714
.rodata	0x00000724	0x10	t_sce/t_sce.cpp	local	lbl_t_sce_rodata_724	lbl_t_sce_rodata_724
.rodata	0x00000734	0x4	t_sce/t_sce.cpp	local	lbl_t_sce_rodata_734	lbl_t_sce_rodata_734
.rodata	0x00000738	0x4	t_sce/t_sce.cpp	local	lbl_t_sce_rodata_738	lbl_t_sce_rodata_738
.rodata	0x0000073C	0x4	t_sce/t_sce.cpp	local	lbl_t_sce_rodata_73C	lbl_t_sce_rodata_73C
.rodata	0x00000740	0xC	t_sce/t_sce.cpp	local	lbl_t_sce_rodata_740	lbl_t_sce_rodata_740
.rodata	0x0000074C	0xC	t_sce/t_sce.cpp	local	lbl_t_sce_rodata_74C	lbl_t_sce_rodata_74C
.rodata	0x00000758	0xC	t_sce/t_sce.cpp	local	lbl_t_sce_rodata_758	lbl_t_sce_rodata_758
.rodata	0x00000764	0x14	t_sce/t_sce.cpp	local	lbl_t_sce_rodata_764	lbl_t_sce_rodata_764
.rodata	0x00000778	0x4	t_sce/t_sce.cpp	local	lbl_t_sce_rodata_778	lbl_t_sce_rodata_778
.rodata	0x0000077C	0x4	t_sce/t_sce.cpp	local	lbl_t_sce_rodata_77C	lbl_t_sce_rodata_77C
.rodata	0x00000780	0x4	t_sce/t_sce.cpp	local	lbl_t_sce_rodata_780	lbl_t_sce_rodata_780
.rodata	0x00000784	0x4	t_sce/t_sce.cpp	local	lbl_t_sce_rodata_784	lbl_t_sce_rodata_784
.rodata	0x00000788	0x8	t_sce/t_sce.cpp	local	lbl_t_sce_rodata_788	lbl_t_sce_rodata_788
.rodata	0x00000790	0xC	t_sce/t_sce.cpp	local	lbl_t_sce_rodata_790	lbl_t_sce_rodata_790
.rodata	0x0000079C	0x8	t_sce/t_sce.cpp	local	lbl_t_sce_rodata_79C	lbl_t_sce_rodata_79C
.rodata	0x000007A4	0xC	t_sce/t_sce.cpp	local	lbl_t_sce_rodata_7A4	lbl_t_sce_rodata_7A4
.rodata	0x000007B0	0x8	t_sce/t_sce.cpp	local	lbl_t_sce_rodata_7B0	lbl_t_sce_rodata_7B0
.rodata	0x000007B8	0x4	t_sce/t_sce.cpp	local	lbl_t_sce_rodata_7B8	lbl_t_sce_rodata_7B8
.rodata	0x000007BC	0xC	t_sce/t_sce.cpp	local	lbl_t_sce_rodata_7BC	lbl_t_sce_rodata_7BC
.rodata	0x000007C8	0xC	t_sce/t_sce.cpp	local	lbl_t_sce_rodata_7C8	lbl_t_sce_rodata_7C8
.rodata	0x000007D4	0xC	t_sce/t_sce.cpp	local	lbl_t_sce_rodata_7D4	lbl_t_sce_rodata_7D4
.rodata	0x000007E0	0xC	t_sce/t_sce.cpp	local	lbl_t_sce_rodata_7E0	lbl_t_sce_rodata_7E0
.rodata	0x000007EC	0xC	t_sce/t_sce.cpp	local	lbl_t_sce_rodata_7EC	lbl_t_sce_rodata_7EC
.rodata	0x000007F8	0x10	t_sce/t_sce.cpp	local	lbl_t_sce_rodata_7F8	lbl_t_sce_rodata_7F8
.rodata	0x00000808	0xC	t_sce/t_sce.cpp	local	lbl_t_sce_rodata_808	lbl_t_sce_rodata_808
.rodata	0x00000814	0x10	t_sce/t_sce.cpp	local	lbl_t_sce_rodata_814	lbl_t_sce_rodata_814
.rodata	0x00000824	0xC	t_sce/t_sce.cpp	local	lbl_t_sce_rodata_824	lbl_t_sce_rodata_824
.rodata	0x00000830	0x14	t_sce/t_sce.cpp	local	lbl_t_sce_rodata_830	lbl_t_sce_rodata_830
.rodata	0x00000844	0xC	t_sce/t_sce.cpp	local	lbl_t_sce_rodata_844	lbl_t_sce_rodata_844
.rodata	0x00000850	0xC	t_sce/t_sce.cpp	local	lbl_t_sce_rodata_850	lbl_t_sce_rodata_850
.rodata	0x0000085C	0xC	t_sce/t_sce.cpp	local	lbl_t_sce_rodata_85C	lbl_t_sce_rodata_85C
.rodata	0x00000868	0x8	t_sce/t_sce.cpp	local	lbl_t_sce_rodata_868	lbl_t_sce_rodata_868
.rodata	0x00000870	0x10	t_sce/t_sce.cpp	local	lbl_t_sce_rodata_870	lbl_t_sce_rodata_870
.rodata	0x00000880	0xC	t_sce/t_sce.cpp	local	lbl_t_sce_rodata_880	lbl_t_sce_rodata_880
.rodata	0x0000088C	0xC	t_sce/t_sce.cpp	local	lbl_t_sce_rodata_88C	lbl_t_sce_rodata_88C
.rodata	0x00000898	0x8	t_sce/t_sce.cpp	local	lbl_t_sce_rodata_898	lbl_t_sce_rodata_898
.rodata	0x000008A0	0x4	t_sce/t_sce.cpp	local	lbl_t_sce_rodata_8A0	lbl_t_sce_rodata_8A0
.rodata	0x000008A4	0x4	t_sce/t_sce.cpp	local	lbl_t_sce_rodata_8A4	lbl_t_sce_rodata_8A4
.rodata	0x000008A8	0x4	t_sce/t_sce.cpp	local	lbl_t_sce_rodata_8A8	lbl_t_sce_rodata_8A8
.rodata	0x000008AC	0x10	t_sce/t_sce.cpp	local	lbl_t_sce_rodata_8AC	lbl_t_sce_rodata_8AC
.rodata	0x000008BC	0x10	t_sce/t_sce.cpp	local	lbl_t_sce_rodata_8BC	lbl_t_sce_rodata_8BC
.rodata	0x000008CC	0x10	t_sce/t_sce.cpp	local	lbl_t_sce_rodata_8CC	lbl_t_sce_rodata_8CC
.rodata	0x000008DC	0x4	t_sce/t_sce.cpp	local	lbl_t_sce_rodata_8DC	lbl_t_sce_rodata_8DC
.rodata	0x000008E0	0x4	t_sce/t_sce.cpp	local	lbl_t_sce_rodata_8E0	lbl_t_sce_rodata_8E0
.rodata	0x000008E4	0x4	t_sce/t_sce.cpp	local	lbl_t_sce_rodata_8E4	lbl_t_sce_rodata_8E4
.rodata	0x000008E8	0x4	t_sce/t_sce.cpp	local	lbl_t_sce_rodata_8E8	lbl_t_sce_rodata_8E8
.rodata	0x000008EC	0xC	t_sce/t_sce.cpp	local	lbl_t_sce_rodata_8EC	lbl_t_sce_rodata_8EC
.rodata	0x000008F8	0x8	t_sce/t_sce.cpp	local	lbl_t_sce_rodata_8F8	lbl_t_sce_rodata_8F8
.rodata	0x00000900	0x8	t_sce/t_sce.cpp	local	lbl_t_sce_rodata_900	lbl_t_sce_rodata_900
.rodata	0x00000908	0x8	t_sce/t_sce.cpp	local	lbl_t_sce_rodata_908	lbl_t_sce_rodata_908
.rodata	0x00000910	0x8	t_sce/t_sce.cpp	local	lbl_t_sce_rodata_910	lbl_t_sce_rodata_910
.rodata	0x00000918	0x8	t_sce/t_sce.cpp	local	lbl_t_sce_rodata_918	lbl_t_sce_rodata_918
.rodata	0x00000920	0x10	t_sce/t_sce.cpp	local	lbl_t_sce_rodata_920	lbl_t_sce_rodata_920
.rodata	0x00000930	0x18	t_sce/t_sce.cpp	local	lbl_t_sce_rodata_930	lbl_t_sce_rodata_930
.rodata	0x00000948	0x8	t_sce/t_sce.cpp	local	lbl_t_sce_rodata_948	lbl_t_sce_rodata_948
.rodata	0x00000950	0xC	t_sce/t_sce.cpp	local	lbl_t_sce_rodata_950	lbl_t_sce_rodata_950
.rodata	0x0000095C	0x8	t_sce/t_sce.cpp	local	lbl_t_sce_rodata_95C	lbl_t_sce_rodata_95C
.rodata	0x00000964	0x10	t_sce/t_sce.cpp	local	lbl_t_sce_rodata_964	lbl_t_sce_rodata_964
.rodata	0x00000974	0xC	t_sce/t_sce.cpp	local	lbl_t_sce_rodata_974	lbl_t_sce_rodata_974
.rodata	0x00000980	0xC	t_sce/t_sce.cpp	local	lbl_t_sce_rodata_980	lbl_t_sce_rodata_980
.rodata	0x0000098C	0xC	t_sce/t_sce.cpp	local	lbl_t_sce_rodata_98C	lbl_t_sce_rodata_98C
.rodata	0x00000998	0x18	t_sce/t_sce.cpp	local	lbl_t_sce_rodata_998	lbl_t_sce_rodata_998
.rodata	0x000009B0	0x1C	t_sce/t_sce.cpp	local	lbl_t_sce_rodata_9B0	lbl_t_sce_rodata_9B0
.rodata	0x000009CC	0x8	t_sce/t_sce.cpp	local	lbl_t_sce_rodata_9CC	lbl_t_sce_rodata_9CC
.rodata	0x000009D4	0xC	t_sce/t_sce.cpp	local	lbl_t_sce_rodata_9D4	lbl_t_sce_rodata_9D4
.rodata	0x000009E0	0x10	t_sce/t_sce.cpp	local	lbl_t_sce_rodata_9E0	lbl_t_sce_rodata_9E0
.rodata	0x000009F0	0x8	t_sce/t_sce.cpp	local	lbl_t_sce_rodata_9F0	lbl_t_sce_rodata_9F0
.rodata	0x000009F8	0x4	t_sce/t_sce.cpp	local	lbl_t_sce_rodata_9F8	lbl_t_sce_rodata_9F8
.rodata	0x000009FC	0x4	t_sce/t_sce.cpp	local	lbl_t_sce_rodata_9FC	lbl_t_sce_rodata_9FC
.rodata	0x00000A00	0x14	t_sce/t_sce.cpp	local	lbl_t_sce_rodata_A00	lbl_t_sce_rodata_A00
.rodata	0x00000A14	0x4	t_sce/t_sce.cpp	local	lbl_t_sce_rodata_A14	lbl_t_sce_rodata_A14
.rodata	0x00000A18	0x4	t_sce/t_sce.cpp	local	lbl_t_sce_rodata_A18	lbl_t_sce_rodata_A18
.rodata	0x00000A1C	0x4	t_sce/t_sce.cpp	local	lbl_t_sce_rodata_A1C	lbl_t_sce_rodata_A1C
.rodata	0x00000A20	0x14	t_sce/t_sce.cpp	local	lbl_t_sce_rodata_A20	lbl_t_sce_rodata_A20
.rodata	0x00000A34	0x10	t_sce/t_sce.cpp	local	lbl_t_sce_rodata_A34	lbl_t_sce_rodata_A34
.rodata	0x00000A44	0x10	t_sce/t_sce.cpp	local	lbl_t_sce_rodata_A44	lbl_t_sce_rodata_A44
.rodata	0x00000A54	0xC	t_sce/t_sce.cpp	local	lbl_t_sce_rodata_A54	lbl_t_sce_rodata_A54
.rodata	0x00000A60	0x10	t_sce/t_sce.cpp	local	lbl_t_sce_rodata_A60	lbl_t_sce_rodata_A60
.rodata	0x00000A70	0x4	t_sce/t_sce.cpp	local	lbl_t_sce_rodata_A70	lbl_t_sce_rodata_A70
.rodata	0x00000A74	0x4	t_sce/t_sce.cpp	local	lbl_t_sce_rodata_A74	lbl_t_sce_rodata_A74
.rodata	0x00000A78	0x4	t_sce/t_sce.cpp	local	lbl_t_sce_rodata_A78	lbl_t_sce_rodata_A78
.rodata	0x00000A7C	0x4	t_sce/t_sce.cpp	local	lbl_t_sce_rodata_A7C	lbl_t_sce_rodata_A7C
.rodata	0x00000A80	0x8	t_sce/t_sce.cpp	local	lbl_t_sce_rodata_A80	lbl_t_sce_rodata_A80
.rodata	0x00000A88	0x8	t_sce/t_sce.cpp	local	lbl_t_sce_rodata_A88	lbl_t_sce_rodata_A88
.rodata	0x00000A90	0xC	t_sce/t_sce.cpp	local	lbl_t_sce_rodata_A90	lbl_t_sce_rodata_A90
.rodata	0x00000A9C	0x10	t_sce/t_sce.cpp	local	lbl_t_sce_rodata_A9C	lbl_t_sce_rodata_A9C
.rodata	0x00000AAC	0x4	t_sce/t_sce.cpp	local	lbl_t_sce_rodata_AAC	lbl_t_sce_rodata_AAC
.rodata	0x00000AB0	0x4	t_sce/t_sce.cpp	local	lbl_t_sce_rodata_AB0	lbl_t_sce_rodata_AB0
.rodata	0x00000AB4	0x4	t_sce/t_sce.cpp	local	lbl_t_sce_rodata_AB4	lbl_t_sce_rodata_AB4
.rodata	0x00000AB8	0x4	t_sce/t_sce.cpp	local	lbl_t_sce_rodata_AB8	lbl_t_sce_rodata_AB8
.rodata	0x00000ABC	0x10	t_sce/t_sce.cpp	local	lbl_t_sce_rodata_ABC	lbl_t_sce_rodata_ABC
.rodata	0x00000ACC	0x10	t_sce/t_sce.cpp	local	lbl_t_sce_rodata_ACC	lbl_t_sce_rodata_ACC
.rodata	0x00000ADC	0x14	t_sce/t_sce.cpp	local	lbl_t_sce_rodata_ADC	lbl_t_sce_rodata_ADC
.rodata	0x00000AF0	0x14	t_sce/t_sce.cpp	local	lbl_t_sce_rodata_AF0	lbl_t_sce_rodata_AF0
.rodata	0x00000B04	0x18	t_sce/t_sce.cpp	local	lbl_t_sce_rodata_B04	lbl_t_sce_rodata_B04
.rodata	0x00000B1C	0xC	t_sce/t_sce.cpp	local	lbl_t_sce_rodata_B1C	lbl_t_sce_rodata_B1C
.rodata	0x00000B28	0xC	t_sce/t_sce.cpp	local	lbl_t_sce_rodata_B28	lbl_t_sce_rodata_B28
.rodata	0x00000B34	0x10	t_sce/t_sce.cpp	local	lbl_t_sce_rodata_B34	lbl_t_sce_rodata_B34
.rodata	0x00000B44	0x10	t_sce/t_sce.cpp	local	lbl_t_sce_rodata_B44	lbl_t_sce_rodata_B44
.rodata	0x00000B54	0x10	t_sce/t_sce.cpp	local	lbl_t_sce_rodata_B54	lbl_t_sce_rodata_B54
.rodata	0x00000B64	0x1C	t_sce/t_sce.cpp	local	lbl_t_sce_rodata_B64	lbl_t_sce_rodata_B64
.rodata	0x00000B80	0x4	t_sce/t_sce.cpp	local	lbl_t_sce_rodata_B80	lbl_t_sce_rodata_B80
.rodata	0x00000B84	0x4	t_sce/t_sce.cpp	local	lbl_t_sce_rodata_B84	lbl_t_sce_rodata_B84
.rodata	0x00000B88	0x4	t_sce/t_sce.cpp	local	lbl_t_sce_rodata_B88	lbl_t_sce_rodata_B88
.rodata	0x00000B8C	0xC	t_sce/t_sce.cpp	local	lbl_t_sce_rodata_B8C	lbl_t_sce_rodata_B8C
.rodata	0x00000B98	0xC	t_sce/t_sce.cpp	local	lbl_t_sce_rodata_B98	lbl_t_sce_rodata_B98
.rodata	0x00000BA4	0x10	t_sce/t_sce.cpp	local	lbl_t_sce_rodata_BA4	lbl_t_sce_rodata_BA4
.rodata	0x00000BB4	0x10	t_sce/t_sce.cpp	local	lbl_t_sce_rodata_BB4	lbl_t_sce_rodata_BB4
.rodata	0x00000BC4	0x4	t_sce/t_sce.cpp	local	lbl_t_sce_rodata_BC4	lbl_t_sce_rodata_BC4
.rodata	0x00000BC8	0x4	t_sce/t_sce.cpp	local	lbl_t_sce_rodata_BC8	lbl_t_sce_rodata_BC8
.rodata	0x00000BCC	0xC	t_sce/t_sce.cpp	local	lbl_t_sce_rodata_BCC	lbl_t_sce_rodata_BCC
.rodata	0x00000BD8	0x4	t_sce/t_sce.cpp	local	lbl_t_sce_rodata_BD8	lbl_t_sce_rodata_BD8
.rodata	0x00000BDC	0x4	t_sce/t_sce.cpp	local	lbl_t_sce_rodata_BDC	lbl_t_sce_rodata_BDC
.rodata	0x00000BE0	0xC	t_sce/t_sce.cpp	local	lbl_t_sce_rodata_BE0	lbl_t_sce_rodata_BE0
.rodata	0x00000BEC	0xC	t_sce/t_sce.cpp	local	lbl_t_sce_rodata_BEC	lbl_t_sce_rodata_BEC
.rodata	0x00000BF8	0x8	t_sce/t_sce.cpp	local	lbl_t_sce_rodata_BF8	lbl_t_sce_rodata_BF8
.rodata	0x00000C00	0xC	t_sce/t_sce.cpp	local	lbl_t_sce_rodata_C00	lbl_t_sce_rodata_C00
.rodata	0x00000C0C	0x8	t_sce/t_sce.cpp	local	lbl_t_sce_rodata_C0C	lbl_t_sce_rodata_C0C
.rodata	0x00000C14	0xC	t_sce/t_sce.cpp	local	lbl_t_sce_rodata_C14	lbl_t_sce_rodata_C14
.rodata	0x00000C20	0xC	t_sce/t_sce.cpp	local	lbl_t_sce_rodata_C20	lbl_t_sce_rodata_C20
.rodata	0x00000C2C	0x4	t_sce/t_sce.cpp	local	lbl_t_sce_rodata_C2C	lbl_t_sce_rodata_C2C
.rodata	0x00000C30	0x4	t_sce/t_sce.cpp	local	lbl_t_sce_rodata_C30	lbl_t_sce_rodata_C30
.rodata	0x00000C34	0x4	t_sce/t_sce.cpp	local	lbl_t_sce_rodata_C34	lbl_t_sce_rodata_C34
.rodata	0x00000C38	0x4	t_sce/t_sce.cpp	local	lbl_t_sce_rodata_C38	lbl_t_sce_rodata_C38
.rodata	0x00000C3C	0x4	t_sce/t_sce.cpp	local	lbl_t_sce_rodata_C3C	lbl_t_sce_rodata_C3C
.rodata	0x00000C40	0x10	t_sce/t_sce.cpp	local	lbl_t_sce_rodata_C40	lbl_t_sce_rodata_C40
.rodata	0x00000C50	0x4	t_sce/t_sce.cpp	local	lbl_t_sce_rodata_C50	lbl_t_sce_rodata_C50
.rodata	0x00000C54	0x4	t_sce/t_sce.cpp	local	lbl_t_sce_rodata_C54	lbl_t_sce_rodata_C54
.rodata	0x00000C58	0x4	t_sce/t_sce.cpp	local	lbl_t_sce_rodata_C58	lbl_t_sce_rodata_C58
.rodata	0x00000C5C	0x18	t_sce/t_sce.cpp	local	lbl_t_sce_rodata_C5C	lbl_t_sce_rodata_C5C
.rodata	0x00000C74	0xC	t_sce/t_sce.cpp	local	lbl_t_sce_rodata_C74	lbl_t_sce_rodata_C74
.rodata	0x00000C80	0x18	t_sce/t_sce.cpp	local	lbl_t_sce_rodata_C80	lbl_t_sce_rodata_C80
.rodata	0x00000C98	0x4	t_sce/t_sce.cpp	local	lbl_t_sce_rodata_C98	lbl_t_sce_rodata_C98
.rodata	0x00000C9C	0x4	t_sce/t_sce.cpp	local	lbl_t_sce_rodata_C9C	lbl_t_sce_rodata_C9C
.rodata	0x00000CA0	0x4	t_sce/t_sce.cpp	local	lbl_t_sce_rodata_CA0	lbl_t_sce_rodata_CA0
.rodata	0x00000CA4	0x4	t_sce/t_sce.cpp	local	lbl_t_sce_rodata_CA4	lbl_t_sce_rodata_CA4
.rodata	0x00000CA8	0x4	t_sce/t_sce.cpp	local	lbl_t_sce_rodata_CA8	lbl_t_sce_rodata_CA8
.rodata	0x00000CAC	0x4	t_sce/t_sce.cpp	local	lbl_t_sce_rodata_CAC	lbl_t_sce_rodata_CAC
.rodata	0x00000CB0	0x4	t_sce/t_sce.cpp	local	lbl_t_sce_rodata_CB0	lbl_t_sce_rodata_CB0
.rodata	0x00000CB4	0x4	t_sce/t_sce.cpp	local	lbl_t_sce_rodata_CB4	lbl_t_sce_rodata_CB4
.rodata	0x00000CB8	0x4	t_sce/t_sce.cpp	local	lbl_t_sce_rodata_CB8	lbl_t_sce_rodata_CB8
.rodata	0x00000CBC	0xC	t_sce/t_sce.cpp	local	lbl_t_sce_rodata_CBC	lbl_t_sce_rodata_CBC
.rodata	0x00000CC8	0xC	t_sce/t_sce.cpp	local	lbl_t_sce_rodata_CC8	lbl_t_sce_rodata_CC8
.rodata	0x00000CD4	0xC	t_sce/t_sce.cpp	local	lbl_t_sce_rodata_CD4	lbl_t_sce_rodata_CD4
.rodata	0x00000CE0	0xC	t_sce/t_sce.cpp	local	lbl_t_sce_rodata_CE0	lbl_t_sce_rodata_CE0
.rodata	0x00000CEC	0xC	t_sce/t_sce.cpp	local	lbl_t_sce_rodata_CEC	lbl_t_sce_rodata_CEC
.rodata	0x00000CF8	0xC	t_sce/t_sce.cpp	local	lbl_t_sce_rodata_CF8	lbl_t_sce_rodata_CF8
.rodata	0x00000D04	0x8	t_sce/t_sce.cpp	local	lbl_t_sce_rodata_D04	lbl_t_sce_rodata_D04
.rodata	0x00000D0C	0x4	t_sce/t_sce.cpp	local	lbl_t_sce_rodata_D0C	lbl_t_sce_rodata_D0C
.rodata	0x00000D10	0x4	t_sce/t_sce.cpp	local	lbl_t_sce_rodata_D10	lbl_t_sce_rodata_D10
.rodata	0x00000D14	0x4	t_sce/t_sce.cpp	local	lbl_t_sce_rodata_D14	lbl_t_sce_rodata_D14
.rodata	0x00000D18	0x4	t_sce/t_sce.cpp	local	lbl_t_sce_rodata_D18	lbl_t_sce_rodata_D18
.rodata	0x00000D1C	0x4	t_sce/t_sce.cpp	local	lbl_t_sce_rodata_D1C	lbl_t_sce_rodata_D1C
.rodata	0x00000D20	0x4	t_sce/t_sce.cpp	local	lbl_t_sce_rodata_D20	lbl_t_sce_rodata_D20
.rodata	0x00000D24	0x4	t_sce/t_sce.cpp	local	lbl_t_sce_rodata_D24	lbl_t_sce_rodata_D24
.rodata	0x00000D28	0x4	t_sce/t_sce.cpp	local	lbl_t_sce_rodata_D28	lbl_t_sce_rodata_D28
.rodata	0x00000D2C	0x4	t_sce/t_sce.cpp	local	lbl_t_sce_rodata_D2C	lbl_t_sce_rodata_D2C
.rodata	0x00000D30	0x8	t_sce/t_sce.cpp	local	lbl_t_sce_rodata_D30	lbl_t_sce_rodata_D30
.rodata	0x00000D38	0x8	t_sce/t_sce.cpp	local	lbl_t_sce_rodata_D38	lbl_t_sce_rodata_D38
.rodata	0x00000D40	0x4	t_sce/t_sce.cpp	local	lbl_t_sce_rodata_D40	lbl_t_sce_rodata_D40
.rodata	0x00000D44	0x4	t_sce/t_sce.cpp	local	lbl_t_sce_rodata_D44	lbl_t_sce_rodata_D44
.rodata	0x00000D48	0x8	t_sce/t_sce.cpp	local	lbl_t_sce_rodata_D48	lbl_t_sce_rodata_D48
.rodata	0x00000D50	0x4	t_sce/t_sce.cpp	local	lbl_t_sce_rodata_D50	lbl_t_sce_rodata_D50
.rodata	0x00000D54	0x4	t_sce/t_sce.cpp	local	lbl_t_sce_rodata_D54	lbl_t_sce_rodata_D54
.rodata	0x00000D58	0x4	t_sce/t_sce.cpp	local	lbl_t_sce_rodata_D58	lbl_t_sce_rodata_D58
.rodata	0x00000D5C	0x4	t_sce/t_sce.cpp	local	lbl_t_sce_rodata_D5C	lbl_t_sce_rodata_D5C
.rodata	0x00000D60	0xC	t_sce/t_sce.cpp	local	lbl_t_sce_rodata_D60	lbl_t_sce_rodata_D60
.rodata	0x00000D6C	0xC	t_sce/t_sce.cpp	local	lbl_t_sce_rodata_D6C	lbl_t_sce_rodata_D6C
.rodata	0x00000D78	0xC	t_sce/t_sce.cpp	local	lbl_t_sce_rodata_D78	lbl_t_sce_rodata_D78
.rodata	0x00000D84	0x4	t_sce/t_sce.cpp	local	lbl_t_sce_rodata_D84	lbl_t_sce_rodata_D84
.rodata	0x00000D88	0x4	t_sce/t_sce.cpp	local	lbl_t_sce_rodata_D88	lbl_t_sce_rodata_D88
.rodata	0x00000D8C	0x4	t_sce/t_sce.cpp	local	lbl_t_sce_rodata_D8C	lbl_t_sce_rodata_D8C
.rodata	0x00000D90	0x4	t_sce/t_sce.cpp	local	lbl_t_sce_rodata_D90	lbl_t_sce_rodata_D90
.rodata	0x00000D94	0x4	t_sce/t_sce.cpp	local	lbl_t_sce_rodata_D94	lbl_t_sce_rodata_D94
.rodata	0x00000D98	0x4	t_sce/t_sce.cpp	local	lbl_t_sce_rodata_D98	lbl_t_sce_rodata_D98
.rodata	0x00000D9C	0x4	t_sce/t_sce.cpp	local	lbl_t_sce_rodata_D9C	lbl_t_sce_rodata_D9C
.rodata	0x00000DA0	0x4	t_sce/t_sce.cpp	local	lbl_t_sce_rodata_DA0	lbl_t_sce_rodata_DA0
.rodata	0x00000DA4	0x8	t_sce/t_sce.cpp	local	lbl_t_sce_rodata_DA4	lbl_t_sce_rodata_DA4
.rodata	0x00000DAC	0xC	t_sce/t_sce.cpp	local	lbl_t_sce_rodata_DAC	lbl_t_sce_rodata_DAC
.rodata	0x00000DB8	0x10	t_sce/t_sce.cpp	local	lbl_t_sce_rodata_DB8	lbl_t_sce_rodata_DB8
.rodata	0x00000DC8	0x10	t_sce/t_sce.cpp	local	lbl_t_sce_rodata_DC8	lbl_t_sce_rodata_DC8
.rodata	0x00000DD8	0x8	t_sce/t_sce.cpp	local	lbl_t_sce_rodata_DD8	lbl_t_sce_rodata_DD8
.rodata	0x00000DE0	0x10	t_sce/t_sce.cpp	local	lbl_t_sce_rodata_DE0	lbl_t_sce_rodata_DE0
.rodata	0x00000DF0	0x4	t_sce/t_sce.cpp	local	lbl_t_sce_rodata_DF0	lbl_t_sce_rodata_DF0
.rodata	0x00000DF4	0x4	t_sce/t_sce.cpp	local	lbl_t_sce_rodata_DF4	lbl_t_sce_rodata_DF4
.rodata	0x00000DF8	0x4	t_sce/t_sce.cpp	local	lbl_t_sce_rodata_DF8	lbl_t_sce_rodata_DF8
.rodata	0x00000DFC	0x4	t_sce/t_sce.cpp	local	lbl_t_sce_rodata_DFC	lbl_t_sce_rodata_DFC
.rodata	0x00000E00	0x4	t_sce/t_sce.cpp	local	lbl_t_sce_rodata_E00	lbl_t_sce_rodata_E00
.rodata	0x00000E04	0x8	t_sce/t_sce.cpp	local	lbl_t_sce_rodata_E04	lbl_t_sce_rodata_E04
.rodata	0x00000E0C	0x4	t_sce/t_sce.cpp	local	lbl_t_sce_rodata_E0C	lbl_t_sce_rodata_E0C
.rodata	0x00000E10	0x10	t_sce/t_sce.cpp	local	lbl_t_sce_rodata_E10	lbl_t_sce_rodata_E10
.rodata	0x00000E20	0x10	t_sce/t_sce.cpp	local	lbl_t_sce_rodata_E20	lbl_t_sce_rodata_E20
.rodata	0x00000E30	0xC	t_sce/t_sce.cpp	local	lbl_t_sce_rodata_E30	lbl_t_sce_rodata_E30
.rodata	0x00000E3C	0xC	t_sce/t_sce.cpp	local	lbl_t_sce_rodata_E3C	lbl_t_sce_rodata_E3C
.rodata	0x00000E48	0xC	t_sce/t_sce.cpp	local	lbl_t_sce_rodata_E48	lbl_t_sce_rodata_E48
.rodata	0x00000E54	0x4	t_sce/t_sce.cpp	local	lbl_t_sce_rodata_E54	lbl_t_sce_rodata_E54
.rodata	0x00000E58	0x4	t_sce/t_sce.cpp	local	lbl_t_sce_rodata_E58	lbl_t_sce_rodata_E58
.rodata	0x00000E5C	0x4	t_sce/t_sce.cpp	local	lbl_t_sce_rodata_E5C	lbl_t_sce_rodata_E5C
.rodata	0x00000E60	0x4	t_sce/t_sce.cpp	local	lbl_t_sce_rodata_E60	lbl_t_sce_rodata_E60
.rodata	0x00000E64	0x4	t_sce/t_sce.cpp	local	lbl_t_sce_rodata_E64	lbl_t_sce_rodata_E64
.rodata	0x00000E68	0x8	t_sce/t_sce.cpp	local	lbl_t_sce_rodata_E68	lbl_t_sce_rodata_E68
.rodata	0x00000E70	0x8	t_sce/t_sce.cpp	local	lbl_t_sce_rodata_E70	lbl_t_sce_rodata_E70
.rodata	0x00000E78	0x4	t_sce/t_sce.cpp	local	lbl_t_sce_rodata_E78	lbl_t_sce_rodata_E78
.rodata	0x00000E7C	0x4	t_sce/t_sce.cpp	local	lbl_t_sce_rodata_E7C	lbl_t_sce_rodata_E7C
.rodata	0x00000E80	0x8	t_sce/t_sce.cpp	local	lbl_t_sce_rodata_E80	lbl_t_sce_rodata_E80
.rodata	0x00000E88	0x4	t_sce/t_sce.cpp	local	lbl_t_sce_rodata_E88	lbl_t_sce_rodata_E88
.rodata	0x00000E8C	0xC	t_sce/t_sce.cpp	local	lbl_t_sce_rodata_E8C	lbl_t_sce_rodata_E8C
.rodata	0x00000E98	0x10	t_sce/t_sce.cpp	local	lbl_t_sce_rodata_E98	lbl_t_sce_rodata_E98
.rodata	0x00000EA8	0xC	t_sce/t_sce.cpp	local	lbl_t_sce_rodata_EA8	lbl_t_sce_rodata_EA8
.rodata	0x00000EB4	0xC	t_sce/t_sce.cpp	local	lbl_t_sce_rodata_EB4	lbl_t_sce_rodata_EB4
.rodata	0x00000EC0	0xC	t_sce/t_sce.cpp	local	lbl_t_sce_rodata_EC0	lbl_t_sce_rodata_EC0
.rodata	0x00000ECC	0xC	t_sce/t_sce.cpp	local	lbl_t_sce_rodata_ECC	lbl_t_sce_rodata_ECC
.rodata	0x00000ED8	0xC	t_sce/t_sce.cpp	local	lbl_t_sce_rodata_ED8	lbl_t_sce_rodata_ED8
.rodata	0x00000EE4	0xC	t_sce/t_sce.cpp	local	lbl_t_sce_rodata_EE4	lbl_t_sce_rodata_EE4
.rodata	0x00000EF0	0xC	t_sce/t_sce.cpp	local	lbl_t_sce_rodata_EF0	lbl_t_sce_rodata_EF0
.rodata	0x00000EFC	0xC	t_sce/t_sce.cpp	local	lbl_t_sce_rodata_EFC	lbl_t_sce_rodata_EFC
.rodata	0x00000F08	0x4	t_sce/t_sce.cpp	local	lbl_t_sce_rodata_F08	lbl_t_sce_rodata_F08
.rodata	0x00000F0C	0x4	t_sce/t_sce.cpp	local	lbl_t_sce_rodata_F0C	lbl_t_sce_rodata_F0C
.rodata	0x00000F10	0x4	t_sce/t_sce.cpp	local	lbl_t_sce_rodata_F10	lbl_t_sce_rodata_F10
.rodata	0x00000F14	0x4	t_sce/t_sce.cpp	local	lbl_t_sce_rodata_F14	lbl_t_sce_rodata_F14
.rodata	0x00000F18	0x4	t_sce/t_sce.cpp	local	lbl_t_sce_rodata_F18	lbl_t_sce_rodata_F18
.rodata	0x00000F1C	0x4	t_sce/t_sce.cpp	local	lbl_t_sce_rodata_F1C	lbl_t_sce_rodata_F1C
.rodata	0x00000F20	0xC	t_sce/t_sce.cpp	local	lbl_t_sce_rodata_F20	lbl_t_sce_rodata_F20
.rodata	0x00000F2C	0xC	t_sce/t_sce.cpp	local	lbl_t_sce_rodata_F2C	lbl_t_sce_rodata_F2C
.rodata	0x00000F38	0x10	t_sce/t_sce.cpp	local	lbl_t_sce_rodata_F38	lbl_t_sce_rodata_F38
.rodata	0x00000F48	0xC	t_sce/t_sce.cpp	local	lbl_t_sce_rodata_F48	lbl_t_sce_rodata_F48
.rodata	0x00000F54	0x4	t_sce/t_sce.cpp	local	lbl_t_sce_rodata_F54	lbl_t_sce_rodata_F54
.rodata	0x00000F58	0x4	t_sce/t_sce.cpp	local	lbl_t_sce_rodata_F58	lbl_t_sce_rodata_F58
.rodata	0x00000F5C	0x4	t_sce/t_sce.cpp	local	lbl_t_sce_rodata_F5C	lbl_t_sce_rodata_F5C
.rodata	0x00000F60	0x4	t_sce/t_sce.cpp	local	lbl_t_sce_rodata_F60	lbl_t_sce_rodata_F60
.rodata	0x00000F64	0x4	t_sce/t_sce.cpp	local	lbl_t_sce_rodata_F64	lbl_t_sce_rodata_F64
.rodata	0x00000F68	0x4	t_sce/t_sce.cpp	local	lbl_t_sce_rodata_F68	lbl_t_sce_rodata_F68
.rodata	0x00000F6C	0x8	t_sce/t_sce.cpp	local	lbl_t_sce_rodata_F6C	lbl_t_sce_rodata_F6C
.rodata	0x00000F74	0x4	t_sce/t_sce.cpp	local	lbl_t_sce_rodata_F74	lbl_t_sce_rodata_F74
.rodata	0x00000F78	0x8	t_sce/t_sce.cpp	local	lbl_t_sce_rodata_F78	lbl_t_sce_rodata_F78
.rodata	0x00000F80	0x8	t_sce/t_sce.cpp	local	lbl_t_sce_rodata_F80	lbl_t_sce_rodata_F80
.rodata	0x00000F88	0x4	t_sce/t_sce.cpp	local	lbl_t_sce_rodata_F88	lbl_t_sce_rodata_F88
.rodata	0x00000F8C	0x4	t_sce/t_sce.cpp	local	lbl_t_sce_rodata_F8C	lbl_t_sce_rodata_F8C
.rodata	0x00000F90	0x4	t_sce/t_sce.cpp	local	lbl_t_sce_rodata_F90	lbl_t_sce_rodata_F90
.rodata	0x00000F94	0x4	t_sce/t_sce.cpp	local	lbl_t_sce_rodata_F94	lbl_t_sce_rodata_F94
.rodata	0x00000F98	0x4	t_sce/t_sce.cpp	local	lbl_t_sce_rodata_F98	lbl_t_sce_rodata_F98
.rodata	0x00000F9C	0x4	t_sce/t_sce.cpp	local	lbl_t_sce_rodata_F9C	lbl_t_sce_rodata_F9C
.rodata	0x00000FA0	0x4	t_sce/t_sce.cpp	local	lbl_t_sce_rodata_FA0	lbl_t_sce_rodata_FA0
.rodata	0x00000FA4	0x4	t_sce/t_sce.cpp	local	lbl_t_sce_rodata_FA4	lbl_t_sce_rodata_FA4
.rodata	0x00000FA8	0x4	t_sce/t_sce.cpp	local	lbl_t_sce_rodata_FA8	lbl_t_sce_rodata_FA8
.rodata	0x00000FAC	0x14	t_sce/t_sce.cpp	local	lbl_t_sce_rodata_FAC	lbl_t_sce_rodata_FAC
.rodata	0x00000FC0	0x14	t_sce/t_sce.cpp	local	lbl_t_sce_rodata_FC0	lbl_t_sce_rodata_FC0
.rodata	0x00000FD4	0xC	t_sce/t_sce.cpp	local	lbl_t_sce_rodata_FD4	lbl_t_sce_rodata_FD4
.rodata	0x00000FE0	0x10	t_sce/t_sce.cpp	local	lbl_t_sce_rodata_FE0	lbl_t_sce_rodata_FE0
.rodata	0x00000FF0	0x10	t_sce/t_sce.cpp	local	lbl_t_sce_rodata_FF0	lbl_t_sce_rodata_FF0
.rodata	0x00001000	0x10	t_sce/t_sce.cpp	local	lbl_t_sce_rodata_1000	lbl_t_sce_rodata_1000
.rodata	0x00001010	0x10	t_sce/t_sce.cpp	local	lbl_t_sce_rodata_1010	lbl_t_sce_rodata_1010
.rodata	0x00001020	0x8	t_sce/t_sce.cpp	local	lbl_t_sce_rodata_1020	lbl_t_sce_rodata_1020
.rodata	0x00001028	0x8	t_sce/t_sce.cpp	local	lbl_t_sce_rodata_1028	lbl_t_sce_rodata_1028
.rodata	0x00001030	0x4	t_sce/t_sce.cpp	local	lbl_t_sce_rodata_1030	lbl_t_sce_rodata_1030
.rodata	0x00001034	0x4	t_sce/t_sce.cpp	local	lbl_t_sce_rodata_1034	lbl_t_sce_rodata_1034
.rodata	0x00001038	0x4	t_sce/t_sce.cpp	local	lbl_t_sce_rodata_1038	lbl_t_sce_rodata_1038
.rodata	0x0000103C	0x4	t_sce/t_sce.cpp	local	lbl_t_sce_rodata_103C	lbl_t_sce_rodata_103C
.rodata	0x00001040	0x4	t_sce/t_sce.cpp	local	lbl_t_sce_rodata_1040	lbl_t_sce_rodata_1040
.rodata	0x00001044	0x4	t_sce/t_sce.cpp	local	lbl_t_sce_rodata_1044	lbl_t_sce_rodata_1044
.rodata	0x00001048	0x4	t_sce/t_sce.cpp	local	lbl_t_sce_rodata_1048	lbl_t_sce_rodata_1048
.rodata	0x0000104C	0x4	t_sce/t_sce.cpp	local	lbl_t_sce_rodata_104C	lbl_t_sce_rodata_104C
.rodata	0x00001050	0x4	t_sce/t_sce.cpp	local	lbl_t_sce_rodata_1050	lbl_t_sce_rodata_1050
.rodata	0x00001054	0xC	t_sce/t_sce.cpp	local	lbl_t_sce_rodata_1054	lbl_t_sce_rodata_1054
.rodata	0x00001060	0x8	t_sce/t_sce.cpp	local	lbl_t_sce_rodata_1060	lbl_t_sce_rodata_1060
.rodata	0x00001068	0xC	t_sce/t_sce.cpp	local	lbl_t_sce_rodata_1068	lbl_t_sce_rodata_1068
.rodata	0x00001074	0xC	t_sce/t_sce.cpp	local	lbl_t_sce_rodata_1074	lbl_t_sce_rodata_1074
.rodata	0x00001080	0x8	t_sce/t_sce.cpp	local	lbl_t_sce_rodata_1080	lbl_t_sce_rodata_1080
.rodata	0x00001088	0x8	t_sce/t_sce.cpp	local	lbl_t_sce_rodata_1088	lbl_t_sce_rodata_1088
.rodata	0x00001090	0x10	t_sce/t_sce.cpp	local	lbl_t_sce_rodata_1090	lbl_t_sce_rodata_1090
.rodata	0x000010A0	0xC	t_sce/t_sce.cpp	local	lbl_t_sce_rodata_10A0	lbl_t_sce_rodata_10A0
.rodata	0x000010AC	0x10	t_sce/t_sce.cpp	local	lbl_t_sce_rodata_10AC	lbl_t_sce_rodata_10AC
.rodata	0x000010BC	0x18	t_sce/t_sce.cpp	local	lbl_t_sce_rodata_10BC	lbl_t_sce_rodata_10BC
.rodata	0x000010D4	0x10	t_sce/t_sce.cpp	local	lbl_t_sce_rodata_10D4	lbl_t_sce_rodata_10D4
.rodata	0x000010E4	0x14	t_sce/t_sce.cpp	local	lbl_t_sce_rodata_10E4	lbl_t_sce_rodata_10E4
.rodata	0x000010F8	0x14	t_sce/t_sce.cpp	local	lbl_t_sce_rodata_10F8	lbl_t_sce_rodata_10F8
.rodata	0x0000110C	0x14	t_sce/t_sce.cpp	local	lbl_t_sce_rodata_110C	lbl_t_sce_rodata_110C
.rodata	0x00001120	0x14	t_sce/t_sce.cpp	local	lbl_t_sce_rodata_1120	lbl_t_sce_rodata_1120
.rodata	0x00001134	0x14	t_sce/t_sce.cpp	local	lbl_t_sce_rodata_1134	lbl_t_sce_rodata_1134
.rodata	0x00001148	0xC	t_sce/t_sce.cpp	local	lbl_t_sce_rodata_1148	lbl_t_sce_rodata_1148
.rodata	0x00001154	0x18	t_sce/t_sce.cpp	local	lbl_t_sce_rodata_1154	lbl_t_sce_rodata_1154
.rodata	0x0000116C	0x14	t_sce/t_sce.cpp	local	lbl_t_sce_rodata_116C	lbl_t_sce_rodata_116C
.rodata	0x00001180	0x14	t_sce/t_sce.cpp	local	lbl_t_sce_rodata_1180	lbl_t_sce_rodata_1180
.rodata	0x00001194	0x18	t_sce/t_sce.cpp	local	lbl_t_sce_rodata_1194	lbl_t_sce_rodata_1194
.rodata	0x000011AC	0x18	t_sce/t_sce.cpp	local	lbl_t_sce_rodata_11AC	lbl_t_sce_rodata_11AC
.rodata	0x000011C4	0x18	t_sce/t_sce.cpp	local	lbl_t_sce_rodata_11C4	lbl_t_sce_rodata_11C4
.rodata	0x000011DC	0x14	t_sce/t_sce.cpp	local	lbl_t_sce_rodata_11DC	lbl_t_sce_rodata_11DC
.rodata	0x000011F0	0x8	t_sce/t_sce.cpp	local	lbl_t_sce_rodata_11F0	lbl_t_sce_rodata_11F0
.rodata	0x000011F8	0x4	t_sce/t_sce.cpp	local	lbl_t_sce_rodata_11F8	lbl_t_sce_rodata_11F8
.rodata	0x000011FC	0x4	t_sce/t_sce.cpp	local	lbl_t_sce_rodata_11FC	lbl_t_sce_rodata_11FC
.rodata	0x00001200	0x4	t_sce/t_sce.cpp	local	lbl_t_sce_rodata_1200	lbl_t_sce_rodata_1200
.rodata	0x00001204	0x4	t_sce/t_sce.cpp	local	lbl_t_sce_rodata_1204	lbl_t_sce_rodata_1204
.rodata	0x00001208	0x4	t_sce/t_sce.cpp	local	lbl_t_sce_rodata_1208	lbl_t_sce_rodata_1208
.rodata	0x0000120C	0x4	t_sce/t_sce.cpp	local	lbl_t_sce_rodata_120C	lbl_t_sce_rodata_120C
.rodata	0x00001210	0x4	t_sce/t_sce.cpp	local	lbl_t_sce_rodata_1210	lbl_t_sce_rodata_1210
.rodata	0x00001214	0x8	t_sce/t_sce.cpp	local	lbl_t_sce_rodata_1214	lbl_t_sce_rodata_1214
.rodata	0x0000121C	0x4	t_sce/t_sce.cpp	local	lbl_t_sce_rodata_121C	lbl_t_sce_rodata_121C
.rodata	0x00001220	0x4	t_sce/t_sce.cpp	local	lbl_t_sce_rodata_1220	lbl_t_sce_rodata_1220
.rodata	0x00001224	0x3C	t_sce/t_sce.cpp	local	lbl_t_sce_rodata_1224	lbl_t_sce_rodata_1224
.rodata	0x00001260	0x3C	t_sce/t_sce.cpp	local	lbl_t_sce_rodata_1260	lbl_t_sce_rodata_1260
.rodata	0x0000129C	0x4	t_sce/t_sce.cpp	local	lbl_t_sce_rodata_129C	lbl_t_sce_rodata_129C
.rodata	0x000012A0	0x4	t_sce/t_sce.cpp	local	lbl_t_sce_rodata_12A0	lbl_t_sce_rodata_12A0
.rodata	0x000012A4	0x4	t_sce/t_sce.cpp	local	lbl_t_sce_rodata_12A4	lbl_t_sce_rodata_12A4
.rodata	0x000012A8	0x4	t_sce/t_sce.cpp	local	lbl_t_sce_rodata_12A8	lbl_t_sce_rodata_12A8
.rodata	0x000012AC	0x4	t_sce/t_sce.cpp	local	lbl_t_sce_rodata_12AC	lbl_t_sce_rodata_12AC
.rodata	0x000012B0	0x14	t_sce/t_sce.cpp	local	lbl_t_sce_rodata_12B0	lbl_t_sce_rodata_12B0
.rodata	0x000012C4	0x4	t_sce/t_sce.cpp	local	lbl_t_sce_rodata_12C4	lbl_t_sce_rodata_12C4
.rodata	0x000012C8	0x4	t_sce/t_sce.cpp	local	lbl_t_sce_rodata_12C8	lbl_t_sce_rodata_12C8
.rodata	0x000012CC	0x8	t_sce/t_sce.cpp	local	lbl_t_sce_rodata_12CC	lbl_t_sce_rodata_12CC
.rodata	0x000012D4	0x8	t_sce/t_sce.cpp	local	lbl_t_sce_rodata_12D4	lbl_t_sce_rodata_12D4
.rodata	0x000012DC	0x8	t_sce/t_sce.cpp	local	lbl_t_sce_rodata_12DC	lbl_t_sce_rodata_12DC
.rodata	0x000012E4	0x4	t_sce/t_sce.cpp	local	lbl_t_sce_rodata_12E4	lbl_t_sce_rodata_12E4
.rodata	0x000012E8	0x8	t_sce/t_sce.cpp	local	lbl_t_sce_rodata_12E8	lbl_t_sce_rodata_12E8
.rodata	0x000012F0	0xC	t_sce/t_sce.cpp	local	lbl_t_sce_rodata_12F0	lbl_t_sce_rodata_12F0
.rodata	0x000012FC	0x4	t_sce/t_sce.cpp	local	lbl_t_sce_rodata_12FC	lbl_t_sce_rodata_12FC
.rodata	0x00001300	0x4	t_sce/t_sce.cpp	local	lbl_t_sce_rodata_1300	lbl_t_sce_rodata_1300
.rodata	0x00001304	0x4	t_sce/t_sce.cpp	local	lbl_t_sce_rodata_1304	lbl_t_sce_rodata_1304
.rodata	0x00001308	0x4	t_sce/t_sce.cpp	local	lbl_t_sce_rodata_1308	lbl_t_sce_rodata_1308
.rodata	0x0000130C	0x4	t_sce/t_sce.cpp	local	lbl_t_sce_rodata_130C	lbl_t_sce_rodata_130C
.rodata	0x00001310	0x4	t_sce/t_sce.cpp	local	lbl_t_sce_rodata_1310	lbl_t_sce_rodata_1310
.rodata	0x00001314	0x4	t_sce/t_sce.cpp	local	lbl_t_sce_rodata_1314	lbl_t_sce_rodata_1314
.rodata	0x00001318	0x28	t_sce/t_sce.cpp	local	lbl_t_sce_rodata_1318	lbl_t_sce_rodata_1318
.rodata	0x00001340	0x1C	t_sce/t_sce.cpp	local	lbl_t_sce_rodata_1340	lbl_t_sce_rodata_1340
.rodata	0x0000135C	0x28	t_sce/t_sce.cpp	local	lbl_t_sce_rodata_135C	lbl_t_sce_rodata_135C
.rodata	0x00001384	0x8	t_sce/t_sce.cpp	local	lbl_t_sce_rodata_1384	lbl_t_sce_rodata_1384
.rodata	0x0000138C	0x8	t_sce/t_sce.cpp	local	lbl_t_sce_rodata_138C	lbl_t_sce_rodata_138C
.rodata	0x00001394	0x8	t_sce/t_sce.cpp	local	lbl_t_sce_rodata_1394	lbl_t_sce_rodata_1394
.rodata	0x0000139C	0x8	t_sce/t_sce.cpp	local	lbl_t_sce_rodata_139C	lbl_t_sce_rodata_139C
.rodata	0x000013A4	0x8	t_sce/t_sce.cpp	local	lbl_t_sce_rodata_13A4	lbl_t_sce_rodata_13A4
.rodata	0x000013AC	0x8	t_sce/t_sce.cpp	local	lbl_t_sce_rodata_13AC	lbl_t_sce_rodata_13AC
.rodata	0x000013B4	0x4	t_sce/t_sce.cpp	local	lbl_t_sce_rodata_13B4	lbl_t_sce_rodata_13B4
.rodata	0x000013B8	0x4	t_sce/t_sce.cpp	local	lbl_t_sce_rodata_13B8	lbl_t_sce_rodata_13B8
.rodata	0x000013BC	0x4	t_sce/t_sce.cpp	local	lbl_t_sce_rodata_13BC	lbl_t_sce_rodata_13BC
.rodata	0x000013C0	0x4	t_sce/t_sce.cpp	local	lbl_t_sce_rodata_13C0	lbl_t_sce_rodata_13C0
.rodata	0x000013C4	0x4	t_sce/t_sce.cpp	local	lbl_t_sce_rodata_13C4	lbl_t_sce_rodata_13C4
.rodata	0x000013C8	0x4	t_sce/t_sce.cpp	local	lbl_t_sce_rodata_13C8	lbl_t_sce_rodata_13C8
.rodata	0x000013CC	0x4	t_sce/t_sce.cpp	local	lbl_t_sce_rodata_13CC	lbl_t_sce_rodata_13CC
.rodata	0x000013D0	0x4	t_sce/t_sce.cpp	local	lbl_t_sce_rodata_13D0	lbl_t_sce_rodata_13D0
.rodata	0x000013D4	0x8	t_sce/t_sce.cpp	local	lbl_t_sce_rodata_13D4	lbl_t_sce_rodata_13D4
.rodata	0x000013DC	0x4	t_sce/t_sce.cpp	local	lbl_t_sce_rodata_13DC	lbl_t_sce_rodata_13DC
.rodata	0x000013E0	0x8	t_sce/t_sce.cpp	local	lbl_t_sce_rodata_13E0	lbl_t_sce_rodata_13E0
.rodata	0x000013E8	0x8	t_sce/t_sce.cpp	local	lbl_t_sce_rodata_13E8	lbl_t_sce_rodata_13E8
.rodata	0x000013F0	0xC	t_sce/t_sce.cpp	local	lbl_t_sce_rodata_13F0	lbl_t_sce_rodata_13F0
.rodata	0x000013FC	0x8	t_sce/t_sce.cpp	local	lbl_t_sce_rodata_13FC	lbl_t_sce_rodata_13FC
.rodata	0x00001404	0x4	t_sce/t_sce.cpp	local	lbl_t_sce_rodata_1404	lbl_t_sce_rodata_1404
.rodata	0x00001408	0x4	t_sce/t_sce.cpp	local	lbl_t_sce_rodata_1408	lbl_t_sce_rodata_1408
.rodata	0x0000140C	0x4	t_sce/t_sce.cpp	local	lbl_t_sce_rodata_140C	lbl_t_sce_rodata_140C
.rodata	0x00001410	0xC	t_sce/t_sce.cpp	local	lbl_t_sce_rodata_1410	lbl_t_sce_rodata_1410
.rodata	0x0000141C	0x4	t_sce/t_sce.cpp	local	lbl_t_sce_rodata_141C	lbl_t_sce_rodata_141C
.rodata	0x00001420	0x4	t_sce/t_sce.cpp	local	lbl_t_sce_rodata_1420	lbl_t_sce_rodata_1420
.rodata	0x00001424	0x4	t_sce/t_sce.cpp	local	lbl_t_sce_rodata_1424	lbl_t_sce_rodata_1424
.rodata	0x00001428	0x4	t_sce/t_sce.cpp	local	lbl_t_sce_rodata_1428	lbl_t_sce_rodata_1428
.rodata	0x0000142C	0x4	t_sce/t_sce.cpp	local	lbl_t_sce_rodata_142C	lbl_t_sce_rodata_142C
.rodata	0x00001430	0x8	t_sce/t_sce.cpp	local	lbl_t_sce_rodata_1430	lbl_t_sce_rodata_1430
.rodata	0x00001438	0x8	t_sce/t_sce.cpp	local	lbl_t_sce_rodata_1438	lbl_t_sce_rodata_1438
.rodata	0x00001440	0x4	t_sce/t_sce.cpp	local	lbl_t_sce_rodata_1440	lbl_t_sce_rodata_1440
.rodata	0x00001444	0x18	t_sce/t_sce.cpp	local	lbl_t_sce_rodata_1444	lbl_t_sce_rodata_1444
.rodata	0x0000145C	0x8	t_sce/t_sce.cpp	local	lbl_t_sce_rodata_145C	lbl_t_sce_rodata_145C
.rodata	0x00001464	0x8	t_sce/t_sce.cpp	local	lbl_t_sce_rodata_1464	lbl_t_sce_rodata_1464
.rodata	0x0000146C	0xC	t_sce/t_sce.cpp	local	lbl_t_sce_rodata_146C	lbl_t_sce_rodata_146C
.rodata	0x00001478	0x8	t_sce/t_sce.cpp	local	lbl_t_sce_rodata_1478	lbl_t_sce_rodata_1478
.rodata	0x00001480	0x4	t_sce/t_sce.cpp	local	lbl_t_sce_rodata_1480	lbl_t_sce_rodata_1480
.rodata	0x00001484	0x14	t_sce/t_sce.cpp	local	lbl_t_sce_rodata_1484	lbl_t_sce_rodata_1484
.rodata	0x00001498	0x4	t_sce/t_sce.cpp	local	lbl_t_sce_rodata_1498	lbl_t_sce_rodata_1498
.rodata	0x0000149C	0x4	t_sce/t_sce.cpp	local	lbl_t_sce_rodata_149C	lbl_t_sce_rodata_149C
.rodata	0x000014A0	0x4	t_sce/t_sce.cpp	local	lbl_t_sce_rodata_14A0	lbl_t_sce_rodata_14A0
.rodata	0x000014A4	0x4	t_sce/t_sce.cpp	local	lbl_t_sce_rodata_14A4	lbl_t_sce_rodata_14A4
.rodata	0x000014A8	0x4	t_sce/t_sce.cpp	local	lbl_t_sce_rodata_14A8	lbl_t_sce_rodata_14A8
.rodata	0x000014AC	0x4	t_sce/t_sce.cpp	local	lbl_t_sce_rodata_14AC	lbl_t_sce_rodata_14AC
.rodata	0x000014B0	0x8	t_sce/t_sce.cpp	local	lbl_t_sce_rodata_14B0	lbl_t_sce_rodata_14B0
.rodata	0x000014B8	0x8	t_sce/t_sce.cpp	local	lbl_t_sce_rodata_14B8	lbl_t_sce_rodata_14B8
.rodata	0x000014C0	0x8	t_sce/t_sce.cpp	local	lbl_t_sce_rodata_14C0	lbl_t_sce_rodata_14C0
.rodata	0x000014C8	0x8	t_sce/t_sce.cpp	local	lbl_t_sce_rodata_14C8	lbl_t_sce_rodata_14C8
.rodata	0x000014D0	0x8	t_sce/t_sce.cpp	local	lbl_t_sce_rodata_14D0	lbl_t_sce_rodata_14D0
.rodata	0x000014D8	0x4	t_sce/t_sce.cpp	local	lbl_t_sce_rodata_14D8	lbl_t_sce_rodata_14D8
.rodata	0x000014DC	0x40	t_sce/t_sce.cpp	local	lbl_t_sce_rodata_14DC	lbl_t_sce_rodata_14DC
.rodata	0x0000151C	0x28	t_sce/t_sce.cpp	local	lbl_t_sce_rodata_151C	lbl_t_sce_rodata_151C
.rodata	0x00001544	0x28	t_sce/t_sce.cpp	local	lbl_t_sce_rodata_1544	lbl_t_sce_rodata_1544
.rodata	0x0000156C	0x38	t_sce/t_sce.cpp	local	lbl_t_sce_rodata_156C	lbl_t_sce_rodata_156C
.rodata	0x000015A4	0x28	t_sce/t_sce.cpp	local	lbl_t_sce_rodata_15A4	lbl_t_sce_rodata_15A4
.rodata	0x000015CC	0x3C	t_sce/t_sce.cpp	local	lbl_t_sce_rodata_15CC	lbl_t_sce_rodata_15CC
.rodata	0x00001608	0x28	t_sce/t_sce.cpp	global	lbl_t_sce_rodata_1608	lbl_t_sce_rodata_1608
.rodata	0x00001630	0x4	t_sce/t_sce.cpp	local	lbl_t_sce_rodata_1630	lbl_t_sce_rodata_1630
.rodata	0x00001634	0xC	t_sce/t_sce.cpp	local	lbl_t_sce_rodata_1634	lbl_t_sce_rodata_1634
.rodata	0x00001640	0x4	t_sce/t_sce.cpp	local	lbl_t_sce_rodata_1640	lbl_t_sce_rodata_1640
.rodata	0x00001644	0x1C	t_sce/t_sce.cpp	local	lbl_t_sce_rodata_1644	lbl_t_sce_rodata_1644
.rodata	0x00001660	0x24	t_sce/t_sce.cpp	local	lbl_t_sce_rodata_1660	lbl_t_sce_rodata_1660
.rodata	0x00001684	0x10	t_sce/t_sce.cpp	local	lbl_t_sce_rodata_1684	lbl_t_sce_rodata_1684
.rodata	0x00001694	0x60	t_sce/t_sce.cpp	local	lbl_t_sce_rodata_1694	lbl_t_sce_rodata_1694
.rodata	0x000016F4	0x1C	t_sce/t_sce.cpp	local	lbl_t_sce_rodata_16F4	lbl_t_sce_rodata_16F4
.rodata	0x00001710	0x18	t_sce/t_sce.cpp	local	lbl_t_sce_rodata_1710	lbl_t_sce_rodata_1710
.rodata	0x00001728	0x24	t_sce/t_sce.cpp	local	lbl_t_sce_rodata_1728	lbl_t_sce_rodata_1728
.rodata	0x0000174C	0x24	t_sce/t_sce.cpp	local	lbl_t_sce_rodata_174C	lbl_t_sce_rodata_174C
.rodata	0x00001770	0x4	t_sce/t_sce.cpp	local	lbl_t_sce_rodata_1770	lbl_t_sce_rodata_1770
.rodata	0x00001774	0x4	t_sce/t_sce.cpp	local	lbl_t_sce_rodata_1774	lbl_t_sce_rodata_1774
.rodata	0x00001778	0x8	t_sce/t_sce.cpp	local	lbl_t_sce_rodata_1778	lbl_t_sce_rodata_1778
.rodata	0x00001780	0x10	t_sce/t_sce.cpp	local	lbl_t_sce_rodata_1780	lbl_t_sce_rodata_1780
.rodata	0x00001790	0x10	t_sce/t_sce.cpp	local	lbl_t_sce_rodata_1790	lbl_t_sce_rodata_1790
.rodata	0x000017A0	0x10	t_sce/t_sce.cpp	local	lbl_t_sce_rodata_17A0	lbl_t_sce_rodata_17A0
.rodata	0x000017B0	0xC	t_sce/t_sce.cpp	local	lbl_t_sce_rodata_17B0	lbl_t_sce_rodata_17B0
.rodata	0x000017BC	0xC	t_sce/t_sce.cpp	local	lbl_t_sce_rodata_17BC	lbl_t_sce_rodata_17BC
.rodata	0x000017C8	0x8	t_sce/t_sce.cpp	local	lbl_t_sce_rodata_17C8	lbl_t_sce_rodata_17C8
.rodata	0x000017D0	0x8	t_sce/t_sce.cpp	local	lbl_t_sce_rodata_17D0	lbl_t_sce_rodata_17D0
.rodata	0x000017D8	0x14	t_sce/t_sce.cpp	local	lbl_t_sce_rodata_17D8	lbl_t_sce_rodata_17D8
.rodata	0x000017EC	0x4	t_sce/t_sce.cpp	local	lbl_t_sce_rodata_17EC	lbl_t_sce_rodata_17EC
.rodata	0x000017F0	0x4	t_sce/t_sce.cpp	local	lbl_t_sce_rodata_17F0	lbl_t_sce_rodata_17F0
.rodata	0x000017F4	0xC	t_sce/t_sce.cpp	local	lbl_t_sce_rodata_17F4	lbl_t_sce_rodata_17F4
.rodata	0x00001800	0x8	t_sce/t_sce.cpp	local	lbl_t_sce_rodata_1800	lbl_t_sce_rodata_1800
.rodata	0x00001808	0x4	t_sce/t_sce.cpp	local	lbl_t_sce_rodata_1808	lbl_t_sce_rodata_1808
.rodata	0x0000180C	0x4	t_sce/t_sce.cpp	local	lbl_t_sce_rodata_180C	lbl_t_sce_rodata_180C
.rodata	0x00001810	0x10	t_sce/t_sce.cpp	local	lbl_t_sce_rodata_1810	lbl_t_sce_rodata_1810
.rodata	0x00001820	0x10	t_sce/t_sce.cpp	local	lbl_t_sce_rodata_1820	lbl_t_sce_rodata_1820
.rodata	0x00001830	0xC	t_sce/t_sce.cpp	local	lbl_t_sce_rodata_1830	lbl_t_sce_rodata_1830
.rodata	0x0000183C	0x14	t_sce/t_sce.cpp	local	lbl_t_sce_rodata_183C	lbl_t_sce_rodata_183C
.rodata	0x00001850	0x4	t_sce/t_sce.cpp	local	lbl_t_sce_rodata_1850	lbl_t_sce_rodata_1850
.rodata	0x00001854	0x8	t_sce/t_sce.cpp	local	lbl_t_sce_rodata_1854	lbl_t_sce_rodata_1854
.rodata	0x0000185C	0x10	t_sce/t_sce.cpp	local	lbl_t_sce_rodata_185C	lbl_t_sce_rodata_185C
.rodata	0x0000186C	0x4	t_sce/t_sce.cpp	local	lbl_t_sce_rodata_186C	lbl_t_sce_rodata_186C
.rodata	0x00001870	0x10	t_sce/t_sce.cpp	local	lbl_t_sce_rodata_1870	lbl_t_sce_rodata_1870
.rodata	0x00001880	0xC	t_sce/t_sce.cpp	local	lbl_t_sce_rodata_1880	lbl_t_sce_rodata_1880
.rodata	0x0000188C	0xC	t_sce/t_sce.cpp	local	lbl_t_sce_rodata_188C	lbl_t_sce_rodata_188C
.rodata	0x00001898	0x8	t_sce/t_sce.cpp	local	lbl_t_sce_rodata_1898	lbl_t_sce_rodata_1898
.rodata	0x000018A0	0xC	t_sce/t_sce.cpp	local	lbl_t_sce_rodata_18A0	lbl_t_sce_rodata_18A0
.rodata	0x000018AC	0xC	t_sce/t_sce.cpp	local	lbl_t_sce_rodata_18AC	lbl_t_sce_rodata_18AC
.rodata	0x000018B8	0x18	t_sce/t_sce.cpp	local	lbl_t_sce_rodata_18B8	lbl_t_sce_rodata_18B8
.rodata	0x000018D0	0x4	t_sce/t_sce.cpp	local	lbl_t_sce_rodata_18D0	lbl_t_sce_rodata_18D0
.rodata	0x000018D4	0x4	t_sce/t_sce.cpp	local	lbl_t_sce_rodata_18D4	lbl_t_sce_rodata_18D4
.rodata	0x000018D8	0x4	t_sce/t_sce.cpp	local	lbl_t_sce_rodata_18D8	lbl_t_sce_rodata_18D8
.rodata	0x000018DC	0x8	t_sce/t_sce.cpp	local	lbl_t_sce_rodata_18DC	lbl_t_sce_rodata_18DC
.rodata	0x000018E4	0x14	t_sce/t_sce.cpp	local	lbl_t_sce_rodata_18E4	lbl_t_sce_rodata_18E4
.rodata	0x000018F8	0xC	t_sce/t_sce.cpp	local	lbl_t_sce_rodata_18F8	lbl_t_sce_rodata_18F8
.rodata	0x00001904	0xC	t_sce/t_sce.cpp	local	lbl_t_sce_rodata_1904	lbl_t_sce_rodata_1904
.rodata	0x00001910	0x10	t_sce/t_sce.cpp	local	lbl_t_sce_rodata_1910	lbl_t_sce_rodata_1910
.rodata	0x00001920	0xC	t_sce/t_sce.cpp	local	lbl_t_sce_rodata_1920	lbl_t_sce_rodata_1920
.rodata	0x0000192C	0x8	t_sce/t_sce.cpp	local	lbl_t_sce_rodata_192C	lbl_t_sce_rodata_192C
.rodata	0x00001934	0x8	t_sce/t_sce.cpp	local	lbl_t_sce_rodata_1934	lbl_t_sce_rodata_1934
.rodata	0x0000193C	0x8	t_sce/t_sce.cpp	local	lbl_t_sce_rodata_193C	lbl_t_sce_rodata_193C
.rodata	0x00001944	0x8	t_sce/t_sce.cpp	local	lbl_t_sce_rodata_1944	lbl_t_sce_rodata_1944
.rodata	0x0000194C	0x4	t_sce/t_sce.cpp	local	lbl_t_sce_rodata_194C	lbl_t_sce_rodata_194C
.rodata	0x00001950	0x4	t_sce/t_sce.cpp	local	lbl_t_sce_rodata_1950	lbl_t_sce_rodata_1950
.rodata	0x00001954	0x4	t_sce/t_sce.cpp	local	lbl_t_sce_rodata_1954	lbl_t_sce_rodata_1954
.rodata	0x00001958	0x4	t_sce/t_sce.cpp	local	lbl_t_sce_rodata_1958	lbl_t_sce_rodata_1958
.rodata	0x0000195C	0x4	t_sce/t_sce.cpp	local	lbl_t_sce_rodata_195C	lbl_t_sce_rodata_195C
.rodata	0x00001960	0x8	t_sce/t_sce.cpp	local	lbl_t_sce_rodata_1960	lbl_t_sce_rodata_1960
.rodata	0x00001968	0x8	t_sce/t_sce.cpp	local	lbl_t_sce_rodata_1968	lbl_t_sce_rodata_1968
.rodata	0x00001970	0xC	t_sce/t_sce.cpp	local	lbl_t_sce_rodata_1970	lbl_t_sce_rodata_1970
.rodata	0x0000197C	0xC	t_sce/t_sce.cpp	local	lbl_t_sce_rodata_197C	lbl_t_sce_rodata_197C
.rodata	0x00001988	0x4	t_sce/t_sce.cpp	local	lbl_t_sce_rodata_1988	lbl_t_sce_rodata_1988
.rodata	0x0000198C	0x4	t_sce/t_sce.cpp	local	lbl_t_sce_rodata_198C	lbl_t_sce_rodata_198C
.rodata	0x00001990	0x14	t_sce/t_sce.cpp	local	lbl_t_sce_rodata_1990	lbl_t_sce_rodata_1990
.rodata	0x000019A4	0x14	t_sce/t_sce.cpp	local	lbl_t_sce_rodata_19A4	lbl_t_sce_rodata_19A4
.rodata	0x000019B8	0xC	t_sce/t_sce.cpp	local	lbl_t_sce_rodata_19B8	lbl_t_sce_rodata_19B8
.rodata	0x000019C4	0xC	t_sce/t_sce.cpp	local	lbl_t_sce_rodata_19C4	lbl_t_sce_rodata_19C4
.rodata	0x000019D0	0x14	t_sce/t_sce.cpp	local	lbl_t_sce_rodata_19D0	lbl_t_sce_rodata_19D0
.rodata	0x000019E4	0x14	t_sce/t_sce.cpp	local	lbl_t_sce_rodata_19E4	lbl_t_sce_rodata_19E4
.rodata	0x000019F8	0xC	t_sce/t_sce.cpp	local	lbl_t_sce_rodata_19F8	lbl_t_sce_rodata_19F8
.rodata	0x00001A04	0x28	t_sce/t_sce.cpp	local	lbl_t_sce_rodata_1A04	lbl_t_sce_rodata_1A04
.rodata	0x00001A2C	0x28	t_sce/t_sce.cpp	local	lbl_t_sce_rodata_1A2C	lbl_t_sce_rodata_1A2C
.rodata	0x00001A54	0x38	t_sce/t_sce.cpp	local	lbl_t_sce_rodata_1A54	lbl_t_sce_rodata_1A54
.rodata	0x00001A8C	0x28	t_sce/t_sce.cpp	local	lbl_t_sce_rodata_1A8C	lbl_t_sce_rodata_1A8C
.rodata	0x00001AB4	0xB4	t_sce/t_sce.cpp	local	lbl_t_sce_rodata_1AB4	lbl_t_sce_rodata_1AB4
.rodata	0x00001B68	0x8	t_sce/t_sce.cpp	local	lbl_t_sce_rodata_1B68	lbl_t_sce_rodata_1B68
.rodata	0x00001B70	0x8	t_sce/t_sce.cpp	local	lbl_t_sce_rodata_1B70	lbl_t_sce_rodata_1B70
.rodata	0x00001B78	0x8	t_sce/t_sce.cpp	local	lbl_t_sce_rodata_1B78	lbl_t_sce_rodata_1B78
.rodata	0x00001B80	0x4	t_sce/t_sce.cpp	local	lbl_t_sce_rodata_1B80	lbl_t_sce_rodata_1B80
.rodata	0x00001B84	0x4	t_sce/t_sce.cpp	local	lbl_t_sce_rodata_1B84	lbl_t_sce_rodata_1B84
.rodata	0x00001B88	0x8	t_sce/t_sce.cpp	local	lbl_t_sce_rodata_1B88	lbl_t_sce_rodata_1B88
.rodata	0x00001B90	0x8	t_sce/t_sce.cpp	local	lbl_t_sce_rodata_1B90	lbl_t_sce_rodata_1B90
.rodata	0x00001B98	0x8	t_sce/t_sce.cpp	local	lbl_t_sce_rodata_1B98	lbl_t_sce_rodata_1B98
.rodata	0x00001BA0	0x8	t_sce/t_sce.cpp	local	lbl_t_sce_rodata_1BA0	lbl_t_sce_rodata_1BA0
.rodata	0x00001BA8	0xC	t_sce/t_sce.cpp	local	lbl_t_sce_rodata_1BA8	lbl_t_sce_rodata_1BA8
.rodata	0x00001BB4	0x8	t_sce/t_sce.cpp	local	lbl_t_sce_rodata_1BB4	lbl_t_sce_rodata_1BB4
.rodata	0x00001BBC	0x8	t_sce/t_sce.cpp	local	lbl_t_sce_rodata_1BBC	lbl_t_sce_rodata_1BBC
.rodata	0x00001BC4	0xC	t_sce/t_sce.cpp	local	lbl_t_sce_rodata_1BC4	lbl_t_sce_rodata_1BC4
.rodata	0x00001BD0	0xC	t_sce/t_sce.cpp	local	lbl_t_sce_rodata_1BD0	lbl_t_sce_rodata_1BD0
.rodata	0x00001BDC	0x8	t_sce/t_sce.cpp	local	lbl_t_sce_rodata_1BDC	lbl_t_sce_rodata_1BDC
.rodata	0x00001BE4	0xC	t_sce/t_sce.cpp	local	lbl_t_sce_rodata_1BE4	lbl_t_sce_rodata_1BE4
.rodata	0x00001BF0	0x8	t_sce/t_sce.cpp	local	lbl_t_sce_rodata_1BF0	lbl_t_sce_rodata_1BF0
.rodata	0x00001BF8	0x4	t_sce/t_sce.cpp	local	lbl_t_sce_rodata_1BF8	lbl_t_sce_rodata_1BF8
.rodata	0x00001BFC	0x8	t_sce/t_sce.cpp	local	lbl_t_sce_rodata_1BFC	lbl_t_sce_rodata_1BFC
.rodata	0x00001C04	0xC	t_sce/t_sce.cpp	local	lbl_t_sce_rodata_1C04	lbl_t_sce_rodata_1C04
.rodata	0x00001C10	0xC	t_sce/t_sce.cpp	local	lbl_t_sce_rodata_1C10	lbl_t_sce_rodata_1C10
.rodata	0x00001C1C	0x18	t_sce/t_sce.cpp	local	lbl_t_sce_rodata_1C1C	lbl_t_sce_rodata_1C1C
.rodata	0x00001C34	0x18	t_sce/t_sce.cpp	local	lbl_t_sce_rodata_1C34	lbl_t_sce_rodata_1C34
.rodata	0x00001C4C	0x20	t_sce/t_sce.cpp	local	lbl_t_sce_rodata_1C4C	lbl_t_sce_rodata_1C4C
.rodata	0x00001C6C	0x1C	t_sce/t_sce.cpp	local	lbl_t_sce_rodata_1C6C	lbl_t_sce_rodata_1C6C
.rodata	0x00001C88	0x24	t_sce/t_sce.cpp	local	lbl_t_sce_rodata_1C88	lbl_t_sce_rodata_1C88
.rodata	0x00001CAC	0x24	t_sce/t_sce.cpp	local	lbl_t_sce_rodata_1CAC	lbl_t_sce_rodata_1CAC
.rodata	0x00001CD0	0x4	t_sce/t_sce.cpp	local	lbl_t_sce_rodata_1CD0	lbl_t_sce_rodata_1CD0
.rodata	0x00001CD4	0x4	t_sce/t_sce.cpp	local	lbl_t_sce_rodata_1CD4	lbl_t_sce_rodata_1CD4
.rodata	0x00001CD8	0x8	t_sce/t_sce.cpp	local	lbl_t_sce_rodata_1CD8	lbl_t_sce_rodata_1CD8
.rodata	0x00001CE0	0xC	t_sce/t_sce.cpp	local	lbl_t_sce_rodata_1CE0	lbl_t_sce_rodata_1CE0
.rodata	0x00001CEC	0x8	t_sce/t_sce.cpp	local	lbl_t_sce_rodata_1CEC	lbl_t_sce_rodata_1CEC
.rodata	0x00001CF4	0xC	t_sce/t_sce.cpp	local	lbl_t_sce_rodata_1CF4	lbl_t_sce_rodata_1CF4
.rodata	0x00001D00	0xC	t_sce/t_sce.cpp	local	lbl_t_sce_rodata_1D00	lbl_t_sce_rodata_1D00
.rodata	0x00001D0C	0x8	t_sce/t_sce.cpp	local	lbl_t_sce_rodata_1D0C	lbl_t_sce_rodata_1D0C
.rodata	0x00001D14	0x10	t_sce/t_sce.cpp	local	lbl_t_sce_rodata_1D14	lbl_t_sce_rodata_1D14
.rodata	0x00001D24	0x14	t_sce/t_sce.cpp	local	lbl_t_sce_rodata_1D24	lbl_t_sce_rodata_1D24
.rodata	0x00001D38	0x10	t_sce/t_sce.cpp	local	lbl_t_sce_rodata_1D38	lbl_t_sce_rodata_1D38
.rodata	0x00001D48	0xC	t_sce/t_sce.cpp	local	lbl_t_sce_rodata_1D48	lbl_t_sce_rodata_1D48
.rodata	0x00001D54	0x4	t_sce/t_sce.cpp	local	lbl_t_sce_rodata_1D54	lbl_t_sce_rodata_1D54
.rodata	0x00001D58	0x8	t_sce/t_sce.cpp	local	lbl_t_sce_rodata_1D58	lbl_t_sce_rodata_1D58
.rodata	0x00001D60	0xC	t_sce/t_sce.cpp	local	lbl_t_sce_rodata_1D60	lbl_t_sce_rodata_1D60
.rodata	0x00001D6C	0xC	t_sce/t_sce.cpp	local	lbl_t_sce_rodata_1D6C	lbl_t_sce_rodata_1D6C
.rodata	0x00001D78	0xC	t_sce/t_sce.cpp	local	lbl_t_sce_rodata_1D78	lbl_t_sce_rodata_1D78
.rodata	0x00001D84	0x10	t_sce/t_sce.cpp	local	lbl_t_sce_rodata_1D84	lbl_t_sce_rodata_1D84
.rodata	0x00001D94	0xC	t_sce/t_sce.cpp	local	lbl_t_sce_rodata_1D94	lbl_t_sce_rodata_1D94
.rodata	0x00001DA0	0xC	t_sce/t_sce.cpp	local	lbl_t_sce_rodata_1DA0	lbl_t_sce_rodata_1DA0
.rodata	0x00001DAC	0xC	t_sce/t_sce.cpp	local	lbl_t_sce_rodata_1DAC	lbl_t_sce_rodata_1DAC
.rodata	0x00001DB8	0xC	t_sce/t_sce.cpp	local	lbl_t_sce_rodata_1DB8	lbl_t_sce_rodata_1DB8
.rodata	0x00001DC4	0x8	t_sce/t_sce.cpp	local	lbl_t_sce_rodata_1DC4	lbl_t_sce_rodata_1DC4
.rodata	0x00001DCC	0x8	t_sce/t_sce.cpp	local	lbl_t_sce_rodata_1DCC	lbl_t_sce_rodata_1DCC
.rodata	0x00001DD4	0x8	t_sce/t_sce.cpp	local	lbl_t_sce_rodata_1DD4	lbl_t_sce_rodata_1DD4
.rodata	0x00001DDC	0x4	t_sce/t_sce.cpp	local	lbl_t_sce_rodata_1DDC	lbl_t_sce_rodata_1DDC
.rodata	0x00001DE0	0x4	t_sce/t_sce.cpp	local	lbl_t_sce_rodata_1DE0	lbl_t_sce_rodata_1DE0
.rodata	0x00001DE4	0x4	t_sce/t_sce.cpp	local	lbl_t_sce_rodata_1DE4	lbl_t_sce_rodata_1DE4
.rodata	0x00001DE8	0xC	t_sce/t_sce.cpp	local	lbl_t_sce_rodata_1DE8	lbl_t_sce_rodata_1DE8
.rodata	0x00001DF4	0x4	t_sce/t_sce.cpp	local	lbl_t_sce_rodata_1DF4	lbl_t_sce_rodata_1DF4
.rodata	0x00001DF8	0x8	t_sce/t_sce.cpp	local	lbl_t_sce_rodata_1DF8	lbl_t_sce_rodata_1DF8
.rodata	0x00001E00	0x4	t_sce/t_sce.cpp	local	lbl_t_sce_rodata_1E00	lbl_t_sce_rodata_1E00
.rodata	0x00001E04	0x4	t_sce/t_sce.cpp	local	lbl_t_sce_rodata_1E04	lbl_t_sce_rodata_1E04
.rodata	0x00001E08	0x8	t_sce/t_sce.cpp	local	lbl_t_sce_rodata_1E08	lbl_t_sce_rodata_1E08
.rodata	0x00001E10	0x8	t_sce/t_sce.cpp	local	lbl_t_sce_rodata_1E10	lbl_t_sce_rodata_1E10
.rodata	0x00001E18	0x4	t_sce/t_sce.cpp	local	lbl_t_sce_rodata_1E18	lbl_t_sce_rodata_1E18
.rodata	0x00001E1C	0xC	t_sce/t_sce.cpp	local	lbl_t_sce_rodata_1E1C	lbl_t_sce_rodata_1E1C
.rodata	0x00001E28	0x8	t_sce/t_sce.cpp	local	lbl_t_sce_rodata_1E28	lbl_t_sce_rodata_1E28
.rodata	0x00001E30	0x8	t_sce/t_sce.cpp	local	lbl_t_sce_rodata_1E30	lbl_t_sce_rodata_1E30
.rodata	0x00001E38	0x8	t_sce/t_sce.cpp	local	lbl_t_sce_rodata_1E38	lbl_t_sce_rodata_1E38
.rodata	0x00001E40	0x8	t_sce/t_sce.cpp	local	lbl_t_sce_rodata_1E40	lbl_t_sce_rodata_1E40
.rodata	0x00001E48	0x4	t_sce/t_sce.cpp	local	lbl_t_sce_rodata_1E48	lbl_t_sce_rodata_1E48
.rodata	0x00001E4C	0x54	t_sce/t_sce.cpp	local	lbl_t_sce_rodata_1E4C	lbl_t_sce_rodata_1E4C
.rodata	0x00001EA0	0x8	t_sce/t_sce.cpp	local	lbl_t_sce_rodata_1EA0	lbl_t_sce_rodata_1EA0
.rodata	0x00001EA8	0x8	t_sce/t_sce.cpp	local	lbl_t_sce_rodata_1EA8	lbl_t_sce_rodata_1EA8
.rodata	0x00001EB0	0xC	t_sce/t_sce.cpp	local	lbl_t_sce_rodata_1EB0	lbl_t_sce_rodata_1EB0
.rodata	0x00001EBC	0xC	t_sce/t_sce.cpp	local	lbl_t_sce_rodata_1EBC	lbl_t_sce_rodata_1EBC
.rodata	0x00001EC8	0x8	t_sce/t_sce.cpp	local	lbl_t_sce_rodata_1EC8	lbl_t_sce_rodata_1EC8
.rodata	0x00001ED0	0x8	t_sce/t_sce.cpp	local	lbl_t_sce_rodata_1ED0	lbl_t_sce_rodata_1ED0
.rodata	0x00001ED8	0xC	t_sce/t_sce.cpp	local	lbl_t_sce_rodata_1ED8	lbl_t_sce_rodata_1ED8
.rodata	0x00001EE4	0x8	t_sce/t_sce.cpp	local	lbl_t_sce_rodata_1EE4	lbl_t_sce_rodata_1EE4
.rodata	0x00001EEC	0x4	t_sce/t_sce.cpp	local	lbl_t_sce_rodata_1EEC	lbl_t_sce_rodata_1EEC
.rodata	0x00001EF0	0x8	t_sce/t_sce.cpp	local	lbl_t_sce_rodata_1EF0	lbl_t_sce_rodata_1EF0
.rodata	0x00001EF8	0x8	t_sce/t_sce.cpp	local	lbl_t_sce_rodata_1EF8	lbl_t_sce_rodata_1EF8
.rodata	0x00001F00	0xC	t_sce/t_sce.cpp	local	lbl_t_sce_rodata_1F00	lbl_t_sce_rodata_1F00
.rodata	0x00001F0C	0xC	t_sce/t_sce.cpp	local	lbl_t_sce_rodata_1F0C	lbl_t_sce_rodata_1F0C
.rodata	0x00001F18	0xC	t_sce/t_sce.cpp	local	lbl_t_sce_rodata_1F18	lbl_t_sce_rodata_1F18
.rodata	0x00001F24	0xC	t_sce/t_sce.cpp	local	lbl_t_sce_rodata_1F24	lbl_t_sce_rodata_1F24
.rodata	0x00001F30	0x10	t_sce/t_sce.cpp	local	lbl_t_sce_rodata_1F30	lbl_t_sce_rodata_1F30
.rodata	0x00001F40	0x10	t_sce/t_sce.cpp	local	lbl_t_sce_rodata_1F40	lbl_t_sce_rodata_1F40
.rodata	0x00001F50	0x10	t_sce/t_sce.cpp	local	lbl_t_sce_rodata_1F50	lbl_t_sce_rodata_1F50
.rodata	0x00001F60	0x10	t_sce/t_sce.cpp	local	lbl_t_sce_rodata_1F60	lbl_t_sce_rodata_1F60
.rodata	0x00001F70	0x10	t_sce/t_sce.cpp	local	lbl_t_sce_rodata_1F70	lbl_t_sce_rodata_1F70
.rodata	0x00001F80	0x10	t_sce/t_sce.cpp	local	lbl_t_sce_rodata_1F80	lbl_t_sce_rodata_1F80
.rodata	0x00001F90	0x10	t_sce/t_sce.cpp	local	lbl_t_sce_rodata_1F90	lbl_t_sce_rodata_1F90
.rodata	0x00001FA0	0x10	t_sce/t_sce.cpp	local	lbl_t_sce_rodata_1FA0	lbl_t_sce_rodata_1FA0
.rodata	0x00001FB0	0x14	t_sce/t_sce.cpp	local	lbl_t_sce_rodata_1FB0	lbl_t_sce_rodata_1FB0
.rodata	0x00001FC4	0x4	t_sce/t_sce.cpp	local	lbl_t_sce_rodata_1FC4	lbl_t_sce_rodata_1FC4
.rodata	0x00001FC8	0x4	t_sce/t_sce.cpp	local	lbl_t_sce_rodata_1FC8	lbl_t_sce_rodata_1FC8
.rodata	0x00001FCC	0x20	t_sce/t_sce.cpp	local	lbl_t_sce_rodata_1FCC	lbl_t_sce_rodata_1FCC
.rodata	0x00001FEC	0x8	t_sce/t_sce.cpp	local	lbl_t_sce_rodata_1FEC	lbl_t_sce_rodata_1FEC
.rodata	0x00001FF4	0x1C	t_sce/t_sce.cpp	local	lbl_t_sce_rodata_1FF4	lbl_t_sce_rodata_1FF4
.rodata	0x00002010	0x4	t_sce/t_sce.cpp	local	lbl_t_sce_rodata_2010	lbl_t_sce_rodata_2010
.rodata	0x00002014	0xC	t_sce/t_sce.cpp	local	lbl_t_sce_rodata_2014	lbl_t_sce_rodata_2014
.rodata	0x00002020	0xC	t_sce/t_sce.cpp	local	lbl_t_sce_rodata_2020	lbl_t_sce_rodata_2020
.rodata	0x0000202C	0xC	t_sce/t_sce.cpp	local	lbl_t_sce_rodata_202C	lbl_t_sce_rodata_202C
.rodata	0x00002038	0x10	t_sce/t_sce.cpp	local	lbl_t_sce_rodata_2038	lbl_t_sce_rodata_2038
.rodata	0x00002048	0x10	t_sce/t_sce.cpp	local	lbl_t_sce_rodata_2048	lbl_t_sce_rodata_2048
.rodata	0x00002058	0xC	t_sce/t_sce.cpp	local	lbl_t_sce_rodata_2058	lbl_t_sce_rodata_2058
.rodata	0x00002064	0xC	t_sce/t_sce.cpp	local	lbl_t_sce_rodata_2064	lbl_t_sce_rodata_2064
.rodata	0x00002070	0x10	t_sce/t_sce.cpp	local	lbl_t_sce_rodata_2070	lbl_t_sce_rodata_2070
.rodata	0x00002080	0x10	t_sce/t_sce.cpp	local	lbl_t_sce_rodata_2080	lbl_t_sce_rodata_2080
.rodata	0x00002090	0x10	t_sce/t_sce.cpp	local	lbl_t_sce_rodata_2090	lbl_t_sce_rodata_2090
.rodata	0x000020A0	0x10	t_sce/t_sce.cpp	local	lbl_t_sce_rodata_20A0	lbl_t_sce_rodata_20A0
.rodata	0x000020B0	0x10	t_sce/t_sce.cpp	local	lbl_t_sce_rodata_20B0	lbl_t_sce_rodata_20B0
.rodata	0x000020C0	0x10	t_sce/t_sce.cpp	local	lbl_t_sce_rodata_20C0	lbl_t_sce_rodata_20C0
.rodata	0x000020D0	0x10	t_sce/t_sce.cpp	local	lbl_t_sce_rodata_20D0	lbl_t_sce_rodata_20D0
.rodata	0x000020E0	0x10	t_sce/t_sce.cpp	local	lbl_t_sce_rodata_20E0	lbl_t_sce_rodata_20E0
.rodata	0x000020F0	0x8	t_sce/t_sce.cpp	local	lbl_t_sce_rodata_20F0	lbl_t_sce_rodata_20F0
.rodata	0x000020F8	0xC	t_sce/t_sce.cpp	local	lbl_t_sce_rodata_20F8	lbl_t_sce_rodata_20F8
.rodata	0x00002104	0x8	t_sce/t_sce.cpp	local	lbl_t_sce_rodata_2104	lbl_t_sce_rodata_2104
.rodata	0x0000210C	0xC	t_sce/t_sce.cpp	local	lbl_t_sce_rodata_210C	lbl_t_sce_rodata_210C
.rodata	0x00002118	0xC	t_sce/t_sce.cpp	local	lbl_t_sce_rodata_2118	lbl_t_sce_rodata_2118
.rodata	0x00002124	0x8	t_sce/t_sce.cpp	local	lbl_t_sce_rodata_2124	lbl_t_sce_rodata_2124
.rodata	0x0000212C	0x10	t_sce/t_sce.cpp	local	lbl_t_sce_rodata_212C	lbl_t_sce_rodata_212C
.rodata	0x0000213C	0x10	t_sce/t_sce.cpp	local	lbl_t_sce_rodata_213C	lbl_t_sce_rodata_213C
.rodata	0x0000214C	0x8	t_sce/t_sce.cpp	local	lbl_t_sce_rodata_214C	lbl_t_sce_rodata_214C
.rodata	0x00002154	0x8	t_sce/t_sce.cpp	local	lbl_t_sce_rodata_2154	lbl_t_sce_rodata_2154
.rodata	0x0000215C	0x8	t_sce/t_sce.cpp	local	lbl_t_sce_rodata_215C	lbl_t_sce_rodata_215C
.rodata	0x00002164	0x8	t_sce/t_sce.cpp	local	lbl_t_sce_rodata_2164	lbl_t_sce_rodata_2164
.rodata	0x0000216C	0x8	t_sce/t_sce.cpp	local	lbl_t_sce_rodata_216C	lbl_t_sce_rodata_216C
.rodata	0x00002174	0x4	t_sce/t_sce.cpp	local	lbl_t_sce_rodata_2174	lbl_t_sce_rodata_2174
.rodata	0x00002178	0x4	t_sce/t_sce.cpp	local	lbl_t_sce_rodata_2178	lbl_t_sce_rodata_2178
.rodata	0x0000217C	0x4	t_sce/t_sce.cpp	local	lbl_t_sce_rodata_217C	lbl_t_sce_rodata_217C
.rodata	0x00002180	0x4	t_sce/t_sce.cpp	local	lbl_t_sce_rodata_2180	lbl_t_sce_rodata_2180
.rodata	0x00002184	0x4	t_sce/t_sce.cpp	local	lbl_t_sce_rodata_2184	lbl_t_sce_rodata_2184
.rodata	0x00002188	0x4	t_sce/t_sce.cpp	local	lbl_t_sce_rodata_2188	lbl_t_sce_rodata_2188
.rodata	0x0000218C	0x4	t_sce/t_sce.cpp	local	lbl_t_sce_rodata_218C	lbl_t_sce_rodata_218C
.rodata	0x00002190	0x4	t_sce/t_sce.cpp	local	lbl_t_sce_rodata_2190	lbl_t_sce_rodata_2190
.rodata	0x00002194	0x4	t_sce/t_sce.cpp	local	lbl_t_sce_rodata_2194	lbl_t_sce_rodata_2194
.rodata	0x00002198	0x8	t_sce/t_sce.cpp	local	lbl_t_sce_rodata_2198	lbl_t_sce_rodata_2198
.rodata	0x000021A0	0x8	t_sce/t_sce.cpp	local	lbl_t_sce_rodata_21A0	lbl_t_sce_rodata_21A0
.rodata	0x000021A8	0xC	t_sce/t_sce.cpp	local	lbl_t_sce_rodata_21A8	lbl_t_sce_rodata_21A8
.rodata	0x000021B4	0x8	t_sce/t_sce.cpp	local	lbl_t_sce_rodata_21B4	lbl_t_sce_rodata_21B4
.rodata	0x000021BC	0x8	t_sce/t_sce.cpp	local	lbl_t_sce_rodata_21BC	lbl_t_sce_rodata_21BC
.rodata	0x000021C4	0xC	t_sce/t_sce.cpp	local	lbl_t_sce_rodata_21C4	lbl_t_sce_rodata_21C4
.rodata	0x000021D0	0x8	t_sce/t_sce.cpp	local	lbl_t_sce_rodata_21D0	lbl_t_sce_rodata_21D0
.rodata	0x000021D8	0xC	t_sce/t_sce.cpp	local	lbl_t_sce_rodata_21D8	lbl_t_sce_rodata_21D8
.rodata	0x000021E4	0xC	t_sce/t_sce.cpp	local	lbl_t_sce_rodata_21E4	lbl_t_sce_rodata_21E4
.rodata	0x000021F0	0x8	t_sce/t_sce.cpp	local	lbl_t_sce_rodata_21F0	lbl_t_sce_rodata_21F0
.rodata	0x000021F8	0x8	t_sce/t_sce.cpp	local	lbl_t_sce_rodata_21F8	lbl_t_sce_rodata_21F8
.rodata	0x00002200	0x8	t_sce/t_sce.cpp	local	lbl_t_sce_rodata_2200	lbl_t_sce_rodata_2200
.rodata	0x00002208	0x8	t_sce/t_sce.cpp	local	lbl_t_sce_rodata_2208	lbl_t_sce_rodata_2208
.rodata	0x00002210	0x8	t_sce/t_sce.cpp	local	lbl_t_sce_rodata_2210	lbl_t_sce_rodata_2210
.rodata	0x00002218	0x8	t_sce/t_sce.cpp	local	lbl_t_sce_rodata_2218	lbl_t_sce_rodata_2218
.rodata	0x00002220	0x8	t_sce/t_sce.cpp	local	lbl_t_sce_rodata_2220	lbl_t_sce_rodata_2220
.rodata	0x00002228	0xC	t_sce/t_sce.cpp	local	lbl_t_sce_rodata_2228	lbl_t_sce_rodata_2228
.rodata	0x00002234	0xC	t_sce/t_sce.cpp	local	lbl_t_sce_rodata_2234	lbl_t_sce_rodata_2234
.rodata	0x00002240	0x10	t_sce/t_sce.cpp	local	lbl_t_sce_rodata_2240	lbl_t_sce_rodata_2240
.rodata	0x00002250	0x10	t_sce/t_sce.cpp	local	lbl_t_sce_rodata_2250	lbl_t_sce_rodata_2250
.rodata	0x00002260	0xC	t_sce/t_sce.cpp	local	lbl_t_sce_rodata_2260	lbl_t_sce_rodata_2260
.rodata	0x0000226C	0x4	t_sce/t_sce.cpp	local	lbl_t_sce_rodata_226C	lbl_t_sce_rodata_226C
.rodata	0x00002270	0x4	t_sce/t_sce.cpp	local	lbl_t_sce_rodata_2270	lbl_t_sce_rodata_2270
.rodata	0x00002274	0xC	t_sce/t_sce.cpp	local	lbl_t_sce_rodata_2274	lbl_t_sce_rodata_2274
.rodata	0x00002280	0xC	t_sce/t_sce.cpp	local	lbl_t_sce_rodata_2280	lbl_t_sce_rodata_2280
.rodata	0x0000228C	0xC	t_sce/t_sce.cpp	local	lbl_t_sce_rodata_228C	lbl_t_sce_rodata_228C
.rodata	0x00002298	0x4	t_sce/t_sce.cpp	local	lbl_t_sce_rodata_2298	lbl_t_sce_rodata_2298
.rodata	0x0000229C	0x4	t_sce/t_sce.cpp	local	lbl_t_sce_rodata_229C	lbl_t_sce_rodata_229C
.rodata	0x000022A0	0x4	t_sce/t_sce.cpp	local	lbl_t_sce_rodata_22A0	lbl_t_sce_rodata_22A0
.rodata	0x000022A4	0x8	t_sce/t_sce.cpp	local	lbl_t_sce_rodata_22A4	lbl_t_sce_rodata_22A4
.rodata	0x000022AC	0xC	t_sce/t_sce.cpp	local	lbl_t_sce_rodata_22AC	lbl_t_sce_rodata_22AC
.rodata	0x000022B8	0x10	t_sce/t_sce.cpp	local	lbl_t_sce_rodata_22B8	lbl_t_sce_rodata_22B8
.rodata	0x000022C8	0x10	t_sce/t_sce.cpp	local	lbl_t_sce_rodata_22C8	lbl_t_sce_rodata_22C8
.rodata	0x000022D8	0x10	t_sce/t_sce.cpp	local	lbl_t_sce_rodata_22D8	lbl_t_sce_rodata_22D8
.rodata	0x000022E8	0x10	t_sce/t_sce.cpp	local	lbl_t_sce_rodata_22E8	lbl_t_sce_rodata_22E8
.rodata	0x000022F8	0x10	t_sce/t_sce.cpp	local	lbl_t_sce_rodata_22F8	lbl_t_sce_rodata_22F8
.rodata	0x00002308	0x8	t_sce/t_sce.cpp	local	lbl_t_sce_rodata_2308	lbl_t_sce_rodata_2308
.rodata	0x00002310	0x8	t_sce/t_sce.cpp	local	lbl_t_sce_rodata_2310	lbl_t_sce_rodata_2310
.rodata	0x00002318	0x8	t_sce/t_sce.cpp	local	lbl_t_sce_rodata_2318	lbl_t_sce_rodata_2318
.rodata	0x00002320	0x8	t_sce/t_sce.cpp	local	lbl_t_sce_rodata_2320	lbl_t_sce_rodata_2320
.rodata	0x00002328	0xC	t_sce/t_sce.cpp	local	lbl_t_sce_rodata_2328	lbl_t_sce_rodata_2328
.rodata	0x00002334	0xC	t_sce/t_sce.cpp	local	lbl_t_sce_rodata_2334	lbl_t_sce_rodata_2334
.rodata	0x00002340	0x10	t_sce/t_sce.cpp	local	lbl_t_sce_rodata_2340	lbl_t_sce_rodata_2340
.rodata	0x00002350	0x8	t_sce/t_sce.cpp	local	lbl_t_sce_rodata_2350	lbl_t_sce_rodata_2350
.rodata	0x00002358	0x4	t_sce/t_sce.cpp	local	lbl_t_sce_rodata_2358	lbl_t_sce_rodata_2358
.rodata	0x0000235C	0x4	t_sce/t_sce.cpp	local	lbl_t_sce_rodata_235C	lbl_t_sce_rodata_235C
.rodata	0x00002360	0x4	t_sce/t_sce.cpp	local	lbl_t_sce_rodata_2360	lbl_t_sce_rodata_2360
.rodata	0x00002364	0x4	t_sce/t_sce.cpp	local	lbl_t_sce_rodata_2364	lbl_t_sce_rodata_2364
.rodata	0x00002368	0xC	t_sce/t_sce.cpp	local	lbl_t_sce_rodata_2368	lbl_t_sce_rodata_2368
.rodata	0x00002374	0xC	t_sce/t_sce.cpp	local	lbl_t_sce_rodata_2374	lbl_t_sce_rodata_2374
.rodata	0x00002380	0xC	t_sce/t_sce.cpp	local	lbl_t_sce_rodata_2380	lbl_t_sce_rodata_2380
.rodata	0x0000238C	0xC	t_sce/t_sce.cpp	local	lbl_t_sce_rodata_238C	lbl_t_sce_rodata_238C
.rodata	0x00002398	0xC	t_sce/t_sce.cpp	local	lbl_t_sce_rodata_2398	lbl_t_sce_rodata_2398
.rodata	0x000023A4	0xC	t_sce/t_sce.cpp	local	lbl_t_sce_rodata_23A4	lbl_t_sce_rodata_23A4
.rodata	0x000023B0	0xC	t_sce/t_sce.cpp	local	lbl_t_sce_rodata_23B0	lbl_t_sce_rodata_23B0
.rodata	0x000023BC	0x8	t_sce/t_sce.cpp	local	lbl_t_sce_rodata_23BC	lbl_t_sce_rodata_23BC
.rodata	0x000023C4	0xC	t_sce/t_sce.cpp	local	lbl_t_sce_rodata_23C4	lbl_t_sce_rodata_23C4
.rodata	0x000023D0	0x8	t_sce/t_sce.cpp	local	lbl_t_sce_rodata_23D0	lbl_t_sce_rodata_23D0
.rodata	0x000023D8	0xC	t_sce/t_sce.cpp	local	lbl_t_sce_rodata_23D8	lbl_t_sce_rodata_23D8
.rodata	0x000023E4	0x10	t_sce/t_sce.cpp	local	lbl_t_sce_rodata_23E4	lbl_t_sce_rodata_23E4
.rodata	0x000023F4	0x10	t_sce/t_sce.cpp	local	lbl_t_sce_rodata_23F4	lbl_t_sce_rodata_23F4
.rodata	0x00002404	0x10	t_sce/t_sce.cpp	local	lbl_t_sce_rodata_2404	lbl_t_sce_rodata_2404
.rodata	0x00002414	0xC	t_sce/t_sce.cpp	local	lbl_t_sce_rodata_2414	lbl_t_sce_rodata_2414
.rodata	0x00002420	0x10	t_sce/t_sce.cpp	local	lbl_t_sce_rodata_2420	lbl_t_sce_rodata_2420
.rodata	0x00002430	0x10	t_sce/t_sce.cpp	local	lbl_t_sce_rodata_2430	lbl_t_sce_rodata_2430
.rodata	0x00002440	0xC	t_sce/t_sce.cpp	local	lbl_t_sce_rodata_2440	lbl_t_sce_rodata_2440
.rodata	0x0000244C	0x10	t_sce/t_sce.cpp	local	lbl_t_sce_rodata_244C	lbl_t_sce_rodata_244C
.rodata	0x0000245C	0x8	t_sce/t_sce.cpp	local	lbl_t_sce_rodata_245C	lbl_t_sce_rodata_245C
.rodata	0x00002464	0x8	t_sce/t_sce.cpp	local	lbl_t_sce_rodata_2464	lbl_t_sce_rodata_2464
.rodata	0x0000246C	0xC	t_sce/t_sce.cpp	local	lbl_t_sce_rodata_246C	lbl_t_sce_rodata_246C
.rodata	0x00002478	0x8	t_sce/t_sce.cpp	local	lbl_t_sce_rodata_2478	lbl_t_sce_rodata_2478
.rodata	0x00002480	0x8	t_sce/t_sce.cpp	local	lbl_t_sce_rodata_2480	lbl_t_sce_rodata_2480
.rodata	0x00002488	0xC	t_sce/t_sce.cpp	local	lbl_t_sce_rodata_2488	lbl_t_sce_rodata_2488
.rodata	0x00002494	0x4	t_sce/t_sce.cpp	local	lbl_t_sce_rodata_2494	lbl_t_sce_rodata_2494
.rodata	0x00002498	0x4	t_sce/t_sce.cpp	local	lbl_t_sce_rodata_2498	lbl_t_sce_rodata_2498
.rodata	0x0000249C	0x4	t_sce/t_sce.cpp	local	lbl_t_sce_rodata_249C	lbl_t_sce_rodata_249C
.rodata	0x000024A0	0x4	t_sce/t_sce.cpp	local	lbl_t_sce_rodata_24A0	lbl_t_sce_rodata_24A0
.rodata	0x000024A4	0x4	t_sce/t_sce.cpp	local	lbl_t_sce_rodata_24A4	lbl_t_sce_rodata_24A4
.rodata	0x000024A8	0x4	t_sce/t_sce.cpp	local	lbl_t_sce_rodata_24A8	lbl_t_sce_rodata_24A8
.rodata	0x000024AC	0x4	t_sce/t_sce.cpp	local	lbl_t_sce_rodata_24AC	lbl_t_sce_rodata_24AC
.rodata	0x000024B0	0x4	t_sce/t_sce.cpp	local	lbl_t_sce_rodata_24B0	lbl_t_sce_rodata_24B0
.rodata	0x000024B4	0x4	t_sce/t_sce.cpp	local	lbl_t_sce_rodata_24B4	lbl_t_sce_rodata_24B4
.rodata	0x000024B8	0x4	t_sce/t_sce.cpp	local	lbl_t_sce_rodata_24B8	lbl_t_sce_rodata_24B8
.rodata	0x000024BC	0x4	t_sce/t_sce.cpp	local	lbl_t_sce_rodata_24BC	lbl_t_sce_rodata_24BC
.rodata	0x000024C0	0x4	t_sce/t_sce.cpp	local	lbl_t_sce_rodata_24C0	lbl_t_sce_rodata_24C0
.rodata	0x000024C4	0xC	t_sce/t_sce.cpp	local	lbl_t_sce_rodata_24C4	lbl_t_sce_rodata_24C4
.rodata	0x000024D0	0x4	t_sce/t_sce.cpp	local	lbl_t_sce_rodata_24D0	lbl_t_sce_rodata_24D0
.rodata	0x000024D4	0x4	t_sce/t_sce.cpp	local	lbl_t_sce_rodata_24D4	lbl_t_sce_rodata_24D4
.rodata	0x000024D8	0x4	t_sce/t_sce.cpp	local	lbl_t_sce_rodata_24D8	lbl_t_sce_rodata_24D8
.rodata	0x000024DC	0x4	t_sce/t_sce.cpp	local	lbl_t_sce_rodata_24DC	lbl_t_sce_rodata_24DC
.rodata	0x000024E0	0xC	t_sce/t_sce.cpp	local	lbl_t_sce_rodata_24E0	lbl_t_sce_rodata_24E0
.rodata	0x000024EC	0xC	t_sce/t_sce.cpp	local	lbl_t_sce_rodata_24EC	lbl_t_sce_rodata_24EC
.rodata	0x000024F8	0x8	t_sce/t_sce.cpp	local	lbl_t_sce_rodata_24F8	lbl_t_sce_rodata_24F8
.rodata	0x00002500	0x10	t_sce/t_sce.cpp	local	lbl_t_sce_rodata_2500	lbl_t_sce_rodata_2500
.rodata	0x00002510	0x10	t_sce/t_sce.cpp	local	lbl_t_sce_rodata_2510	lbl_t_sce_rodata_2510
.rodata	0x00002520	0x10	t_sce/t_sce.cpp	local	lbl_t_sce_rodata_2520	lbl_t_sce_rodata_2520
.rodata	0x00002530	0x10	t_sce/t_sce.cpp	local	lbl_t_sce_rodata_2530	lbl_t_sce_rodata_2530
.rodata	0x00002540	0xC	t_sce/t_sce.cpp	local	lbl_t_sce_rodata_2540	lbl_t_sce_rodata_2540
.rodata	0x0000254C	0x10	t_sce/t_sce.cpp	local	lbl_t_sce_rodata_254C	lbl_t_sce_rodata_254C
.rodata	0x0000255C	0xC	t_sce/t_sce.cpp	local	lbl_t_sce_rodata_255C	lbl_t_sce_rodata_255C
.rodata	0x00002568	0xC	t_sce/t_sce.cpp	local	lbl_t_sce_rodata_2568	lbl_t_sce_rodata_2568
.rodata	0x00002574	0x8	t_sce/t_sce.cpp	local	lbl_t_sce_rodata_2574	lbl_t_sce_rodata_2574
.rodata	0x0000257C	0x8	t_sce/t_sce.cpp	local	lbl_t_sce_rodata_257C	lbl_t_sce_rodata_257C
.rodata	0x00002584	0x8	t_sce/t_sce.cpp	local	lbl_t_sce_rodata_2584	lbl_t_sce_rodata_2584
.rodata	0x0000258C	0x4	t_sce/t_sce.cpp	local	lbl_t_sce_rodata_258C	lbl_t_sce_rodata_258C
.rodata	0x00002590	0x4	t_sce/t_sce.cpp	local	lbl_t_sce_rodata_2590	lbl_t_sce_rodata_2590
.rodata	0x00002594	0x4	t_sce/t_sce.cpp	local	lbl_t_sce_rodata_2594	lbl_t_sce_rodata_2594
.rodata	0x00002598	0x4	t_sce/t_sce.cpp	local	lbl_t_sce_rodata_2598	lbl_t_sce_rodata_2598
.rodata	0x0000259C	0x4	t_sce/t_sce.cpp	local	lbl_t_sce_rodata_259C	lbl_t_sce_rodata_259C
.rodata	0x000025A0	0x4	t_sce/t_sce.cpp	local	lbl_t_sce_rodata_25A0	lbl_t_sce_rodata_25A0
.rodata	0x000025A4	0x4	t_sce/t_sce.cpp	local	lbl_t_sce_rodata_25A4	lbl_t_sce_rodata_25A4
.rodata	0x000025A8	0x4	t_sce/t_sce.cpp	local	lbl_t_sce_rodata_25A8	lbl_t_sce_rodata_25A8
.rodata	0x000025AC	0x4	t_sce/t_sce.cpp	local	lbl_t_sce_rodata_25AC	lbl_t_sce_rodata_25AC
.rodata	0x000025B0	0xC	t_sce/t_sce.cpp	local	lbl_t_sce_rodata_25B0	lbl_t_sce_rodata_25B0
.rodata	0x000025BC	0x4	t_sce/t_sce.cpp	local	lbl_t_sce_rodata_25BC	lbl_t_sce_rodata_25BC
.rodata	0x000025C0	0x4	t_sce/t_sce.cpp	local	lbl_t_sce_rodata_25C0	lbl_t_sce_rodata_25C0
.rodata	0x000025C4	0x4	t_sce/t_sce.cpp	local	lbl_t_sce_rodata_25C4	lbl_t_sce_rodata_25C4
.rodata	0x000025C8	0x4	t_sce/t_sce.cpp	local	lbl_t_sce_rodata_25C8	lbl_t_sce_rodata_25C8
.rodata	0x000025CC	0x4	t_sce/t_sce.cpp	local	lbl_t_sce_rodata_25CC	lbl_t_sce_rodata_25CC
.rodata	0x000025D0	0x4	t_sce/t_sce.cpp	local	lbl_t_sce_rodata_25D0	lbl_t_sce_rodata_25D0
.rodata	0x000025D4	0x4	t_sce/t_sce.cpp	local	lbl_t_sce_rodata_25D4	lbl_t_sce_rodata_25D4
.rodata	0x000025D8	0x8	t_sce/t_sce.cpp	local	lbl_t_sce_rodata_25D8	lbl_t_sce_rodata_25D8
.rodata	0x000025E0	0x4	t_sce/t_sce.cpp	local	lbl_t_sce_rodata_25E0	lbl_t_sce_rodata_25E0
.rodata	0x000025E4	0xC	t_sce/t_sce.cpp	local	lbl_t_sce_rodata_25E4	lbl_t_sce_rodata_25E4
.rodata	0x000025F0	0xC	t_sce/t_sce.cpp	local	lbl_t_sce_rodata_25F0	lbl_t_sce_rodata_25F0
.rodata	0x000025FC	0x10	t_sce/t_sce.cpp	local	lbl_t_sce_rodata_25FC	lbl_t_sce_rodata_25FC
.rodata	0x0000260C	0xC	t_sce/t_sce.cpp	local	lbl_t_sce_rodata_260C	lbl_t_sce_rodata_260C
.rodata	0x00002618	0x4	t_sce/t_sce.cpp	local	lbl_t_sce_rodata_2618	lbl_t_sce_rodata_2618
.rodata	0x0000261C	0x4	t_sce/t_sce.cpp	local	lbl_t_sce_rodata_261C	lbl_t_sce_rodata_261C
.rodata	0x00002620	0x4	t_sce/t_sce.cpp	local	lbl_t_sce_rodata_2620	lbl_t_sce_rodata_2620
.rodata	0x00002624	0x4	t_sce/t_sce.cpp	local	lbl_t_sce_rodata_2624	lbl_t_sce_rodata_2624
.rodata	0x00002628	0x4	t_sce/t_sce.cpp	local	lbl_t_sce_rodata_2628	lbl_t_sce_rodata_2628
.rodata	0x0000262C	0x4	t_sce/t_sce.cpp	local	lbl_t_sce_rodata_262C	lbl_t_sce_rodata_262C
.rodata	0x00002630	0x4	t_sce/t_sce.cpp	local	lbl_t_sce_rodata_2630	lbl_t_sce_rodata_2630
.rodata	0x00002634	0x4	t_sce/t_sce.cpp	local	lbl_t_sce_rodata_2634	lbl_t_sce_rodata_2634
.rodata	0x00002638	0x4	t_sce/t_sce.cpp	local	lbl_t_sce_rodata_2638	lbl_t_sce_rodata_2638
.rodata	0x0000263C	0x8	t_sce/t_sce.cpp	local	lbl_t_sce_rodata_263C	lbl_t_sce_rodata_263C
.rodata	0x00002644	0x10	t_sce/t_sce.cpp	local	lbl_t_sce_rodata_2644	lbl_t_sce_rodata_2644
.rodata	0x00002654	0x10	t_sce/t_sce.cpp	local	lbl_t_sce_rodata_2654	lbl_t_sce_rodata_2654
.rodata	0x00002664	0x10	t_sce/t_sce.cpp	local	lbl_t_sce_rodata_2664	lbl_t_sce_rodata_2664
.rodata	0x00002674	0x10	t_sce/t_sce.cpp	local	lbl_t_sce_rodata_2674	lbl_t_sce_rodata_2674
.rodata	0x00002684	0xC	t_sce/t_sce.cpp	local	lbl_t_sce_rodata_2684	lbl_t_sce_rodata_2684
.rodata	0x00002690	0x4	t_sce/t_sce.cpp	local	lbl_t_sce_rodata_2690	lbl_t_sce_rodata_2690
.rodata	0x00002694	0x4	t_sce/t_sce.cpp	local	lbl_t_sce_rodata_2694	lbl_t_sce_rodata_2694
.rodata	0x00002698	0x4	t_sce/t_sce.cpp	local	lbl_t_sce_rodata_2698	lbl_t_sce_rodata_2698
.rodata	0x0000269C	0x4	t_sce/t_sce.cpp	local	lbl_t_sce_rodata_269C	lbl_t_sce_rodata_269C
.rodata	0x000026A0	0x4	t_sce/t_sce.cpp	local	lbl_t_sce_rodata_26A0	lbl_t_sce_rodata_26A0
.rodata	0x000026A4	0x4	t_sce/t_sce.cpp	local	lbl_t_sce_rodata_26A4	lbl_t_sce_rodata_26A4
.rodata	0x000026A8	0x4	t_sce/t_sce.cpp	local	lbl_t_sce_rodata_26A8	lbl_t_sce_rodata_26A8
.rodata	0x000026AC	0x4	t_sce/t_sce.cpp	local	lbl_t_sce_rodata_26AC	lbl_t_sce_rodata_26AC
.rodata	0x000026B0	0x4	t_sce/t_sce.cpp	local	lbl_t_sce_rodata_26B0	lbl_t_sce_rodata_26B0
.rodata	0x000026B4	0x4	t_sce/t_sce.cpp	local	lbl_t_sce_rodata_26B4	lbl_t_sce_rodata_26B4
.rodata	0x000026B8	0x4	t_sce/t_sce.cpp	local	lbl_t_sce_rodata_26B8	lbl_t_sce_rodata_26B8
.rodata	0x000026BC	0x4	t_sce/t_sce.cpp	local	lbl_t_sce_rodata_26BC	lbl_t_sce_rodata_26BC
.rodata	0x000026C0	0x4	t_sce/t_sce.cpp	local	lbl_t_sce_rodata_26C0	lbl_t_sce_rodata_26C0
.rodata	0x000026C4	0x4	t_sce/t_sce.cpp	local	lbl_t_sce_rodata_26C4	lbl_t_sce_rodata_26C4
.rodata	0x000026C8	0x4	t_sce/t_sce.cpp	local	lbl_t_sce_rodata_26C8	lbl_t_sce_rodata_26C8
.rodata	0x000026CC	0x4	t_sce/t_sce.cpp	local	lbl_t_sce_rodata_26CC	lbl_t_sce_rodata_26CC
.rodata	0x000026D0	0x4	t_sce/t_sce.cpp	local	lbl_t_sce_rodata_26D0	lbl_t_sce_rodata_26D0
.rodata	0x000026D4	0x4	t_sce/t_sce.cpp	local	lbl_t_sce_rodata_26D4	lbl_t_sce_rodata_26D4
.rodata	0x000026D8	0x4	t_sce/t_sce.cpp	local	lbl_t_sce_rodata_26D8	lbl_t_sce_rodata_26D8
.rodata	0x000026DC	0x4	t_sce/t_sce.cpp	local	lbl_t_sce_rodata_26DC	lbl_t_sce_rodata_26DC
.rodata	0x000026E0	0x8	t_sce/t_sce.cpp	local	lbl_t_sce_rodata_26E0	lbl_t_sce_rodata_26E0
.rodata	0x000026E8	0x8	t_sce/t_sce.cpp	local	lbl_t_sce_rodata_26E8	lbl_t_sce_rodata_26E8
.rodata	0x000026F0	0xC	t_sce/t_sce.cpp	local	lbl_t_sce_rodata_26F0	lbl_t_sce_rodata_26F0
.rodata	0x000026FC	0xC	t_sce/t_sce.cpp	local	lbl_t_sce_rodata_26FC	lbl_t_sce_rodata_26FC
.rodata	0x00002708	0x4	t_sce/t_sce.cpp	local	lbl_t_sce_rodata_2708	lbl_t_sce_rodata_2708
.rodata	0x0000270C	0x14	t_sce/t_sce.cpp	local	lbl_t_sce_rodata_270C	lbl_t_sce_rodata_270C
.rodata	0x00002720	0x14	t_sce/t_sce.cpp	local	lbl_t_sce_rodata_2720	lbl_t_sce_rodata_2720
.rodata	0x00002734	0xC	t_sce/t_sce.cpp	local	lbl_t_sce_rodata_2734	lbl_t_sce_rodata_2734
.rodata	0x00002740	0xC	t_sce/t_sce.cpp	local	lbl_t_sce_rodata_2740	lbl_t_sce_rodata_2740
.rodata	0x0000274C	0x1C	t_sce/t_sce.cpp	local	lbl_t_sce_rodata_274C	lbl_t_sce_rodata_274C
.rodata	0x00002768	0x14	t_sce/t_sce.cpp	local	lbl_t_sce_rodata_2768	lbl_t_sce_rodata_2768
.rodata	0x0000277C	0x14	t_sce/t_sce.cpp	local	lbl_t_sce_rodata_277C	lbl_t_sce_rodata_277C
.rodata	0x00002790	0xC	t_sce/t_sce.cpp	local	lbl_t_sce_rodata_2790	lbl_t_sce_rodata_2790
.rodata	0x0000279C	0xC	t_sce/t_sce.cpp	local	lbl_t_sce_rodata_279C	lbl_t_sce_rodata_279C
.rodata	0x000027A8	0x10	t_sce/t_sce.cpp	local	lbl_t_sce_rodata_27A8	lbl_t_sce_rodata_27A8
.rodata	0x000027B8	0x4	t_sce/t_sce.cpp	local	lbl_t_sce_rodata_27B8	lbl_t_sce_rodata_27B8
.rodata	0x000027BC	0x4	t_sce/t_sce.cpp	local	lbl_t_sce_rodata_27BC	lbl_t_sce_rodata_27BC
.rodata	0x000027C0	0x4	t_sce/t_sce.cpp	local	lbl_t_sce_rodata_27C0	lbl_t_sce_rodata_27C0
.rodata	0x000027C4	0x4	t_sce/t_sce.cpp	local	lbl_t_sce_rodata_27C4	lbl_t_sce_rodata_27C4
.rodata	0x000027C8	0x4	t_sce/t_sce.cpp	local	lbl_t_sce_rodata_27C8	lbl_t_sce_rodata_27C8
.rodata	0x000027CC	0x8	t_sce/t_sce.cpp	local	lbl_t_sce_rodata_27CC	lbl_t_sce_rodata_27CC
.rodata	0x000027D4	0x8	t_sce/t_sce.cpp	local	lbl_t_sce_rodata_27D4	lbl_t_sce_rodata_27D4
.rodata	0x000027DC	0x8	t_sce/t_sce.cpp	local	lbl_t_sce_rodata_27DC	lbl_t_sce_rodata_27DC
.rodata	0x000027E4	0x20	t_sce/t_sce.cpp	local	lbl_t_sce_rodata_27E4	lbl_t_sce_rodata_27E4
.rodata	0x00002804	0x28	t_sce/t_sce.cpp	local	lbl_t_sce_rodata_2804	lbl_t_sce_rodata_2804
.rodata	0x0000282C	0x28	t_sce/t_sce.cpp	local	lbl_t_sce_rodata_282C	lbl_t_sce_rodata_282C
.rodata	0x00002854	0x38	t_sce/t_sce.cpp	local	lbl_t_sce_rodata_2854	lbl_t_sce_rodata_2854
.rodata	0x0000288C	0x28	t_sce/t_sce.cpp	local	lbl_t_sce_rodata_288C	lbl_t_sce_rodata_288C
.rodata	0x000028B4	0xB4	t_sce/t_sce.cpp	local	lbl_t_sce_rodata_28B4	lbl_t_sce_rodata_28B4
.rodata	0x00002968	0x18	t_sce/t_sce.cpp	local	lbl_t_sce_rodata_2968	lbl_t_sce_rodata_2968
.rodata	0x00002980	0x10	t_sce/t_sce.cpp	local	lbl_t_sce_rodata_2980	lbl_t_sce_rodata_2980
.rodata	0x00002990	0x18	t_sce/t_sce.cpp	local	lbl_t_sce_rodata_2990	lbl_t_sce_rodata_2990
.rodata	0x000029A8	0x24	t_sce/t_sce.cpp	local	lbl_t_sce_rodata_29A8	lbl_t_sce_rodata_29A8
.rodata	0x000029CC	0x24	t_sce/t_sce.cpp	local	lbl_t_sce_rodata_29CC	lbl_t_sce_rodata_29CC
.rodata	0x000029F0	0x24	t_sce/t_sce.cpp	local	lbl_t_sce_rodata_29F0	lbl_t_sce_rodata_29F0
.rodata	0x00002A14	0x4	t_sce/t_sce.cpp	local	lbl_t_sce_rodata_2A14	lbl_t_sce_rodata_2A14
.rodata	0x00002A18	0x4	t_sce/t_sce.cpp	local	lbl_t_sce_rodata_2A18	lbl_t_sce_rodata_2A18
.rodata	0x00002A1C	0x8	t_sce/t_sce.cpp	local	lbl_t_sce_rodata_2A1C	lbl_t_sce_rodata_2A1C
.rodata	0x00002A24	0xC	t_sce/t_sce.cpp	local	lbl_t_sce_rodata_2A24	lbl_t_sce_rodata_2A24
.rodata	0x00002A30	0x8	t_sce/t_sce.cpp	local	lbl_t_sce_rodata_2A30	lbl_t_sce_rodata_2A30
.rodata	0x00002A38	0xC	t_sce/t_sce.cpp	local	lbl_t_sce_rodata_2A38	lbl_t_sce_rodata_2A38
.rodata	0x00002A44	0xC	t_sce/t_sce.cpp	local	lbl_t_sce_rodata_2A44	lbl_t_sce_rodata_2A44
.rodata	0x00002A50	0x8	t_sce/t_sce.cpp	local	lbl_t_sce_rodata_2A50	lbl_t_sce_rodata_2A50
.rodata	0x00002A58	0x14	t_sce/t_sce.cpp	local	lbl_t_sce_rodata_2A58	lbl_t_sce_rodata_2A58
.rodata	0x00002A6C	0x14	t_sce/t_sce.cpp	local	lbl_t_sce_rodata_2A6C	lbl_t_sce_rodata_2A6C
.rodata	0x00002A80	0x10	t_sce/t_sce.cpp	local	lbl_t_sce_rodata_2A80	lbl_t_sce_rodata_2A80
.rodata	0x00002A90	0xC	t_sce/t_sce.cpp	local	lbl_t_sce_rodata_2A90	lbl_t_sce_rodata_2A90
.rodata	0x00002A9C	0xC	t_sce/t_sce.cpp	local	lbl_t_sce_rodata_2A9C	lbl_t_sce_rodata_2A9C
.rodata	0x00002AA8	0xC	t_sce/t_sce.cpp	local	lbl_t_sce_rodata_2AA8	lbl_t_sce_rodata_2AA8
.rodata	0x00002AB4	0x4	t_sce/t_sce.cpp	local	lbl_t_sce_rodata_2AB4	lbl_t_sce_rodata_2AB4
.rodata	0x00002AB8	0x8	t_sce/t_sce.cpp	local	lbl_t_sce_rodata_2AB8	lbl_t_sce_rodata_2AB8
.rodata	0x00002AC0	0x10	t_sce/t_sce.cpp	local	lbl_t_sce_rodata_2AC0	lbl_t_sce_rodata_2AC0
.rodata	0x00002AD0	0xC	t_sce/t_sce.cpp	local	lbl_t_sce_rodata_2AD0	lbl_t_sce_rodata_2AD0
.rodata	0x00002ADC	0xC	t_sce/t_sce.cpp	local	lbl_t_sce_rodata_2ADC	lbl_t_sce_rodata_2ADC
.rodata	0x00002AE8	0x10	t_sce/t_sce.cpp	local	lbl_t_sce_rodata_2AE8	lbl_t_sce_rodata_2AE8
.rodata	0x00002AF8	0xC	t_sce/t_sce.cpp	local	lbl_t_sce_rodata_2AF8	lbl_t_sce_rodata_2AF8
.rodata	0x00002B04	0xC	t_sce/t_sce.cpp	local	lbl_t_sce_rodata_2B04	lbl_t_sce_rodata_2B04
.rodata	0x00002B10	0xC	t_sce/t_sce.cpp	local	lbl_t_sce_rodata_2B10	lbl_t_sce_rodata_2B10
.rodata	0x00002B1C	0xC	t_sce/t_sce.cpp	local	lbl_t_sce_rodata_2B1C	lbl_t_sce_rodata_2B1C
.rodata	0x00002B28	0x8	t_sce/t_sce.cpp	local	lbl_t_sce_rodata_2B28	lbl_t_sce_rodata_2B28
.rodata	0x00002B30	0x8	t_sce/t_sce.cpp	local	lbl_t_sce_rodata_2B30	lbl_t_sce_rodata_2B30
.rodata	0x00002B38	0x8	t_sce/t_sce.cpp	local	lbl_t_sce_rodata_2B38	lbl_t_sce_rodata_2B38
.rodata	0x00002B40	0x4	t_sce/t_sce.cpp	local	lbl_t_sce_rodata_2B40	lbl_t_sce_rodata_2B40
.rodata	0x00002B44	0x4	t_sce/t_sce.cpp	local	lbl_t_sce_rodata_2B44	lbl_t_sce_rodata_2B44
.rodata	0x00002B48	0x4	t_sce/t_sce.cpp	local	lbl_t_sce_rodata_2B48	lbl_t_sce_rodata_2B48
.rodata	0x00002B4C	0xC	t_sce/t_sce.cpp	local	lbl_t_sce_rodata_2B4C	lbl_t_sce_rodata_2B4C
.rodata	0x00002B58	0x8	t_sce/t_sce.cpp	local	lbl_t_sce_rodata_2B58	lbl_t_sce_rodata_2B58
.rodata	0x00002B60	0x8	t_sce/t_sce.cpp	local	lbl_t_sce_rodata_2B60	lbl_t_sce_rodata_2B60
.rodata	0x00002B68	0x4	t_sce/t_sce.cpp	local	lbl_t_sce_rodata_2B68	lbl_t_sce_rodata_2B68
.rodata	0x00002B6C	0x4	t_sce/t_sce.cpp	local	lbl_t_sce_rodata_2B6C	lbl_t_sce_rodata_2B6C
.rodata	0x00002B70	0x8	t_sce/t_sce.cpp	local	lbl_t_sce_rodata_2B70	lbl_t_sce_rodata_2B70
.rodata	0x00002B78	0x8	t_sce/t_sce.cpp	local	lbl_t_sce_rodata_2B78	lbl_t_sce_rodata_2B78
.rodata	0x00002B80	0x4	t_sce/t_sce.cpp	local	lbl_t_sce_rodata_2B80	lbl_t_sce_rodata_2B80
.rodata	0x00002B84	0xC	t_sce/t_sce.cpp	local	lbl_t_sce_rodata_2B84	lbl_t_sce_rodata_2B84
.rodata	0x00002B90	0x8	t_sce/t_sce.cpp	local	lbl_t_sce_rodata_2B90	lbl_t_sce_rodata_2B90
.rodata	0x00002B98	0x8	t_sce/t_sce.cpp	local	lbl_t_sce_rodata_2B98	lbl_t_sce_rodata_2B98
.rodata	0x00002BA0	0x8	t_sce/t_sce.cpp	local	lbl_t_sce_rodata_2BA0	lbl_t_sce_rodata_2BA0
.rodata	0x00002BA8	0x8	t_sce/t_sce.cpp	local	lbl_t_sce_rodata_2BA8	lbl_t_sce_rodata_2BA8
.rodata	0x00002BB0	0x4	t_sce/t_sce.cpp	local	lbl_t_sce_rodata_2BB0	lbl_t_sce_rodata_2BB0
.rodata	0x00002BB4	0x4	t_sce/t_sce.cpp	local	lbl_t_sce_rodata_2BB4	lbl_t_sce_rodata_2BB4
.rodata	0x00002BB8	0x4	t_sce/t_sce.cpp	local	lbl_t_sce_rodata_2BB8	lbl_t_sce_rodata_2BB8
.rodata	0x00002BBC	0x4	t_sce/t_sce.cpp	local	lbl_t_sce_rodata_2BBC	lbl_t_sce_rodata_2BBC
.rodata	0x00002BC0	0x8	t_sce/t_sce.cpp	local	lbl_t_sce_rodata_2BC0	lbl_t_sce_rodata_2BC0
.rodata	0x00002BC8	0x8	t_sce/t_sce.cpp	local	lbl_t_sce_rodata_2BC8	lbl_t_sce_rodata_2BC8
.rodata	0x00002BD0	0xC	t_sce/t_sce.cpp	local	lbl_t_sce_rodata_2BD0	lbl_t_sce_rodata_2BD0
.rodata	0x00002BDC	0xC	t_sce/t_sce.cpp	local	lbl_t_sce_rodata_2BDC	lbl_t_sce_rodata_2BDC
.rodata	0x00002BE8	0x14	t_sce/t_sce.cpp	local	lbl_t_sce_rodata_2BE8	lbl_t_sce_rodata_2BE8
.rodata	0x00002BFC	0x4	t_sce/t_sce.cpp	local	lbl_t_sce_rodata_2BFC	lbl_t_sce_rodata_2BFC
.rodata	0x00002C00	0x4	t_sce/t_sce.cpp	local	lbl_t_sce_rodata_2C00	lbl_t_sce_rodata_2C00
.rodata	0x00002C04	0x8	t_sce/t_sce.cpp	local	lbl_t_sce_rodata_2C04	lbl_t_sce_rodata_2C04
.rodata	0x00002C0C	0x1C	t_sce/t_sce.cpp	local	lbl_t_sce_rodata_2C0C	lbl_t_sce_rodata_2C0C
.rodata	0x00002C28	0xC	t_sce/t_sce.cpp	local	lbl_t_sce_rodata_2C28	lbl_t_sce_rodata_2C28
.rodata	0x00002C34	0xC	t_sce/t_sce.cpp	local	lbl_t_sce_rodata_2C34	lbl_t_sce_rodata_2C34
.rodata	0x00002C40	0xC	t_sce/t_sce.cpp	local	lbl_t_sce_rodata_2C40	lbl_t_sce_rodata_2C40
.rodata	0x00002C4C	0xC	t_sce/t_sce.cpp	local	lbl_t_sce_rodata_2C4C	lbl_t_sce_rodata_2C4C
.rodata	0x00002C58	0xC	t_sce/t_sce.cpp	local	lbl_t_sce_rodata_2C58	lbl_t_sce_rodata_2C58
.rodata	0x00002C64	0xC	t_sce/t_sce.cpp	local	lbl_t_sce_rodata_2C64	lbl_t_sce_rodata_2C64
.rodata	0x00002C70	0xC	t_sce/t_sce.cpp	local	lbl_t_sce_rodata_2C70	lbl_t_sce_rodata_2C70
.rodata	0x00002C7C	0xC	t_sce/t_sce.cpp	local	lbl_t_sce_rodata_2C7C	lbl_t_sce_rodata_2C7C
.rodata	0x00002C88	0x10	t_sce/t_sce.cpp	local	lbl_t_sce_rodata_2C88	lbl_t_sce_rodata_2C88
.rodata	0x00002C98	0x10	t_sce/t_sce.cpp	local	lbl_t_sce_rodata_2C98	lbl_t_sce_rodata_2C98
.rodata	0x00002CA8	0x10	t_sce/t_sce.cpp	local	lbl_t_sce_rodata_2CA8	lbl_t_sce_rodata_2CA8
.rodata	0x00002CB8	0x10	t_sce/t_sce.cpp	local	lbl_t_sce_rodata_2CB8	lbl_t_sce_rodata_2CB8
.rodata	0x00002CC8	0x10	t_sce/t_sce.cpp	local	lbl_t_sce_rodata_2CC8	lbl_t_sce_rodata_2CC8
.rodata	0x00002CD8	0xC	t_sce/t_sce.cpp	local	lbl_t_sce_rodata_2CD8	lbl_t_sce_rodata_2CD8
.rodata	0x00002CE4	0xC	t_sce/t_sce.cpp	local	lbl_t_sce_rodata_2CE4	lbl_t_sce_rodata_2CE4
.rodata	0x00002CF0	0xC	t_sce/t_sce.cpp	local	lbl_t_sce_rodata_2CF0	lbl_t_sce_rodata_2CF0
.rodata	0x00002CFC	0x8	t_sce/t_sce.cpp	local	lbl_t_sce_rodata_2CFC	lbl_t_sce_rodata_2CFC
.rodata	0x00002D04	0xC	t_sce/t_sce.cpp	local	lbl_t_sce_rodata_2D04	lbl_t_sce_rodata_2D04
.rodata	0x00002D10	0xC	t_sce/t_sce.cpp	local	lbl_t_sce_rodata_2D10	lbl_t_sce_rodata_2D10
.rodata	0x00002D1C	0xC	t_sce/t_sce.cpp	local	lbl_t_sce_rodata_2D1C	lbl_t_sce_rodata_2D1C
.rodata	0x00002D28	0xC	t_sce/t_sce.cpp	local	lbl_t_sce_rodata_2D28	lbl_t_sce_rodata_2D28
.rodata	0x00002D34	0xC	t_sce/t_sce.cpp	local	lbl_t_sce_rodata_2D34	lbl_t_sce_rodata_2D34
.rodata	0x00002D40	0x8	t_sce/t_sce.cpp	local	lbl_t_sce_rodata_2D40	lbl_t_sce_rodata_2D40
.rodata	0x00002D48	0xC	t_sce/t_sce.cpp	local	lbl_t_sce_rodata_2D48	lbl_t_sce_rodata_2D48
.rodata	0x00002D54	0xC	t_sce/t_sce.cpp	local	lbl_t_sce_rodata_2D54	lbl_t_sce_rodata_2D54
.rodata	0x00002D60	0xC	t_sce/t_sce.cpp	local	lbl_t_sce_rodata_2D60	lbl_t_sce_rodata_2D60
.rodata	0x00002D6C	0xC	t_sce/t_sce.cpp	local	lbl_t_sce_rodata_2D6C	lbl_t_sce_rodata_2D6C
.rodata	0x00002D78	0xC	t_sce/t_sce.cpp	local	lbl_t_sce_rodata_2D78	lbl_t_sce_rodata_2D78
.rodata	0x00002D84	0x8	t_sce/t_sce.cpp	local	lbl_t_sce_rodata_2D84	lbl_t_sce_rodata_2D84
.rodata	0x00002D8C	0x10	t_sce/t_sce.cpp	local	lbl_t_sce_rodata_2D8C	lbl_t_sce_rodata_2D8C
.rodata	0x00002D9C	0x10	t_sce/t_sce.cpp	local	lbl_t_sce_rodata_2D9C	lbl_t_sce_rodata_2D9C
.rodata	0x00002DAC	0xC	t_sce/t_sce.cpp	local	lbl_t_sce_rodata_2DAC	lbl_t_sce_rodata_2DAC
.rodata	0x00002DB8	0xC	t_sce/t_sce.cpp	local	lbl_t_sce_rodata_2DB8	lbl_t_sce_rodata_2DB8
.rodata	0x00002DC4	0x8	t_sce/t_sce.cpp	local	lbl_t_sce_rodata_2DC4	lbl_t_sce_rodata_2DC4
.rodata	0x00002DCC	0xC	t_sce/t_sce.cpp	local	lbl_t_sce_rodata_2DCC	lbl_t_sce_rodata_2DCC
.rodata	0x00002DD8	0xC	t_sce/t_sce.cpp	local	lbl_t_sce_rodata_2DD8	lbl_t_sce_rodata_2DD8
.rodata	0x00002DE4	0x8	t_sce/t_sce.cpp	local	lbl_t_sce_rodata_2DE4	lbl_t_sce_rodata_2DE4
.rodata	0x00002DEC	0x8	t_sce/t_sce.cpp	local	lbl_t_sce_rodata_2DEC	lbl_t_sce_rodata_2DEC
.rodata	0x00002DF4	0x8	t_sce/t_sce.cpp	local	lbl_t_sce_rodata_2DF4	lbl_t_sce_rodata_2DF4
.rodata	0x00002DFC	0x10	t_sce/t_sce.cpp	local	lbl_t_sce_rodata_2DFC	lbl_t_sce_rodata_2DFC
.rodata	0x00002E0C	0x4	t_sce/t_sce.cpp	local	lbl_t_sce_rodata_2E0C	lbl_t_sce_rodata_2E0C
.rodata	0x00002E10	0x4	t_sce/t_sce.cpp	local	lbl_t_sce_rodata_2E10	lbl_t_sce_rodata_2E10
.rodata	0x00002E14	0x4	t_sce/t_sce.cpp	local	lbl_t_sce_rodata_2E14	lbl_t_sce_rodata_2E14
.rodata	0x00002E18	0xC	t_sce/t_sce.cpp	local	lbl_t_sce_rodata_2E18	lbl_t_sce_rodata_2E18
.rodata	0x00002E24	0x8	t_sce/t_sce.cpp	local	lbl_t_sce_rodata_2E24	lbl_t_sce_rodata_2E24
.rodata	0x00002E2C	0x4	t_sce/t_sce.cpp	local	lbl_t_sce_rodata_2E2C	lbl_t_sce_rodata_2E2C
.rodata	0x00002E30	0x8	t_sce/t_sce.cpp	local	lbl_t_sce_rodata_2E30	lbl_t_sce_rodata_2E30
.rodata	0x00002E38	0x4	t_sce/t_sce.cpp	local	lbl_t_sce_rodata_2E38	lbl_t_sce_rodata_2E38
.rodata	0x00002E3C	0x8	t_sce/t_sce.cpp	local	lbl_t_sce_rodata_2E3C	lbl_t_sce_rodata_2E3C
.rodata	0x00002E44	0x4	t_sce/t_sce.cpp	local	lbl_t_sce_rodata_2E44	lbl_t_sce_rodata_2E44
.rodata	0x00002E48	0x4	t_sce/t_sce.cpp	local	lbl_t_sce_rodata_2E48	lbl_t_sce_rodata_2E48
.rodata	0x00002E4C	0x4	t_sce/t_sce.cpp	local	lbl_t_sce_rodata_2E4C	lbl_t_sce_rodata_2E4C
.rodata	0x00002E50	0x4	t_sce/t_sce.cpp	local	lbl_t_sce_rodata_2E50	lbl_t_sce_rodata_2E50
.rodata	0x00002E54	0x4	t_sce/t_sce.cpp	local	lbl_t_sce_rodata_2E54	lbl_t_sce_rodata_2E54
.rodata	0x00002E58	0x4	t_sce/t_sce.cpp	local	lbl_t_sce_rodata_2E58	lbl_t_sce_rodata_2E58
.rodata	0x00002E5C	0x14	t_sce/t_sce.cpp	local	lbl_t_sce_rodata_2E5C	lbl_t_sce_rodata_2E5C
.rodata	0x00002E70	0x14	t_sce/t_sce.cpp	local	lbl_t_sce_rodata_2E70	lbl_t_sce_rodata_2E70
.rodata	0x00002E84	0x14	t_sce/t_sce.cpp	local	lbl_t_sce_rodata_2E84	lbl_t_sce_rodata_2E84
.rodata	0x00002E98	0x4	t_sce/t_sce.cpp	local	lbl_t_sce_rodata_2E98	lbl_t_sce_rodata_2E98
.rodata	0x00002E9C	0x4	t_sce/t_sce.cpp	local	lbl_t_sce_rodata_2E9C	lbl_t_sce_rodata_2E9C
.rodata	0x00002EA0	0x4	t_sce/t_sce.cpp	local	lbl_t_sce_rodata_2EA0	lbl_t_sce_rodata_2EA0
.rodata	0x00002EA4	0x4	t_sce/t_sce.cpp	local	lbl_t_sce_rodata_2EA4	lbl_t_sce_rodata_2EA4
.rodata	0x00002EA8	0x4	t_sce/t_sce.cpp	local	lbl_t_sce_rodata_2EA8	lbl_t_sce_rodata_2EA8
.rodata	0x00002EAC	0x8	t_sce/t_sce.cpp	local	lbl_t_sce_rodata_2EAC	lbl_t_sce_rodata_2EAC
.rodata	0x00002EB4	0x8	t_sce/t_sce.cpp	local	lbl_t_sce_rodata_2EB4	lbl_t_sce_rodata_2EB4
.rodata	0x00002EBC	0xC	t_sce/t_sce.cpp	local	lbl_t_sce_rodata_2EBC	lbl_t_sce_rodata_2EBC
.rodata	0x00002EC8	0xC	t_sce/t_sce.cpp	local	lbl_t_sce_rodata_2EC8	lbl_t_sce_rodata_2EC8
.rodata	0x00002ED4	0x4	t_sce/t_sce.cpp	local	lbl_t_sce_rodata_2ED4	lbl_t_sce_rodata_2ED4
.rodata	0x00002ED8	0x14	t_sce/t_sce.cpp	local	lbl_t_sce_rodata_2ED8	lbl_t_sce_rodata_2ED8
.rodata	0x00002EEC	0x14	t_sce/t_sce.cpp	local	lbl_t_sce_rodata_2EEC	lbl_t_sce_rodata_2EEC
.rodata	0x00002F00	0xC	t_sce/t_sce.cpp	local	lbl_t_sce_rodata_2F00	lbl_t_sce_rodata_2F00
.rodata	0x00002F0C	0xC	t_sce/t_sce.cpp	local	lbl_t_sce_rodata_2F0C	lbl_t_sce_rodata_2F0C
.rodata	0x00002F18	0x14	t_sce/t_sce.cpp	local	lbl_t_sce_rodata_2F18	lbl_t_sce_rodata_2F18
.rodata	0x00002F2C	0x14	t_sce/t_sce.cpp	local	lbl_t_sce_rodata_2F2C	lbl_t_sce_rodata_2F2C
.rodata	0x00002F40	0x1C	t_sce/t_sce.cpp	local	lbl_t_sce_rodata_2F40	lbl_t_sce_rodata_2F40
.rodata	0x00002F5C	0x2C	t_sce/t_sce.cpp	local	lbl_t_sce_rodata_2F5C	lbl_t_sce_rodata_2F5C
.rodata	0x00002F88	0xC	t_sce/t_sce.cpp	local	lbl_t_sce_rodata_2F88	lbl_t_sce_rodata_2F88
.rodata	0x00002F94	0x2C	t_sce/t_sce.cpp	local	lbl_t_sce_rodata_2F94	lbl_t_sce_rodata_2F94
.rodata	0x00002FC0	0xC	t_sce/t_sce.cpp	local	lbl_t_sce_rodata_2FC0	lbl_t_sce_rodata_2FC0
.rodata	0x00002FCC	0xC	t_sce/t_sce.cpp	local	lbl_t_sce_rodata_2FCC	lbl_t_sce_rodata_2FCC
.rodata	0x00002FD8	0x14	t_sce/t_sce.cpp	local	lbl_t_sce_rodata_2FD8	lbl_t_sce_rodata_2FD8
.rodata	0x00002FEC	0x1C	t_sce/t_sce.cpp	local	lbl_t_sce_rodata_2FEC	lbl_t_sce_rodata_2FEC
.rodata	0x00003008	0x20	t_sce/t_sce.cpp	local	lbl_t_sce_rodata_3008	lbl_t_sce_rodata_3008
.rodata	0x00003028	0x20	t_sce/t_sce.cpp	local	lbl_t_sce_rodata_3028	lbl_t_sce_rodata_3028
.rodata	0x00003048	0x20	t_sce/t_sce.cpp	local	lbl_t_sce_rodata_3048	lbl_t_sce_rodata_3048
.rodata	0x00003068	0x20	t_sce/t_sce.cpp	local	lbl_t_sce_rodata_3068	lbl_t_sce_rodata_3068
.rodata	0x00003088	0x24	t_sce/t_sce.cpp	local	lbl_t_sce_rodata_3088	lbl_t_sce_rodata_3088
.rodata	0x000030AC	0x28	t_sce/t_sce.cpp	local	lbl_t_sce_rodata_30AC	lbl_t_sce_rodata_30AC
.rodata	0x000030D4	0xC	t_sce/t_sce.cpp	local	lbl_t_sce_rodata_30D4	lbl_t_sce_rodata_30D4
.rodata	0x000030E0	0xC	t_sce/t_sce.cpp	local	lbl_t_sce_rodata_30E0	lbl_t_sce_rodata_30E0
.rodata	0x000030EC	0x20	t_sce/t_sce.cpp	local	lbl_t_sce_rodata_30EC	lbl_t_sce_rodata_30EC
.rodata	0x0000310C	0xC	t_sce/t_sce.cpp	local	lbl_t_sce_rodata_310C	lbl_t_sce_rodata_310C
.rodata	0x00003118	0xC	t_sce/t_sce.cpp	local	lbl_t_sce_rodata_3118	lbl_t_sce_rodata_3118
.rodata	0x00003124	0x10	t_sce/t_sce.cpp	local	lbl_t_sce_rodata_3124	lbl_t_sce_rodata_3124
.rodata	0x00003134	0x4	t_sce/t_sce.cpp	local	lbl_t_sce_rodata_3134	lbl_t_sce_rodata_3134
.rodata	0x00003138	0x4	t_sce/t_sce.cpp	local	lbl_t_sce_rodata_3138	lbl_t_sce_rodata_3138
.rodata	0x0000313C	0x4	t_sce/t_sce.cpp	local	lbl_t_sce_rodata_313C	lbl_t_sce_rodata_313C
.rodata	0x00003140	0x4	t_sce/t_sce.cpp	local	lbl_t_sce_rodata_3140	lbl_t_sce_rodata_3140
.rodata	0x00003144	0x4	t_sce/t_sce.cpp	local	lbl_t_sce_rodata_3144	lbl_t_sce_rodata_3144
.rodata	0x00003148	0x8	t_sce/t_sce.cpp	local	lbl_t_sce_rodata_3148	lbl_t_sce_rodata_3148
.rodata	0x00003150	0xC	t_sce/t_sce.cpp	local	lbl_t_sce_rodata_3150	lbl_t_sce_rodata_3150
.rodata	0x0000315C	0x4	t_sce/t_sce.cpp	local	lbl_t_sce_rodata_315C	lbl_t_sce_rodata_315C
.rodata	0x00003160	0x14	t_sce/t_sce.cpp	local	lbl_t_sce_rodata_3160	lbl_t_sce_rodata_3160
.rodata	0x00003174	0x8	t_sce/t_sce.cpp	local	lbl_t_sce_rodata_3174	lbl_t_sce_rodata_3174
.rodata	0x0000317C	0x28	t_sce/t_sce.cpp	local	lbl_t_sce_rodata_317C	lbl_t_sce_rodata_317C
.rodata	0x000031A4	0x28	t_sce/t_sce.cpp	local	lbl_t_sce_rodata_31A4	lbl_t_sce_rodata_31A4
.rodata	0x000031CC	0x38	t_sce/t_sce.cpp	local	lbl_t_sce_rodata_31CC	lbl_t_sce_rodata_31CC
.rodata	0x00003204	0x28	t_sce/t_sce.cpp	local	lbl_t_sce_rodata_3204	lbl_t_sce_rodata_3204
.rodata	0x0000322C	0x64	t_sce/t_sce.cpp	local	lbl_t_sce_rodata_322C	lbl_t_sce_rodata_322C
.rodata	0x00003290	0x4	t_sce/t_sce.cpp	local	lbl_t_sce_rodata_3290	lbl_t_sce_rodata_3290
.rodata	0x00003294	0x20	t_sce/t_sce.cpp	local	lbl_t_sce_rodata_3294	lbl_t_sce_rodata_3294
.rodata	0x000032B4	0x4	t_sce/t_sce.cpp	local	lbl_t_sce_rodata_32B4	lbl_t_sce_rodata_32B4
.rodata	0x000032B8	0x4	t_sce/t_sce.cpp	local	lbl_t_sce_rodata_32B8	lbl_t_sce_rodata_32B8
.rodata	0x000032BC	0x28	t_sce/t_sce.cpp	local	lbl_t_sce_rodata_32BC	lbl_t_sce_rodata_32BC
.rodata	0x000032E4	0x28	t_sce/t_sce.cpp	local	lbl_t_sce_rodata_32E4	lbl_t_sce_rodata_32E4
.rodata	0x0000330C	0x38	t_sce/t_sce.cpp	local	lbl_t_sce_rodata_330C	lbl_t_sce_rodata_330C
.rodata	0x00003344	0x28	t_sce/t_sce.cpp	local	lbl_t_sce_rodata_3344	lbl_t_sce_rodata_3344
.rodata	0x0000336C	0x1C	t_sce/t_sce.cpp	local	lbl_t_sce_rodata_336C	lbl_t_sce_rodata_336C
.rodata	0x00003388	0xC	t_sce/t_sce.cpp	local	lbl_t_sce_rodata_3388	lbl_t_sce_rodata_3388
.rodata	0x00003394	0xC	t_sce/t_sce.cpp	local	lbl_t_sce_rodata_3394	lbl_t_sce_rodata_3394
.rodata	0x000033A0	0x10	t_sce/t_sce.cpp	local	lbl_t_sce_rodata_33A0	lbl_t_sce_rodata_33A0
.rodata	0x000033B0	0x10	t_sce/t_sce.cpp	local	lbl_t_sce_rodata_33B0	lbl_t_sce_rodata_33B0
.rodata	0x000033C0	0x9C	t_sce/t_sce.cpp	local	lbl_t_sce_rodata_33C0	lbl_t_sce_rodata_33C0
.rodata	0x0000345C	0x28	t_sce/t_sce.cpp	local	lbl_t_sce_rodata_345C	lbl_t_sce_rodata_345C
.rodata	0x00003484	0x28	t_sce/t_sce.cpp	local	lbl_t_sce_rodata_3484	lbl_t_sce_rodata_3484
.rodata	0x000034AC	0x38	t_sce/t_sce.cpp	local	lbl_t_sce_rodata_34AC	lbl_t_sce_rodata_34AC
.rodata	0x000034E4	0x28	t_sce/t_sce.cpp	local	lbl_t_sce_rodata_34E4	lbl_t_sce_rodata_34E4
.rodata	0x0000350C	0x1C	t_sce/t_sce.cpp	local	lbl_t_sce_rodata_350C	lbl_t_sce_rodata_350C
.data	0x00000000	0x28	t_sce/t_sce.cpp	global	lbl_t_sce_data_0	lbl_t_sce_data_0
.data	0x00000028	0x40	t_sce/t_sce.cpp	local	lbl_t_sce_data_28	lbl_t_sce_data_28
.data	0x00000068	0x40	t_sce/t_sce.cpp	local	lbl_t_sce_data_68	lbl_t_sce_data_68
.data	0x000000A8	0x40	t_sce/t_sce.cpp	local	lbl_t_sce_data_A8	lbl_t_sce_data_A8
.data	0x000000E8	0x40	t_sce/t_sce.cpp	local	lbl_t_sce_data_E8	lbl_t_sce_data_E8
.data	0x00000128	0x40	t_sce/t_sce.cpp	local	lbl_t_sce_data_128	lbl_t_sce_data_128
.data	0x00000168	0x40	t_sce/t_sce.cpp	local	lbl_t_sce_data_168	lbl_t_sce_data_168
.data	0x000001A8	0xC	t_sce/t_sce.cpp	local	lbl_t_sce_data_1A8	lbl_t_sce_data_1A8
.data	0x000001B4	0x14	t_sce/t_sce.cpp	local	lbl_t_sce_data_1B4	lbl_t_sce_data_1B4
.data	0x000001C8	0x14	t_sce/t_sce.cpp	local	lbl_t_sce_data_1C8	lbl_t_sce_data_1C8
.data	0x000001DC	0x4	t_sce/t_sce.cpp	local	lbl_t_sce_data_1DC	lbl_t_sce_data_1DC
.data	0x000001E0	0x4	t_sce/t_sce.cpp	local	lbl_t_sce_data_1E0	lbl_t_sce_data_1E0
.data	0x000001E4	0x4	t_sce/t_sce.cpp	local	lbl_t_sce_data_1E4	lbl_t_sce_data_1E4
.data	0x000001E8	0x4	t_sce/t_sce.cpp	local	lbl_t_sce_data_1E8	lbl_t_sce_data_1E8
.data	0x000001EC	0x4	t_sce/t_sce.cpp	local	lbl_t_sce_data_1EC	lbl_t_sce_data_1EC
.data	0x000001F0	0x4	t_sce/t_sce.cpp	local	lbl_t_sce_data_1F0	lbl_t_sce_data_1F0
.data	0x000001F4	0x4	t_sce/t_sce.cpp	local	lbl_t_sce_data_1F4	lbl_t_sce_data_1F4
.data	0x000001F8	0x20	t_sce/t_sce.cpp	local	lbl_t_sce_data_1F8	lbl_t_sce_data_1F8
.data	0x00000218	0x18	t_sce/t_sce.cpp	local	lbl_t_sce_data_218	lbl_t_sce_data_218
.data	0x00000230	0x34	t_sce/t_sce.cpp	local	lbl_t_sce_data_230	lbl_t_sce_data_230
.data	0x00000264	0x30	t_sce/t_sce.cpp	local	lbl_t_sce_data_264	lbl_t_sce_data_264
.data	0x00000294	0x10	t_sce/t_sce.cpp	local	lbl_t_sce_data_294	lbl_t_sce_data_294
.data	0x000002A4	0x8	t_sce/t_sce.cpp	local	lbl_t_sce_data_2A4	lbl_t_sce_data_2A4
.data	0x000002AC	0x18	t_sce/t_sce.cpp	local	lbl_t_sce_data_2AC	lbl_t_sce_data_2AC
.data	0x000002C4	0xA0	t_sce/t_sce.cpp	local	lbl_t_sce_data_2C4	lbl_t_sce_data_2C4
.data	0x00000364	0x60	t_sce/t_sce.cpp	local	lbl_t_sce_data_364	lbl_t_sce_data_364
.data	0x000003C4	0x28	t_sce/t_sce.cpp	local	lbl_t_sce_data_3C4	lbl_t_sce_data_3C4
.data	0x000003EC	0x28	t_sce/t_sce.cpp	local	lbl_t_sce_data_3EC	lbl_t_sce_data_3EC
.data	0x00000414	0x18	t_sce/t_sce.cpp	local	lbl_t_sce_data_414	lbl_t_sce_data_414
.data	0x0000042C	0x8	t_sce/t_sce.cpp	local	lbl_t_sce_data_42C	lbl_t_sce_data_42C
.data	0x00000434	0x4	t_sce/t_sce.cpp	local	lbl_t_sce_data_434	lbl_t_sce_data_434
.data	0x00000438	0x40	t_sce/t_sce.cpp	local	lbl_t_sce_data_438	lbl_t_sce_data_438
.data	0x00000478	0xC	t_sce/t_sce.cpp	local	lbl_t_sce_data_478	lbl_t_sce_data_478
.data	0x00000484	0x10	t_sce/t_sce.cpp	local	lbl_t_sce_data_484	lbl_t_sce_data_484
.data	0x00000494	0x4	t_sce/t_sce.cpp	local	lbl_t_sce_data_494	lbl_t_sce_data_494
.data	0x00000498	0x4	t_sce/t_sce.cpp	local	lbl_t_sce_data_498	lbl_t_sce_data_498
.data	0x0000049C	0x4	t_sce/t_sce.cpp	local	lbl_t_sce_data_49C	lbl_t_sce_data_49C
.data	0x000004A0	0x4	t_sce/t_sce.cpp	local	lbl_t_sce_data_4A0	lbl_t_sce_data_4A0
.data	0x000004A4	0x4	t_sce/t_sce.cpp	local	lbl_t_sce_data_4A4	lbl_t_sce_data_4A4
.data	0x000004A8	0x4	t_sce/t_sce.cpp	local	lbl_t_sce_data_4A8	lbl_t_sce_data_4A8
.data	0x000004AC	0x10	t_sce/t_sce.cpp	local	lbl_t_sce_data_4AC	lbl_t_sce_data_4AC
.data	0x000004BC	0x4	t_sce/t_sce.cpp	local	lbl_t_sce_data_4BC	lbl_t_sce_data_4BC
.data	0x000004C0	0x4	t_sce/t_sce.cpp	local	lbl_t_sce_data_4C0	lbl_t_sce_data_4C0
.data	0x000004C4	0x4	t_sce/t_sce.cpp	local	lbl_t_sce_data_4C4	lbl_t_sce_data_4C4
.data	0x000004C8	0x10	t_sce/t_sce.cpp	local	lbl_t_sce_data_4C8	lbl_t_sce_data_4C8
.data	0x000004D8	0x10	t_sce/t_sce.cpp	local	lbl_t_sce_data_4D8	lbl_t_sce_data_4D8
.data	0x000004E8	0x8	t_sce/t_sce.cpp	local	lbl_t_sce_data_4E8	lbl_t_sce_data_4E8
.data	0x000004F0	0x8	t_sce/t_sce.cpp	local	lbl_t_sce_data_4F0	lbl_t_sce_data_4F0
.data	0x000004F8	0x8	t_sce/t_sce.cpp	local	lbl_t_sce_data_4F8	lbl_t_sce_data_4F8
.data	0x00000500	0x18	t_sce/t_sce.cpp	local	lbl_t_sce_data_500	lbl_t_sce_data_500
.data	0x00000518	0x48	t_sce/t_sce.cpp	local	lbl_t_sce_data_518	lbl_t_sce_data_518
.data	0x00000560	0x6C	t_sce/t_sce.cpp	local	lbl_t_sce_data_560	lbl_t_sce_data_560
.data	0x000005CC	0xC	t_sce/t_sce.cpp	local	lbl_t_sce_data_5CC	lbl_t_sce_data_5CC
.data	0x000005D8	0x30	t_sce/t_sce.cpp	local	lbl_t_sce_data_5D8	lbl_t_sce_data_5D8
.data	0x00000608	0x24	t_sce/t_sce.cpp	local	lbl_t_sce_data_608	lbl_t_sce_data_608
.data	0x0000062C	0x24	t_sce/t_sce.cpp	local	lbl_t_sce_data_62C	lbl_t_sce_data_62C
.data	0x00000650	0x28	t_sce/t_sce.cpp	local	lbl_t_sce_data_650	lbl_t_sce_data_650
.data	0x00000678	0x54	t_sce/t_sce.cpp	local	lbl_t_sce_data_678	lbl_t_sce_data_678
.data	0x000006CC	0x18	t_sce/t_sce.cpp	local	lbl_t_sce_data_6CC	lbl_t_sce_data_6CC
.data	0x000006E4	0x24	t_sce/t_sce.cpp	local	lbl_t_sce_data_6E4	lbl_t_sce_data_6E4
.data	0x00000708	0x18	t_sce/t_sce.cpp	local	lbl_t_sce_data_708	lbl_t_sce_data_708
.data	0x00000720	0x24	t_sce/t_sce.cpp	local	lbl_t_sce_data_720	lbl_t_sce_data_720
.data	0x00000744	0x48	t_sce/t_sce.cpp	local	lbl_t_sce_data_744	lbl_t_sce_data_744
.data	0x0000078C	0x24	t_sce/t_sce.cpp	local	lbl_t_sce_data_78C	lbl_t_sce_data_78C
.data	0x000007B0	0x10	t_sce/t_sce.cpp	local	lbl_t_sce_data_7B0	lbl_t_sce_data_7B0
.data	0x000007C0	0x24	t_sce/t_sce.cpp	local	lbl_t_sce_data_7C0	lbl_t_sce_data_7C0
.data	0x000007E4	0x40	t_sce/t_sce.cpp	local	lbl_t_sce_data_7E4	lbl_t_sce_data_7E4
.data	0x00000824	0x60	t_sce/t_sce.cpp	local	lbl_t_sce_data_824	lbl_t_sce_data_824
.data	0x00000884	0xFC	t_sce/t_sce.cpp	local	lbl_t_sce_data_884	lbl_t_sce_data_884
.data	0x00000980	0xC	t_sce/t_sce.cpp	local	lbl_t_sce_data_980	lbl_t_sce_data_980
.data	0x0000098C	0xC	t_sce/t_sce.cpp	local	lbl_t_sce_data_98C	lbl_t_sce_data_98C
.data	0x00000998	0x9C	t_sce/t_sce.cpp	local	lbl_t_sce_data_998	lbl_t_sce_data_998
.data	0x00000A34	0x84	t_sce/t_sce.cpp	local	lbl_t_sce_data_A34	lbl_t_sce_data_A34
.data	0x00000AB8	0xC	t_sce/t_sce.cpp	local	lbl_t_sce_data_AB8	lbl_t_sce_data_AB8
.data	0x00000AC4	0x84	t_sce/t_sce.cpp	local	lbl_t_sce_data_AC4	lbl_t_sce_data_AC4
.data	0x00000B48	0x78	t_sce/t_sce.cpp	local	lbl_t_sce_data_B48	lbl_t_sce_data_B48
.data	0x00000BC0	0xA8	t_sce/t_sce.cpp	local	lbl_t_sce_data_BC0	lbl_t_sce_data_BC0
.data	0x00000C68	0x1C	t_sce/t_sce.cpp	local	lbl_t_sce_data_C68	lbl_t_sce_data_C68
.data	0x00000C84	0x144	t_sce/t_sce.cpp	local	lbl_t_sce_data_C84	lbl_t_sce_data_C84
.data	0x00000DC8	0x9C	t_sce/t_sce.cpp	local	lbl_t_sce_data_DC8	lbl_t_sce_data_DC8
.data	0x00000E64	0x6C	t_sce/t_sce.cpp	local	lbl_t_sce_data_E64	lbl_t_sce_data_E64
.data	0x00000ED0	0x6C	t_sce/t_sce.cpp	local	lbl_t_sce_data_ED0	lbl_t_sce_data_ED0
.data	0x00000F3C	0xCC	t_sce/t_sce.cpp	local	lbl_t_sce_data_F3C	lbl_t_sce_data_F3C
.data	0x00001008	0x6C	t_sce/t_sce.cpp	local	lbl_t_sce_data_1008	lbl_t_sce_data_1008
.data	0x00001074	0x90	t_sce/t_sce.cpp	local	lbl_t_sce_data_1074	lbl_t_sce_data_1074
.data	0x00001104	0x9C	t_sce/t_sce.cpp	local	lbl_t_sce_data_1104	lbl_t_sce_data_1104
.data	0x000011A0	0x24	t_sce/t_sce.cpp	local	lbl_t_sce_data_11A0	lbl_t_sce_data_11A0
.data	0x000011C4	0x24	t_sce/t_sce.cpp	local	lbl_t_sce_data_11C4	lbl_t_sce_data_11C4
.data	0x000011E8	0x18	t_sce/t_sce.cpp	local	lbl_t_sce_data_11E8	lbl_t_sce_data_11E8
.data	0x00001200	0x24	t_sce/t_sce.cpp	local	lbl_t_sce_data_1200	lbl_t_sce_data_1200
.data	0x00001224	0x18	t_sce/t_sce.cpp	local	lbl_t_sce_data_1224	lbl_t_sce_data_1224
.data	0x0000123C	0x24	t_sce/t_sce.cpp	local	lbl_t_sce_data_123C	lbl_t_sce_data_123C
.data	0x00001260	0x48	t_sce/t_sce.cpp	local	lbl_t_sce_data_1260	lbl_t_sce_data_1260
.data	0x000012A8	0x24	t_sce/t_sce.cpp	local	lbl_t_sce_data_12A8	lbl_t_sce_data_12A8
.data	0x000012CC	0x10	t_sce/t_sce.cpp	local	lbl_t_sce_data_12CC	lbl_t_sce_data_12CC
.data	0x000012DC	0x78	t_sce/t_sce.cpp	local	lbl_t_sce_data_12DC	lbl_t_sce_data_12DC
.data	0x00001354	0x84	t_sce/t_sce.cpp	local	lbl_t_sce_data_1354	lbl_t_sce_data_1354
.data	0x000013D8	0x28	t_sce/t_sce.cpp	local	lbl_t_sce_data_13D8	lbl_t_sce_data_13D8
.data	0x00001400	0x10	t_sce/t_sce.cpp	local	lbl_t_sce_data_1400	lbl_t_sce_data_1400
.data	0x00001410	0xC	t_sce/t_sce.cpp	local	lbl_t_sce_data_1410	lbl_t_sce_data_1410
.data	0x0000141C	0x24	t_sce/t_sce.cpp	local	lbl_t_sce_data_141C	lbl_t_sce_data_141C
.data	0x00001440	0x24	t_sce/t_sce.cpp	local	lbl_t_sce_data_1440	lbl_t_sce_data_1440
.data	0x00001464	0x24	t_sce/t_sce.cpp	local	lbl_t_sce_data_1464	lbl_t_sce_data_1464
.data	0x00001488	0x8	t_sce/t_sce.cpp	local	lbl_t_sce_data_1488	lbl_t_sce_data_1488
.data	0x00001490	0x4	t_sce/t_sce.cpp	local	lbl_t_sce_data_1490	lbl_t_sce_data_1490
.data	0x00001494	0x1	t_sce/t_sce.cpp	local	lbl_t_sce_data_1494	lbl_t_sce_data_1494
.data	0x00001495	0x3	t_sce/t_sce.cpp	local	lbl_t_sce_data_1495	lbl_t_sce_data_1495
.bss	0x00000000	0xC	t_sce/t_sce.cpp	global	lbl_t_sce_bss_0	lbl_t_sce_bss_0
.bss	0x0000000C	0xC	t_sce/t_sce.cpp	local	lbl_t_sce_bss_C	lbl_t_sce_bss_C
.bss	0x00000018	0x4	t_sce/t_sce.cpp	local	lbl_t_sce_bss_18	lbl_t_sce_bss_18
.bss	0x0000001C	0xC	t_sce/t_sce.cpp	local	lbl_t_sce_bss_1C	lbl_t_sce_bss_1C
.bss	0x00000028	0x3	t_sce/t_sce.cpp	local	lbl_t_sce_bss_28	lbl_t_sce_bss_28
.bss	0x0000002B	0x1	t_sce/t_sce.cpp	local	lbl_t_sce_bss_2B	lbl_t_sce_bss_2B
.bss	0x0000002C	0x4	t_sce/t_sce.cpp	local	lbl_t_sce_bss_2C	lbl_t_sce_bss_2C
.bss	0x00000030	0x20	t_sce/t_sce.cpp	local	lbl_t_sce_bss_30	lbl_t_sce_bss_30
.bss	0x00000050	0x8	t_sce/t_sce.cpp	local	lbl_t_sce_bss_50	lbl_t_sce_bss_50
.bss	0x00000058	0x3	t_sce/t_sce.cpp	local	lbl_t_sce_bss_58	lbl_t_sce_bss_58
.bss	0x0000005B	0x1	t_sce/t_sce.cpp	local	lbl_t_sce_bss_5B	lbl_t_sce_bss_5B
.bss	0x0000005C	0x4	t_sce/t_sce.cpp	local	lbl_t_sce_bss_5C	lbl_t_sce_bss_5C
.bss	0x00000060	0x20	t_sce/t_sce.cpp	local	lbl_t_sce_bss_60	lbl_t_sce_bss_60
.bss	0x00000080	0x8	t_sce/t_sce.cpp	local	lbl_t_sce_bss_80	lbl_t_sce_bss_80
.bss	0x00000088	0x4	t_sce/t_sce.cpp	local	lbl_t_sce_bss_88	lbl_t_sce_bss_88
.bss	0x0000008C	0x4	t_sce/t_sce.cpp	local	lbl_t_sce_bss_8C	lbl_t_sce_bss_8C
.bss	0x00000090	0x4	t_sce/t_sce.cpp	local	lbl_t_sce_bss_90	lbl_t_sce_bss_90
.bss	0x00000094	0x4	t_sce/t_sce.cpp	local	lbl_t_sce_bss_94	lbl_t_sce_bss_94
.bss	0x00000098	0x4	t_sce/t_sce.cpp	local	lbl_t_sce_bss_98	lbl_t_sce_bss_98
.bss	0x0000009C	0x4	t_sce/t_sce.cpp	local	lbl_t_sce_bss_9C	lbl_t_sce_bss_9C
.bss	0x000000A0	0x4	t_sce/t_sce.cpp	local	lbl_t_sce_bss_A0	lbl_t_sce_bss_A0
.bss	0x000000A4	0x4	t_sce/t_sce.cpp	local	lbl_t_sce_bss_A4	lbl_t_sce_bss_A4
.bss	0x000000A8	0x1C	t_sce/t_sce.cpp	local	lbl_t_sce_bss_A8	lbl_t_sce_bss_A8
.bss	0x000000C4	0x4	t_sce/t_sce.cpp	local	lbl_t_sce_bss_C4	lbl_t_sce_bss_C4
.bss	0x000000C8	0x4	t_sce/t_sce.cpp	local	lbl_t_sce_bss_C8	lbl_t_sce_bss_C8
.bss	0x000000CC	0x4	t_sce/t_sce.cpp	local	lbl_t_sce_bss_CC	lbl_t_sce_bss_CC
.bss	0x000000D0	0x20	t_sce/t_sce.cpp	local	lbl_t_sce_bss_D0	lbl_t_sce_bss_D0
.bss	0x000000F0	0x4000	t_sce/t_sce.cpp	local	lbl_t_sce_bss_F0	lbl_t_sce_bss_F0
.bss	0x000040F0	0x4	t_sce/t_sce.cpp	local	lbl_t_sce_bss_40F0	lbl_t_sce_bss_40F0
.bss	0x000040F4	0x4	t_sce/t_sce.cpp	local	lbl_t_sce_bss_40F4	lbl_t_sce_bss_40F4
.bss	0x000040F8	0x4	t_sce/t_sce.cpp	local	lbl_t_sce_bss_40F8	lbl_t_sce_bss_40F8
.bss	0x000040FC	0xF8	t_sce/t_sce.cpp	local	lbl_t_sce_bss_40FC	lbl_t_sce_bss_40FC
.bss	0x000041F4	0x10	t_sce/t_sce.cpp	global	lbl_t_sce_bss_41F4	lbl_t_sce_bss_41F4
.bss	0x00004204	0x4	t_sce/t_sce.cpp	global	lbl_t_sce_bss_4204	lbl_t_sce_bss_4204
.bss	0x00004208	0x4	t_sce/t_sce.cpp	global	lbl_t_sce_bss_4208	lbl_t_sce_bss_4208
.bss	0x0000420C	0x4	t_sce/t_sce.cpp	global	lbl_t_sce_bss_420C	lbl_t_sce_bss_420C
.bss	0x00004210	0x10	t_sce/t_sce.cpp	global	lbl_t_sce_bss_4210	lbl_t_sce_bss_4210
.bss	0x00004220	0x34	t_sce/t_sce.cpp	global	common_t_sce	common_t_sce
